timestamp	scope	variant	tile_id	tile_h	tile_w	input_h	input_w	halo	harts	passes	wait_s	total_wait_s	gops_full_image	gops_executed	ops_useful	ops_executed	max_abs	mean_abs	allclose	bit_exact	output_hash	reference_hash	status	remote_work	local_run_dir	flags	macros
2026-05-02T23:10:52	tile	a2_tile104_f9t_pfw_align128	6	64	64	104	104	20	16	1	5.682950			0.000000		0	0	0	0	1	0x00000000	0x00000000	fail	/root/afonso/zephyr-u-mode/zephyr-emlearn-silicon-v2/erbium-amp-probe/luxonis-real-dncnn/tiled-fp32/a2_tile104_f9t_pfw_align128_20260502-230942	/home/afonso/zephyr/local-artifacts/erbium_amp_probe/luxonis-real-dncnn/tiled-fp32/runs/a2_tile104_f9t_pfw_align128_20260502-230942	-O3 -funroll-loops -falign-functions=128 -falign-loops=128 -fno-tree-loop-distribute-patterns -fno-tree-loop-vectorize	DNCNN_VPU_FUSED9TAP=1,DNCNN_VPU_PREFETCH_READ_WINDOW=1
2026-05-02T23:10:52	partial	a2_tile104_f9t_pfw_align128		64	64			20	16	1		5.682950	17.965763	0.000000	102098534400	0	0.982123554	0.475055128	0	0			partial	/root/afonso/zephyr-u-mode/zephyr-emlearn-silicon-v2/erbium-amp-probe/luxonis-real-dncnn/tiled-fp32/a2_tile104_f9t_pfw_align128_20260502-230942	/home/afonso/zephyr/local-artifacts/erbium_amp_probe/luxonis-real-dncnn/tiled-fp32/runs/a2_tile104_f9t_pfw_align128_20260502-230942	-O3 -funroll-loops -falign-functions=128 -falign-loops=128 -fno-tree-loop-distribute-patterns -fno-tree-loop-vectorize	DNCNN_VPU_FUSED9TAP=1,DNCNN_VPU_PREFETCH_READ_WINDOW=1
2026-05-02T23:14:56	tile	a2_tile104_f9t_pfw_align128	6	64	64	104	104	20	16	1	5.682690			2.530294		14378876928	3.87430191e-07	8.35389073e-08	1	0	0x00000000	0x00000000	ok_stream_error	/root/afonso/zephyr-u-mode/zephyr-emlearn-silicon-v2/erbium-amp-probe/luxonis-real-dncnn/tiled-fp32/a2_tile104_f9t_pfw_align128_20260502-231341	/home/afonso/zephyr/local-artifacts/erbium_amp_probe/luxonis-real-dncnn/tiled-fp32/runs/a2_tile104_f9t_pfw_align128_20260502-231341	-O3 -funroll-loops -falign-functions=128 -falign-loops=128 -fno-tree-loop-distribute-patterns -fno-tree-loop-vectorize	DNCNN_VPU_FUSED9TAP=1,DNCNN_VPU_PREFETCH_READ_WINDOW=1
2026-05-02T23:14:56	partial	a2_tile104_f9t_pfw_align128		64	64			20	16	1		5.682690	17.966585	2.530294	102098534400	14378876928	0.982123554	0.475055128	0	0			partial	/root/afonso/zephyr-u-mode/zephyr-emlearn-silicon-v2/erbium-amp-probe/luxonis-real-dncnn/tiled-fp32/a2_tile104_f9t_pfw_align128_20260502-231341	/home/afonso/zephyr/local-artifacts/erbium_amp_probe/luxonis-real-dncnn/tiled-fp32/runs/a2_tile104_f9t_pfw_align128_20260502-231341	-O3 -funroll-loops -falign-functions=128 -falign-loops=128 -fno-tree-loop-distribute-patterns -fno-tree-loop-vectorize	DNCNN_VPU_FUSED9TAP=1,DNCNN_VPU_PREFETCH_READ_WINDOW=1
2026-05-02T23:25:49	tile	a3_tiled64_halo20_f9t_pfw_align128	0	64	64	84	84	20	16	1	3.989310			2.351360		9380302848	7.67409801e-07	8.81368578e-08	1	0	0x00000000	0x00000000	ok_stream_error	/root/afonso/zephyr-u-mode/zephyr-emlearn-silicon-v2/erbium-amp-probe/luxonis-real-dncnn/tiled-fp32/a3_tiled64_halo20_f9t_pfw_align128_20260502-231506	/home/afonso/zephyr/local-artifacts/erbium_amp_probe/luxonis-real-dncnn/tiled-fp32/runs/a3_tiled64_halo20_f9t_pfw_align128_20260502-231506	-O3 -funroll-loops -falign-functions=128 -falign-loops=128 -fno-tree-loop-distribute-patterns -fno-tree-loop-vectorize	DNCNN_VPU_FUSED9TAP=1,DNCNN_VPU_PREFETCH_READ_WINDOW=1
2026-05-02T23:25:49	tile	a3_tiled64_halo20_f9t_pfw_align128	1	64	64	84	104	20	16	1	4.973270			2.335226		11613708288	8.12113285e-07	8.54429345e-08	1	0	0x00000000	0x00000000	ok_stream_error	/root/afonso/zephyr-u-mode/zephyr-emlearn-silicon-v2/erbium-amp-probe/luxonis-real-dncnn/tiled-fp32/a3_tiled64_halo20_f9t_pfw_align128_20260502-231506	/home/afonso/zephyr/local-artifacts/erbium_amp_probe/luxonis-real-dncnn/tiled-fp32/runs/a3_tiled64_halo20_f9t_pfw_align128_20260502-231506	-O3 -funroll-loops -falign-functions=128 -falign-loops=128 -fno-tree-loop-distribute-patterns -fno-tree-loop-vectorize	DNCNN_VPU_FUSED9TAP=1,DNCNN_VPU_PREFETCH_READ_WINDOW=1
2026-05-02T23:25:49	tile	a3_tiled64_halo20_f9t_pfw_align128	2	64	64	84	104	20	16	1	4.974200			2.334789		11613708288	5.36441803e-07	8.52019184e-08	1	0	0x00000000	0x00000000	ok_stream_error	/root/afonso/zephyr-u-mode/zephyr-emlearn-silicon-v2/erbium-amp-probe/luxonis-real-dncnn/tiled-fp32/a3_tiled64_halo20_f9t_pfw_align128_20260502-231506	/home/afonso/zephyr/local-artifacts/erbium_amp_probe/luxonis-real-dncnn/tiled-fp32/runs/a3_tiled64_halo20_f9t_pfw_align128_20260502-231506	-O3 -funroll-loops -falign-functions=128 -falign-loops=128 -fno-tree-loop-distribute-patterns -fno-tree-loop-vectorize	DNCNN_VPU_FUSED9TAP=1,DNCNN_VPU_PREFETCH_READ_WINDOW=1
2026-05-02T23:25:49	tile	a3_tiled64_halo20_f9t_pfw_align128	3	64	64	84	104	20	16	1	4.973110			2.335301		11613708288	5.06639481e-07	8.48526724e-08	1	0	0x00000000	0x00000000	ok_stream_error	/root/afonso/zephyr-u-mode/zephyr-emlearn-silicon-v2/erbium-amp-probe/luxonis-real-dncnn/tiled-fp32/a3_tiled64_halo20_f9t_pfw_align128_20260502-231506	/home/afonso/zephyr/local-artifacts/erbium_amp_probe/luxonis-real-dncnn/tiled-fp32/runs/a3_tiled64_halo20_f9t_pfw_align128_20260502-231506	-O3 -funroll-loops -falign-functions=128 -falign-loops=128 -fno-tree-loop-distribute-patterns -fno-tree-loop-vectorize	DNCNN_VPU_FUSED9TAP=1,DNCNN_VPU_PREFETCH_READ_WINDOW=1
2026-05-02T23:25:49	tile	a3_tiled64_halo20_f9t_pfw_align128	4	64	64	84	84	20	16	1	3.989000			2.351542		9380302848	6.70552254e-07	8.70281838e-08	1	0	0x00000000	0x00000000	ok_stream_error	/root/afonso/zephyr-u-mode/zephyr-emlearn-silicon-v2/erbium-amp-probe/luxonis-real-dncnn/tiled-fp32/a3_tiled64_halo20_f9t_pfw_align128_20260502-231506	/home/afonso/zephyr/local-artifacts/erbium_amp_probe/luxonis-real-dncnn/tiled-fp32/runs/a3_tiled64_halo20_f9t_pfw_align128_20260502-231506	-O3 -funroll-loops -falign-functions=128 -falign-loops=128 -fno-tree-loop-distribute-patterns -fno-tree-loop-vectorize	DNCNN_VPU_FUSED9TAP=1,DNCNN_VPU_PREFETCH_READ_WINDOW=1
2026-05-02T23:25:49	tile	a3_tiled64_halo20_f9t_pfw_align128	5	64	64	104	84	20	16	1	4.654680			2.495061		11613708288	5.51342964e-07	8.45702743e-08	1	0	0x00000000	0x00000000	ok_stream_error	/root/afonso/zephyr-u-mode/zephyr-emlearn-silicon-v2/erbium-amp-probe/luxonis-real-dncnn/tiled-fp32/a3_tiled64_halo20_f9t_pfw_align128_20260502-231506	/home/afonso/zephyr/local-artifacts/erbium_amp_probe/luxonis-real-dncnn/tiled-fp32/runs/a3_tiled64_halo20_f9t_pfw_align128_20260502-231506	-O3 -funroll-loops -falign-functions=128 -falign-loops=128 -fno-tree-loop-distribute-patterns -fno-tree-loop-vectorize	DNCNN_VPU_FUSED9TAP=1,DNCNN_VPU_PREFETCH_READ_WINDOW=1
2026-05-02T23:25:49	tile	a3_tiled64_halo20_f9t_pfw_align128	6	64	64	104	104	20	16	1	5.684050			2.529689		14378876928	3.87430191e-07	8.35389073e-08	1	0	0x00000000	0x00000000	ok_stream_error	/root/afonso/zephyr-u-mode/zephyr-emlearn-silicon-v2/erbium-amp-probe/luxonis-real-dncnn/tiled-fp32/a3_tiled64_halo20_f9t_pfw_align128_20260502-231506	/home/afonso/zephyr/local-artifacts/erbium_amp_probe/luxonis-real-dncnn/tiled-fp32/runs/a3_tiled64_halo20_f9t_pfw_align128_20260502-231506	-O3 -funroll-loops -falign-functions=128 -falign-loops=128 -fno-tree-loop-distribute-patterns -fno-tree-loop-vectorize	DNCNN_VPU_FUSED9TAP=1,DNCNN_VPU_PREFETCH_READ_WINDOW=1
2026-05-02T23:25:49	tile	a3_tiled64_halo20_f9t_pfw_align128	7	64	64	104	104	20	16	1	5.681200			2.530958		14378876928	3.87430191e-07	8.30650606e-08	1	0	0x00000000	0x00000000	ok_stream_error	/root/afonso/zephyr-u-mode/zephyr-emlearn-silicon-v2/erbium-amp-probe/luxonis-real-dncnn/tiled-fp32/a3_tiled64_halo20_f9t_pfw_align128_20260502-231506	/home/afonso/zephyr/local-artifacts/erbium_amp_probe/luxonis-real-dncnn/tiled-fp32/runs/a3_tiled64_halo20_f9t_pfw_align128_20260502-231506	-O3 -funroll-loops -falign-functions=128 -falign-loops=128 -fno-tree-loop-distribute-patterns -fno-tree-loop-vectorize	DNCNN_VPU_FUSED9TAP=1,DNCNN_VPU_PREFETCH_READ_WINDOW=1
2026-05-02T23:25:49	tile	a3_tiled64_halo20_f9t_pfw_align128	8	64	64	104	104	20	16	1	5.682720			2.530281		14378876928	3.87430191e-07	8.35007086e-08	1	0	0x00000000	0x00000000	ok_stream_error	/root/afonso/zephyr-u-mode/zephyr-emlearn-silicon-v2/erbium-amp-probe/luxonis-real-dncnn/tiled-fp32/a3_tiled64_halo20_f9t_pfw_align128_20260502-231506	/home/afonso/zephyr/local-artifacts/erbium_amp_probe/luxonis-real-dncnn/tiled-fp32/runs/a3_tiled64_halo20_f9t_pfw_align128_20260502-231506	-O3 -funroll-loops -falign-functions=128 -falign-loops=128 -fno-tree-loop-distribute-patterns -fno-tree-loop-vectorize	DNCNN_VPU_FUSED9TAP=1,DNCNN_VPU_PREFETCH_READ_WINDOW=1
2026-05-02T23:25:49	tile	a3_tiled64_halo20_f9t_pfw_align128	9	64	64	104	84	20	16	1	4.654060			2.495393		11613708288	4.73111868e-07	8.42305781e-08	1	0	0x00000000	0x00000000	ok_stream_error	/root/afonso/zephyr-u-mode/zephyr-emlearn-silicon-v2/erbium-amp-probe/luxonis-real-dncnn/tiled-fp32/a3_tiled64_halo20_f9t_pfw_align128_20260502-231506	/home/afonso/zephyr/local-artifacts/erbium_amp_probe/luxonis-real-dncnn/tiled-fp32/runs/a3_tiled64_halo20_f9t_pfw_align128_20260502-231506	-O3 -funroll-loops -falign-functions=128 -falign-loops=128 -fno-tree-loop-distribute-patterns -fno-tree-loop-vectorize	DNCNN_VPU_FUSED9TAP=1,DNCNN_VPU_PREFETCH_READ_WINDOW=1
2026-05-02T23:25:49	tile	a3_tiled64_halo20_f9t_pfw_align128	10	64	64	104	84	20	16	1	4.652970			2.495977		11613708288	4.76837158e-07	8.44270289e-08	1	0	0x00000000	0x00000000	ok_stream_error	/root/afonso/zephyr-u-mode/zephyr-emlearn-silicon-v2/erbium-amp-probe/luxonis-real-dncnn/tiled-fp32/a3_tiled64_halo20_f9t_pfw_align128_20260502-231506	/home/afonso/zephyr/local-artifacts/erbium_amp_probe/luxonis-real-dncnn/tiled-fp32/runs/a3_tiled64_halo20_f9t_pfw_align128_20260502-231506	-O3 -funroll-loops -falign-functions=128 -falign-loops=128 -fno-tree-loop-distribute-patterns -fno-tree-loop-vectorize	DNCNN_VPU_FUSED9TAP=1,DNCNN_VPU_PREFETCH_READ_WINDOW=1
2026-05-02T23:25:49	tile	a3_tiled64_halo20_f9t_pfw_align128	11	64	64	104	104	20	16	1	5.681700			2.530735		14378876928	3.87430191e-07	8.3337909e-08	1	0	0x00000000	0x00000000	ok_stream_error	/root/afonso/zephyr-u-mode/zephyr-emlearn-silicon-v2/erbium-amp-probe/luxonis-real-dncnn/tiled-fp32/a3_tiled64_halo20_f9t_pfw_align128_20260502-231506	/home/afonso/zephyr/local-artifacts/erbium_amp_probe/luxonis-real-dncnn/tiled-fp32/runs/a3_tiled64_halo20_f9t_pfw_align128_20260502-231506	-O3 -funroll-loops -falign-functions=128 -falign-loops=128 -fno-tree-loop-distribute-patterns -fno-tree-loop-vectorize	DNCNN_VPU_FUSED9TAP=1,DNCNN_VPU_PREFETCH_READ_WINDOW=1
2026-05-02T23:25:49	tile	a3_tiled64_halo20_f9t_pfw_align128	12	64	64	104	104	20	16	1	5.681660			2.530753		14378876928	3.87430191e-07	8.35389073e-08	1	0	0x00000000	0x00000000	ok_stream_error	/root/afonso/zephyr-u-mode/zephyr-emlearn-silicon-v2/erbium-amp-probe/luxonis-real-dncnn/tiled-fp32/a3_tiled64_halo20_f9t_pfw_align128_20260502-231506	/home/afonso/zephyr/local-artifacts/erbium_amp_probe/luxonis-real-dncnn/tiled-fp32/runs/a3_tiled64_halo20_f9t_pfw_align128_20260502-231506	-O3 -funroll-loops -falign-functions=128 -falign-loops=128 -fno-tree-loop-distribute-patterns -fno-tree-loop-vectorize	DNCNN_VPU_FUSED9TAP=1,DNCNN_VPU_PREFETCH_READ_WINDOW=1
2026-05-02T23:25:49	tile	a3_tiled64_halo20_f9t_pfw_align128	13	64	64	104	104	20	16	1	5.681350			2.530891		14378876928	3.87430191e-07	8.30650606e-08	1	0	0x00000000	0x00000000	ok_stream_error	/root/afonso/zephyr-u-mode/zephyr-emlearn-silicon-v2/erbium-amp-probe/luxonis-real-dncnn/tiled-fp32/a3_tiled64_halo20_f9t_pfw_align128_20260502-231506	/home/afonso/zephyr/local-artifacts/erbium_amp_probe/luxonis-real-dncnn/tiled-fp32/runs/a3_tiled64_halo20_f9t_pfw_align128_20260502-231506	-O3 -funroll-loops -falign-functions=128 -falign-loops=128 -fno-tree-loop-distribute-patterns -fno-tree-loop-vectorize	DNCNN_VPU_FUSED9TAP=1,DNCNN_VPU_PREFETCH_READ_WINDOW=1
2026-05-02T23:25:49	tile	a3_tiled64_halo20_f9t_pfw_align128	14	64	64	104	84	20	16	1	4.657310			2.493652		11613708288	6.55651093e-07	8.58622116e-08	1	0	0x00000000	0x00000000	ok_stream_error	/root/afonso/zephyr-u-mode/zephyr-emlearn-silicon-v2/erbium-amp-probe/luxonis-real-dncnn/tiled-fp32/a3_tiled64_halo20_f9t_pfw_align128_20260502-231506	/home/afonso/zephyr/local-artifacts/erbium_amp_probe/luxonis-real-dncnn/tiled-fp32/runs/a3_tiled64_halo20_f9t_pfw_align128_20260502-231506	-O3 -funroll-loops -falign-functions=128 -falign-loops=128 -fno-tree-loop-distribute-patterns -fno-tree-loop-vectorize	DNCNN_VPU_FUSED9TAP=1,DNCNN_VPU_PREFETCH_READ_WINDOW=1
2026-05-02T23:25:49	tile	a3_tiled64_halo20_f9t_pfw_align128	15	64	64	68	84	20	16	1	3.389350			2.240423		7593578496	8.94069672e-07	8.64353424e-08	1	0	0x00000000	0x00000000	ok_stream_error	/root/afonso/zephyr-u-mode/zephyr-emlearn-silicon-v2/erbium-amp-probe/luxonis-real-dncnn/tiled-fp32/a3_tiled64_halo20_f9t_pfw_align128_20260502-231506	/home/afonso/zephyr/local-artifacts/erbium_amp_probe/luxonis-real-dncnn/tiled-fp32/runs/a3_tiled64_halo20_f9t_pfw_align128_20260502-231506	-O3 -funroll-loops -falign-functions=128 -falign-loops=128 -fno-tree-loop-distribute-patterns -fno-tree-loop-vectorize	DNCNN_VPU_FUSED9TAP=1,DNCNN_VPU_PREFETCH_READ_WINDOW=1
2026-05-02T23:25:49	tile	a3_tiled64_halo20_f9t_pfw_align128	16	64	64	68	104	20	16	1	4.209690			2.233317		9401573376	4.84287739e-07	8.5155385e-08	1	0	0x00000000	0x00000000	ok_stream_error	/root/afonso/zephyr-u-mode/zephyr-emlearn-silicon-v2/erbium-amp-probe/luxonis-real-dncnn/tiled-fp32/a3_tiled64_halo20_f9t_pfw_align128_20260502-231506	/home/afonso/zephyr/local-artifacts/erbium_amp_probe/luxonis-real-dncnn/tiled-fp32/runs/a3_tiled64_halo20_f9t_pfw_align128_20260502-231506	-O3 -funroll-loops -falign-functions=128 -falign-loops=128 -fno-tree-loop-distribute-patterns -fno-tree-loop-vectorize	DNCNN_VPU_FUSED9TAP=1,DNCNN_VPU_PREFETCH_READ_WINDOW=1
2026-05-02T23:25:49	tile	a3_tiled64_halo20_f9t_pfw_align128	17	64	64	68	104	20	16	1	4.209120			2.233620		9401573376	4.76837158e-07	8.47861301e-08	1	0	0x00000000	0x00000000	ok_stream_error	/root/afonso/zephyr-u-mode/zephyr-emlearn-silicon-v2/erbium-amp-probe/luxonis-real-dncnn/tiled-fp32/a3_tiled64_halo20_f9t_pfw_align128_20260502-231506	/home/afonso/zephyr/local-artifacts/erbium_amp_probe/luxonis-real-dncnn/tiled-fp32/runs/a3_tiled64_halo20_f9t_pfw_align128_20260502-231506	-O3 -funroll-loops -falign-functions=128 -falign-loops=128 -fno-tree-loop-distribute-patterns -fno-tree-loop-vectorize	DNCNN_VPU_FUSED9TAP=1,DNCNN_VPU_PREFETCH_READ_WINDOW=1
2026-05-02T23:25:49	tile	a3_tiled64_halo20_f9t_pfw_align128	18	64	64	68	104	20	16	1	4.209560			2.233386		9401573376	4.47034836e-07	8.548826e-08	1	0	0x00000000	0x00000000	ok_stream_error	/root/afonso/zephyr-u-mode/zephyr-emlearn-silicon-v2/erbium-amp-probe/luxonis-real-dncnn/tiled-fp32/a3_tiled64_halo20_f9t_pfw_align128_20260502-231506	/home/afonso/zephyr/local-artifacts/erbium_amp_probe/luxonis-real-dncnn/tiled-fp32/runs/a3_tiled64_halo20_f9t_pfw_align128_20260502-231506	-O3 -funroll-loops -falign-functions=128 -falign-loops=128 -fno-tree-loop-distribute-patterns -fno-tree-loop-vectorize	DNCNN_VPU_FUSED9TAP=1,DNCNN_VPU_PREFETCH_READ_WINDOW=1
2026-05-02T23:25:49	tile	a3_tiled64_halo20_f9t_pfw_align128	19	64	64	68	84	20	16	1	3.389390			2.240397		7593578496	7.15255737e-07	8.65857146e-08	1	0	0x00000000	0x00000000	ok_stream_error	/root/afonso/zephyr-u-mode/zephyr-emlearn-silicon-v2/erbium-amp-probe/luxonis-real-dncnn/tiled-fp32/a3_tiled64_halo20_f9t_pfw_align128_20260502-231506	/home/afonso/zephyr/local-artifacts/erbium_amp_probe/luxonis-real-dncnn/tiled-fp32/runs/a3_tiled64_halo20_f9t_pfw_align128_20260502-231506	-O3 -funroll-loops -falign-functions=128 -falign-loops=128 -fno-tree-loop-distribute-patterns -fno-tree-loop-vectorize	DNCNN_VPU_FUSED9TAP=1,DNCNN_VPU_PREFETCH_READ_WINDOW=1
2026-05-02T23:25:49	full	a3_tiled64_halo20_f9t_pfw_align128		64	64			20	16	1		95.017700	1.074521	2.417673	102098534400	229721702400	8.94069672e-07	8.48606589e-08	1	0			ok	/root/afonso/zephyr-u-mode/zephyr-emlearn-silicon-v2/erbium-amp-probe/luxonis-real-dncnn/tiled-fp32/a3_tiled64_halo20_f9t_pfw_align128_20260502-231506	/home/afonso/zephyr/local-artifacts/erbium_amp_probe/luxonis-real-dncnn/tiled-fp32/runs/a3_tiled64_halo20_f9t_pfw_align128_20260502-231506	-O3 -funroll-loops -falign-functions=128 -falign-loops=128 -fno-tree-loop-distribute-patterns -fno-tree-loop-vectorize	DNCNN_VPU_FUSED9TAP=1,DNCNN_VPU_PREFETCH_READ_WINDOW=1
2026-05-02T23:33:20	tile	a4_geom120x160_h20_f9t_pfw_align128	0	120	160	140	180	20	16	1	12.641900			2.650004		33501081600	8.12113285e-07	8.54289581e-08	1	0	0x00000000	0x00000000	ok_stream_error	/root/afonso/zephyr-u-mode/zephyr-emlearn-silicon-v2/erbium-amp-probe/luxonis-real-dncnn/tiled-fp32-120x160-h20/a4_geom120x160_h20_f9t_pfw_align128_20260502-232923	local-artifacts/erbium_amp_probe/luxonis-real-dncnn/tiled-fp32-120x160-h20/runs/a4_geom120x160_h20_f9t_pfw_align128_20260502-232923	-O3 -funroll-loops -falign-functions=128 -falign-loops=128 -fno-tree-loop-distribute-patterns -fno-tree-loop-vectorize	DNCNN_VPU_FUSED9TAP=1,DNCNN_VPU_PREFETCH_READ_WINDOW=1
2026-05-02T23:33:20	tile	a4_geom120x160_h20_f9t_pfw_align128	1	120	160	140	180	20	16	1	12.642100			2.649962		33501081600	6.70552254e-07	8.47121342e-08	1	0	0x00000000	0x00000000	ok_stream_error	/root/afonso/zephyr-u-mode/zephyr-emlearn-silicon-v2/erbium-amp-probe/luxonis-real-dncnn/tiled-fp32-120x160-h20/a4_geom120x160_h20_f9t_pfw_align128_20260502-232923	local-artifacts/erbium_amp_probe/luxonis-real-dncnn/tiled-fp32-120x160-h20/runs/a4_geom120x160_h20_f9t_pfw_align128_20260502-232923	-O3 -funroll-loops -falign-functions=128 -falign-loops=128 -fno-tree-loop-distribute-patterns -fno-tree-loop-vectorize	DNCNN_VPU_FUSED9TAP=1,DNCNN_VPU_PREFETCH_READ_WINDOW=1
2026-05-02T23:33:20	tile	a4_geom120x160_h20_f9t_pfw_align128	2	120	160	140	180	20	16	1	12.640900			2.650213		33501081600	8.94069672e-07	8.45306189e-08	1	0	0x00000000	0x00000000	ok_stream_error	/root/afonso/zephyr-u-mode/zephyr-emlearn-silicon-v2/erbium-amp-probe/luxonis-real-dncnn/tiled-fp32-120x160-h20/a4_geom120x160_h20_f9t_pfw_align128_20260502-232923	local-artifacts/erbium_amp_probe/luxonis-real-dncnn/tiled-fp32-120x160-h20/runs/a4_geom120x160_h20_f9t_pfw_align128_20260502-232923	-O3 -funroll-loops -falign-functions=128 -falign-loops=128 -fno-tree-loop-distribute-patterns -fno-tree-loop-vectorize	DNCNN_VPU_FUSED9TAP=1,DNCNN_VPU_PREFETCH_READ_WINDOW=1
2026-05-02T23:33:20	tile	a4_geom120x160_h20_f9t_pfw_align128	3	120	160	140	180	20	16	1	12.642700			2.649836		33501081600	7.15255737e-07	8.47709245e-08	1	0	0x00000000	0x00000000	ok_stream_error	/root/afonso/zephyr-u-mode/zephyr-emlearn-silicon-v2/erbium-amp-probe/luxonis-real-dncnn/tiled-fp32-120x160-h20/a4_geom120x160_h20_f9t_pfw_align128_20260502-232923	local-artifacts/erbium_amp_probe/luxonis-real-dncnn/tiled-fp32-120x160-h20/runs/a4_geom120x160_h20_f9t_pfw_align128_20260502-232923	-O3 -funroll-loops -falign-functions=128 -falign-loops=128 -fno-tree-loop-distribute-patterns -fno-tree-loop-vectorize	DNCNN_VPU_FUSED9TAP=1,DNCNN_VPU_PREFETCH_READ_WINDOW=1
2026-05-02T23:33:20	full	a4_geom120x160_h20_f9t_pfw_align128		120	160			20	16	1		50.567600	2.019050	2.650004	102098534400	134004326400	8.94069672e-07	8.48606589e-08	1	0			ok	/root/afonso/zephyr-u-mode/zephyr-emlearn-silicon-v2/erbium-amp-probe/luxonis-real-dncnn/tiled-fp32-120x160-h20/a4_geom120x160_h20_f9t_pfw_align128_20260502-232923	local-artifacts/erbium_amp_probe/luxonis-real-dncnn/tiled-fp32-120x160-h20/runs/a4_geom120x160_h20_f9t_pfw_align128_20260502-232923	-O3 -funroll-loops -falign-functions=128 -falign-loops=128 -fno-tree-loop-distribute-patterns -fno-tree-loop-vectorize	DNCNN_VPU_FUSED9TAP=1,DNCNN_VPU_PREFETCH_READ_WINDOW=1
2026-05-02T23:37:49	tile	a4_geom128x160_h20_f9t_pfw_align128	0	128	160	148	180	20	16	1	13.751900			2.575312		35415429120	8.12113285e-07	8.53094235e-08	1	0	0x00000000	0x00000000	ok_stream_error	/root/afonso/zephyr-u-mode/zephyr-emlearn-silicon-v2/erbium-amp-probe/luxonis-real-dncnn/tiled-fp32-128x160-h20/a4_geom128x160_h20_f9t_pfw_align128_20260502-233330	local-artifacts/erbium_amp_probe/luxonis-real-dncnn/tiled-fp32-128x160-h20/runs/a4_geom128x160_h20_f9t_pfw_align128_20260502-233330	-O3 -funroll-loops -falign-functions=128 -falign-loops=128 -fno-tree-loop-distribute-patterns -fno-tree-loop-vectorize	DNCNN_VPU_FUSED9TAP=1,DNCNN_VPU_PREFETCH_READ_WINDOW=1
2026-05-02T23:37:49	tile	a4_geom128x160_h20_f9t_pfw_align128	1	128	160	148	180	20	16	1	13.752800			2.575143		35415429120	6.70552254e-07	8.46041956e-08	1	0	0x00000000	0x00000000	ok_stream_error	/root/afonso/zephyr-u-mode/zephyr-emlearn-silicon-v2/erbium-amp-probe/luxonis-real-dncnn/tiled-fp32-128x160-h20/a4_geom128x160_h20_f9t_pfw_align128_20260502-233330	local-artifacts/erbium_amp_probe/luxonis-real-dncnn/tiled-fp32-128x160-h20/runs/a4_geom128x160_h20_f9t_pfw_align128_20260502-233330	-O3 -funroll-loops -falign-functions=128 -falign-loops=128 -fno-tree-loop-distribute-patterns -fno-tree-loop-vectorize	DNCNN_VPU_FUSED9TAP=1,DNCNN_VPU_PREFETCH_READ_WINDOW=1
2026-05-02T23:37:49	tile	a4_geom128x160_h20_f9t_pfw_align128	2	128	160	132	180	20	16	1	12.471800			2.532652		31586734080	8.94069672e-07	8.46030659e-08	1	0	0x00000000	0x00000000	ok_stream_error	/root/afonso/zephyr-u-mode/zephyr-emlearn-silicon-v2/erbium-amp-probe/luxonis-real-dncnn/tiled-fp32-128x160-h20/a4_geom128x160_h20_f9t_pfw_align128_20260502-233330	local-artifacts/erbium_amp_probe/luxonis-real-dncnn/tiled-fp32-128x160-h20/runs/a4_geom128x160_h20_f9t_pfw_align128_20260502-233330	-O3 -funroll-loops -falign-functions=128 -falign-loops=128 -fno-tree-loop-distribute-patterns -fno-tree-loop-vectorize	DNCNN_VPU_FUSED9TAP=1,DNCNN_VPU_PREFETCH_READ_WINDOW=1
2026-05-02T23:37:49	tile	a4_geom128x160_h20_f9t_pfw_align128	3	128	160	132	180	20	16	1	12.469100			2.533201		31586734080	7.15255737e-07	8.4898474e-08	1	0	0x00000000	0x00000000	ok_stream_error	/root/afonso/zephyr-u-mode/zephyr-emlearn-silicon-v2/erbium-amp-probe/luxonis-real-dncnn/tiled-fp32-128x160-h20/a4_geom128x160_h20_f9t_pfw_align128_20260502-233330	local-artifacts/erbium_amp_probe/luxonis-real-dncnn/tiled-fp32-128x160-h20/runs/a4_geom128x160_h20_f9t_pfw_align128_20260502-233330	-O3 -funroll-loops -falign-functions=128 -falign-loops=128 -fno-tree-loop-distribute-patterns -fno-tree-loop-vectorize	DNCNN_VPU_FUSED9TAP=1,DNCNN_VPU_PREFETCH_READ_WINDOW=1
2026-05-02T23:37:49	full	a4_geom128x160_h20_f9t_pfw_align128		128	160			20	16	1		52.445600	1.946751	2.555111	102098534400	134004326400	8.94069672e-07	8.48606589e-08	1	0			ok	/root/afonso/zephyr-u-mode/zephyr-emlearn-silicon-v2/erbium-amp-probe/luxonis-real-dncnn/tiled-fp32-128x160-h20/a4_geom128x160_h20_f9t_pfw_align128_20260502-233330	local-artifacts/erbium_amp_probe/luxonis-real-dncnn/tiled-fp32-128x160-h20/runs/a4_geom128x160_h20_f9t_pfw_align128_20260502-233330	-O3 -funroll-loops -falign-functions=128 -falign-loops=128 -fno-tree-loop-distribute-patterns -fno-tree-loop-vectorize	DNCNN_VPU_FUSED9TAP=1,DNCNN_VPU_PREFETCH_READ_WINDOW=1
2026-05-02T23:46:25	tile	a4_geom80x80_h20_f9t_pfw_align128	0	80	80	100	100	20	16	1	5.400430			2.461671		13294080000	7.67409801e-07	8.70975754e-08	1	0	0x00000000	0x00000000	ok_stream_error	/root/afonso/zephyr-u-mode/zephyr-emlearn-silicon-v2/erbium-amp-probe/luxonis-real-dncnn/tiled-fp32-80x80-h20/a4_geom80x80_h20_f9t_pfw_align128_20260502-233756	local-artifacts/erbium_amp_probe/luxonis-real-dncnn/tiled-fp32-80x80-h20/runs/a4_geom80x80_h20_f9t_pfw_align128_20260502-233756	-O3 -funroll-loops -falign-functions=128 -falign-loops=128 -fno-tree-loop-distribute-patterns -fno-tree-loop-vectorize	DNCNN_VPU_FUSED9TAP=1,DNCNN_VPU_PREFETCH_READ_WINDOW=1
2026-05-02T23:46:25	tile	a4_geom80x80_h20_f9t_pfw_align128	1	80	80	100	120	20	16	1	6.594050			2.419286		15952896000	8.12113285e-07	8.52509388e-08	1	0	0x00000000	0x00000000	ok_stream_error	/root/afonso/zephyr-u-mode/zephyr-emlearn-silicon-v2/erbium-amp-probe/luxonis-real-dncnn/tiled-fp32-80x80-h20/a4_geom80x80_h20_f9t_pfw_align128_20260502-233756	local-artifacts/erbium_amp_probe/luxonis-real-dncnn/tiled-fp32-80x80-h20/runs/a4_geom80x80_h20_f9t_pfw_align128_20260502-233756	-O3 -funroll-loops -falign-functions=128 -falign-loops=128 -fno-tree-loop-distribute-patterns -fno-tree-loop-vectorize	DNCNN_VPU_FUSED9TAP=1,DNCNN_VPU_PREFETCH_READ_WINDOW=1
2026-05-02T23:46:25	tile	a4_geom80x80_h20_f9t_pfw_align128	2	80	80	100	120	20	16	1	6.593690			2.419419		15952896000	5.36441803e-07	8.43650199e-08	1	0	0x00000000	0x00000000	ok_stream_error	/root/afonso/zephyr-u-mode/zephyr-emlearn-silicon-v2/erbium-amp-probe/luxonis-real-dncnn/tiled-fp32-80x80-h20/a4_geom80x80_h20_f9t_pfw_align128_20260502-233756	local-artifacts/erbium_amp_probe/luxonis-real-dncnn/tiled-fp32-80x80-h20/runs/a4_geom80x80_h20_f9t_pfw_align128_20260502-233756	-O3 -funroll-loops -falign-functions=128 -falign-loops=128 -fno-tree-loop-distribute-patterns -fno-tree-loop-vectorize	DNCNN_VPU_FUSED9TAP=1,DNCNN_VPU_PREFETCH_READ_WINDOW=1
2026-05-02T23:46:25	tile	a4_geom80x80_h20_f9t_pfw_align128	3	80	80	100	100	20	16	1	5.394700			2.464285		13294080000	6.70552254e-07	8.59555414e-08	1	0	0x00000000	0x00000000	ok_stream_error	/root/afonso/zephyr-u-mode/zephyr-emlearn-silicon-v2/erbium-amp-probe/luxonis-real-dncnn/tiled-fp32-80x80-h20/a4_geom80x80_h20_f9t_pfw_align128_20260502-233756	local-artifacts/erbium_amp_probe/luxonis-real-dncnn/tiled-fp32-80x80-h20/runs/a4_geom80x80_h20_f9t_pfw_align128_20260502-233756	-O3 -funroll-loops -falign-functions=128 -falign-loops=128 -fno-tree-loop-distribute-patterns -fno-tree-loop-vectorize	DNCNN_VPU_FUSED9TAP=1,DNCNN_VPU_PREFETCH_READ_WINDOW=1
2026-05-02T23:46:25	tile	a4_geom80x80_h20_f9t_pfw_align128	4	80	80	120	100	20	16	1	6.219140			2.565129		15952896000	4.76837158e-07	8.40998808e-08	1	0	0x00000000	0x00000000	ok_stream_error	/root/afonso/zephyr-u-mode/zephyr-emlearn-silicon-v2/erbium-amp-probe/luxonis-real-dncnn/tiled-fp32-80x80-h20/a4_geom80x80_h20_f9t_pfw_align128_20260502-233756	local-artifacts/erbium_amp_probe/luxonis-real-dncnn/tiled-fp32-80x80-h20/runs/a4_geom80x80_h20_f9t_pfw_align128_20260502-233756	-O3 -funroll-loops -falign-functions=128 -falign-loops=128 -fno-tree-loop-distribute-patterns -fno-tree-loop-vectorize	DNCNN_VPU_FUSED9TAP=1,DNCNN_VPU_PREFETCH_READ_WINDOW=1
2026-05-02T23:46:25	tile	a4_geom80x80_h20_f9t_pfw_align128	5	80	80	120	120	20	16	1	7.395110			2.588667		19143475200	3.87430191e-07	8.33728677e-08	1	0	0x00000000	0x00000000	ok_stream_error	/root/afonso/zephyr-u-mode/zephyr-emlearn-silicon-v2/erbium-amp-probe/luxonis-real-dncnn/tiled-fp32-80x80-h20/a4_geom80x80_h20_f9t_pfw_align128_20260502-233756	local-artifacts/erbium_amp_probe/luxonis-real-dncnn/tiled-fp32-80x80-h20/runs/a4_geom80x80_h20_f9t_pfw_align128_20260502-233756	-O3 -funroll-loops -falign-functions=128 -falign-loops=128 -fno-tree-loop-distribute-patterns -fno-tree-loop-vectorize	DNCNN_VPU_FUSED9TAP=1,DNCNN_VPU_PREFETCH_READ_WINDOW=1
2026-05-02T23:46:25	tile	a4_geom80x80_h20_f9t_pfw_align128	6	80	80	120	120	20	16	1	7.395110			2.588667		19143475200	3.87430191e-07	8.33047693e-08	1	0	0x00000000	0x00000000	ok_stream_error	/root/afonso/zephyr-u-mode/zephyr-emlearn-silicon-v2/erbium-amp-probe/luxonis-real-dncnn/tiled-fp32-80x80-h20/a4_geom80x80_h20_f9t_pfw_align128_20260502-233756	local-artifacts/erbium_amp_probe/luxonis-real-dncnn/tiled-fp32-80x80-h20/runs/a4_geom80x80_h20_f9t_pfw_align128_20260502-233756	-O3 -funroll-loops -falign-functions=128 -falign-loops=128 -fno-tree-loop-distribute-patterns -fno-tree-loop-vectorize	DNCNN_VPU_FUSED9TAP=1,DNCNN_VPU_PREFETCH_READ_WINDOW=1
2026-05-02T23:46:25	tile	a4_geom80x80_h20_f9t_pfw_align128	7	80	80	120	100	20	16	1	6.219770			2.564869		15952896000	5.96046448e-07	8.47151398e-08	1	0	0x00000000	0x00000000	ok_stream_error	/root/afonso/zephyr-u-mode/zephyr-emlearn-silicon-v2/erbium-amp-probe/luxonis-real-dncnn/tiled-fp32-80x80-h20/a4_geom80x80_h20_f9t_pfw_align128_20260502-233756	local-artifacts/erbium_amp_probe/luxonis-real-dncnn/tiled-fp32-80x80-h20/runs/a4_geom80x80_h20_f9t_pfw_align128_20260502-233756	-O3 -funroll-loops -falign-functions=128 -falign-loops=128 -fno-tree-loop-distribute-patterns -fno-tree-loop-vectorize	DNCNN_VPU_FUSED9TAP=1,DNCNN_VPU_PREFETCH_READ_WINDOW=1
2026-05-02T23:46:25	tile	a4_geom80x80_h20_f9t_pfw_align128	8	80	80	100	100	20	16	1	5.398680			2.462469		13294080000	8.94069672e-07	8.54412789e-08	1	0	0x00000000	0x00000000	ok_stream_error	/root/afonso/zephyr-u-mode/zephyr-emlearn-silicon-v2/erbium-amp-probe/luxonis-real-dncnn/tiled-fp32-80x80-h20/a4_geom80x80_h20_f9t_pfw_align128_20260502-233756	local-artifacts/erbium_amp_probe/luxonis-real-dncnn/tiled-fp32-80x80-h20/runs/a4_geom80x80_h20_f9t_pfw_align128_20260502-233756	-O3 -funroll-loops -falign-functions=128 -falign-loops=128 -fno-tree-loop-distribute-patterns -fno-tree-loop-vectorize	DNCNN_VPU_FUSED9TAP=1,DNCNN_VPU_PREFETCH_READ_WINDOW=1
2026-05-02T23:46:25	tile	a4_geom80x80_h20_f9t_pfw_align128	9	80	80	100	120	20	16	1	6.594180			2.419239		15952896000	4.76837158e-07	8.46161825e-08	1	0	0x00000000	0x00000000	ok_stream_error	/root/afonso/zephyr-u-mode/zephyr-emlearn-silicon-v2/erbium-amp-probe/luxonis-real-dncnn/tiled-fp32-80x80-h20/a4_geom80x80_h20_f9t_pfw_align128_20260502-233756	local-artifacts/erbium_amp_probe/luxonis-real-dncnn/tiled-fp32-80x80-h20/runs/a4_geom80x80_h20_f9t_pfw_align128_20260502-233756	-O3 -funroll-loops -falign-functions=128 -falign-loops=128 -fno-tree-loop-distribute-patterns -fno-tree-loop-vectorize	DNCNN_VPU_FUSED9TAP=1,DNCNN_VPU_PREFETCH_READ_WINDOW=1
2026-05-02T23:46:25	tile	a4_geom80x80_h20_f9t_pfw_align128	10	80	80	100	120	20	16	1	6.592880			2.419716		15952896000	4.47034836e-07	8.39159497e-08	1	0	0x00000000	0x00000000	ok_stream_error	/root/afonso/zephyr-u-mode/zephyr-emlearn-silicon-v2/erbium-amp-probe/luxonis-real-dncnn/tiled-fp32-80x80-h20/a4_geom80x80_h20_f9t_pfw_align128_20260502-233756	local-artifacts/erbium_amp_probe/luxonis-real-dncnn/tiled-fp32-80x80-h20/runs/a4_geom80x80_h20_f9t_pfw_align128_20260502-233756	-O3 -funroll-loops -falign-functions=128 -falign-loops=128 -fno-tree-loop-distribute-patterns -fno-tree-loop-vectorize	DNCNN_VPU_FUSED9TAP=1,DNCNN_VPU_PREFETCH_READ_WINDOW=1
2026-05-02T23:46:25	tile	a4_geom80x80_h20_f9t_pfw_align128	11	80	80	100	100	20	16	1	5.393890			2.464655		13294080000	7.15255737e-07	8.61927418e-08	1	0	0x00000000	0x00000000	ok_stream_error	/root/afonso/zephyr-u-mode/zephyr-emlearn-silicon-v2/erbium-amp-probe/luxonis-real-dncnn/tiled-fp32-80x80-h20/a4_geom80x80_h20_f9t_pfw_align128_20260502-233756	local-artifacts/erbium_amp_probe/luxonis-real-dncnn/tiled-fp32-80x80-h20/runs/a4_geom80x80_h20_f9t_pfw_align128_20260502-233756	-O3 -funroll-loops -falign-functions=128 -falign-loops=128 -fno-tree-loop-distribute-patterns -fno-tree-loop-vectorize	DNCNN_VPU_FUSED9TAP=1,DNCNN_VPU_PREFETCH_READ_WINDOW=1
2026-05-02T23:46:25	full	a4_geom80x80_h20_f9t_pfw_align128		80	80			20	16	1		75.191630	1.357844	2.489381	102098534400	187180646400	8.94069672e-07	8.48606589e-08	1	0			ok	/root/afonso/zephyr-u-mode/zephyr-emlearn-silicon-v2/erbium-amp-probe/luxonis-real-dncnn/tiled-fp32-80x80-h20/a4_geom80x80_h20_f9t_pfw_align128_20260502-233756	local-artifacts/erbium_amp_probe/luxonis-real-dncnn/tiled-fp32-80x80-h20/runs/a4_geom80x80_h20_f9t_pfw_align128_20260502-233756	-O3 -funroll-loops -falign-functions=128 -falign-loops=128 -fno-tree-loop-distribute-patterns -fno-tree-loop-vectorize	DNCNN_VPU_FUSED9TAP=1,DNCNN_VPU_PREFETCH_READ_WINDOW=1
2026-05-02T23:48:34	tile	a4_geom96x96_h20_f9t_pfw_align128	0	96	96	116	116	20	16	1	7.088080			2.523746		17888514048	7.67409801e-07	8.6354504e-08	1	0	0x00000000	0x00000000	ok_stream_error	/root/afonso/zephyr-u-mode/zephyr-emlearn-silicon-v2/erbium-amp-probe/luxonis-real-dncnn/tiled-fp32-96x96-h20/a4_geom96x96_h20_f9t_pfw_align128_20260502-234634	local-artifacts/erbium_amp_probe/luxonis-real-dncnn/tiled-fp32-96x96-h20/runs/a4_geom96x96_h20_f9t_pfw_align128_20260502-234634	-O3 -funroll-loops -falign-functions=128 -falign-loops=128 -fno-tree-loop-distribute-patterns -fno-tree-loop-vectorize	DNCNN_VPU_FUSED9TAP=1,DNCNN_VPU_PREFETCH_READ_WINDOW=1
2026-05-02T23:48:34	tile	a4_geom96x96_h20_f9t_pfw_align128	1	96	96	116	136	20	16	1	8.409950			2.493801		20972740608	8.12113285e-07	8.45409716e-08	1	0	0x00000000	0x00000000	ok_stream_error	/root/afonso/zephyr-u-mode/zephyr-emlearn-silicon-v2/erbium-amp-probe/luxonis-real-dncnn/tiled-fp32-96x96-h20/a4_geom96x96_h20_f9t_pfw_align128_20260502-234634	local-artifacts/erbium_amp_probe/luxonis-real-dncnn/tiled-fp32-96x96-h20/runs/a4_geom96x96_h20_f9t_pfw_align128_20260502-234634	-O3 -funroll-loops -falign-functions=128 -falign-loops=128 -fno-tree-loop-distribute-patterns -fno-tree-loop-vectorize	DNCNN_VPU_FUSED9TAP=1,DNCNN_VPU_PREFETCH_READ_WINDOW=1
2026-05-02T23:48:34	tile	a4_geom96x96_h20_f9t_pfw_align128	2	96	96	116	136	20	16	1	8.411130			2.493451		20972740608	6.70552254e-07	8.47269064e-08	1	0	0x00000000	0x00000000	ok_stream_error	/root/afonso/zephyr-u-mode/zephyr-emlearn-silicon-v2/erbium-amp-probe/luxonis-real-dncnn/tiled-fp32-96x96-h20/a4_geom96x96_h20_f9t_pfw_align128_20260502-234634	local-artifacts/erbium_amp_probe/luxonis-real-dncnn/tiled-fp32-96x96-h20/runs/a4_geom96x96_h20_f9t_pfw_align128_20260502-234634	-O3 -funroll-loops -falign-functions=128 -falign-loops=128 -fno-tree-loop-distribute-patterns -fno-tree-loop-vectorize	DNCNN_VPU_FUSED9TAP=1,DNCNN_VPU_PREFETCH_READ_WINDOW=1
2026-05-02T23:48:34	tile	a4_geom96x96_h20_f9t_pfw_align128	3	96	96	116	52	20	16	1	3.188630			2.514870		8018989056	4.76837158e-07	8.60976215e-08	1	0	0x00000000	0x00000000	ok_stream_error	/root/afonso/zephyr-u-mode/zephyr-emlearn-silicon-v2/erbium-amp-probe/luxonis-real-dncnn/tiled-fp32-96x96-h20/a4_geom96x96_h20_f9t_pfw_align128_20260502-234634	local-artifacts/erbium_amp_probe/luxonis-real-dncnn/tiled-fp32-96x96-h20/runs/a4_geom96x96_h20_f9t_pfw_align128_20260502-234634	-O3 -funroll-loops -falign-functions=128 -falign-loops=128 -fno-tree-loop-distribute-patterns -fno-tree-loop-vectorize	DNCNN_VPU_FUSED9TAP=1,DNCNN_VPU_PREFETCH_READ_WINDOW=1
2026-05-02T23:48:34	tile	a4_geom96x96_h20_f9t_pfw_align128	4	96	96	136	116	20	16	1	8.093750			2.591227		20972740608	4.76837158e-07	8.40035597e-08	1	0	0x00000000	0x00000000	ok_stream_error	/root/afonso/zephyr-u-mode/zephyr-emlearn-silicon-v2/erbium-amp-probe/luxonis-real-dncnn/tiled-fp32-96x96-h20/a4_geom96x96_h20_f9t_pfw_align128_20260502-234634	local-artifacts/erbium_amp_probe/luxonis-real-dncnn/tiled-fp32-96x96-h20/runs/a4_geom96x96_h20_f9t_pfw_align128_20260502-234634	-O3 -funroll-loops -falign-functions=128 -falign-loops=128 -fno-tree-loop-distribute-patterns -fno-tree-loop-vectorize	DNCNN_VPU_FUSED9TAP=1,DNCNN_VPU_PREFETCH_READ_WINDOW=1
2026-05-02T23:48:34	tile	a4_geom96x96_h20_f9t_pfw_align128	5	96	96	136	136	20	16	1	9.378140			2.621920		24588730368	3.87430191e-07	8.3438664e-08	1	0	0x00000000	0x00000000	ok_stream_error	/root/afonso/zephyr-u-mode/zephyr-emlearn-silicon-v2/erbium-amp-probe/luxonis-real-dncnn/tiled-fp32-96x96-h20/a4_geom96x96_h20_f9t_pfw_align128_20260502-234634	local-artifacts/erbium_amp_probe/luxonis-real-dncnn/tiled-fp32-96x96-h20/runs/a4_geom96x96_h20_f9t_pfw_align128_20260502-234634	-O3 -funroll-loops -falign-functions=128 -falign-loops=128 -fno-tree-loop-distribute-patterns -fno-tree-loop-vectorize	DNCNN_VPU_FUSED9TAP=1,DNCNN_VPU_PREFETCH_READ_WINDOW=1
2026-05-02T23:48:34	tile	a4_geom96x96_h20_f9t_pfw_align128	6	96	96	136	136	20	16	1	9.377120			2.622205		24588730368	3.87430191e-07	8.33630693e-08	1	0	0x00000000	0x00000000	ok_stream_error	/root/afonso/zephyr-u-mode/zephyr-emlearn-silicon-v2/erbium-amp-probe/luxonis-real-dncnn/tiled-fp32-96x96-h20/a4_geom96x96_h20_f9t_pfw_align128_20260502-234634	local-artifacts/erbium_amp_probe/luxonis-real-dncnn/tiled-fp32-96x96-h20/runs/a4_geom96x96_h20_f9t_pfw_align128_20260502-234634	-O3 -funroll-loops -falign-functions=128 -falign-loops=128 -fno-tree-loop-distribute-patterns -fno-tree-loop-vectorize	DNCNN_VPU_FUSED9TAP=1,DNCNN_VPU_PREFETCH_READ_WINDOW=1
2026-05-02T23:48:34	tile	a4_geom96x96_h20_f9t_pfw_align128	7	96	96	136	52	20	16	1	3.588240			2.620107		9401573376	6.55651093e-07	8.76849882e-08	1	0	0x00000000	0x00000000	ok_stream_error	/root/afonso/zephyr-u-mode/zephyr-emlearn-silicon-v2/erbium-amp-probe/luxonis-real-dncnn/tiled-fp32-96x96-h20/a4_geom96x96_h20_f9t_pfw_align128_20260502-234634	local-artifacts/erbium_amp_probe/luxonis-real-dncnn/tiled-fp32-96x96-h20/runs/a4_geom96x96_h20_f9t_pfw_align128_20260502-234634	-O3 -funroll-loops -falign-functions=128 -falign-loops=128 -fno-tree-loop-distribute-patterns -fno-tree-loop-vectorize	DNCNN_VPU_FUSED9TAP=1,DNCNN_VPU_PREFETCH_READ_WINDOW=1
2026-05-02T23:48:34	tile	a4_geom96x96_h20_f9t_pfw_align128	8	96	96	68	116	20	16	1	4.718750			2.222277		10486370304	8.94069672e-07	8.60725606e-08	1	0	0x00000000	0x00000000	ok_stream_error	/root/afonso/zephyr-u-mode/zephyr-emlearn-silicon-v2/erbium-amp-probe/luxonis-real-dncnn/tiled-fp32-96x96-h20/a4_geom96x96_h20_f9t_pfw_align128_20260502-234634	local-artifacts/erbium_amp_probe/luxonis-real-dncnn/tiled-fp32-96x96-h20/runs/a4_geom96x96_h20_f9t_pfw_align128_20260502-234634	-O3 -funroll-loops -falign-functions=128 -falign-loops=128 -fno-tree-loop-distribute-patterns -fno-tree-loop-vectorize	DNCNN_VPU_FUSED9TAP=1,DNCNN_VPU_PREFETCH_READ_WINDOW=1
2026-05-02T23:48:34	tile	a4_geom96x96_h20_f9t_pfw_align128	9	96	96	68	136	20	16	1	5.517640			2.228193		12294365184	4.76837158e-07	8.48453467e-08	1	0	0x00000000	0x00000000	ok_stream_error	/root/afonso/zephyr-u-mode/zephyr-emlearn-silicon-v2/erbium-amp-probe/luxonis-real-dncnn/tiled-fp32-96x96-h20/a4_geom96x96_h20_f9t_pfw_align128_20260502-234634	local-artifacts/erbium_amp_probe/luxonis-real-dncnn/tiled-fp32-96x96-h20/runs/a4_geom96x96_h20_f9t_pfw_align128_20260502-234634	-O3 -funroll-loops -falign-functions=128 -falign-loops=128 -fno-tree-loop-distribute-patterns -fno-tree-loop-vectorize	DNCNN_VPU_FUSED9TAP=1,DNCNN_VPU_PREFETCH_READ_WINDOW=1
2026-05-02T23:48:34	tile	a4_geom96x96_h20_f9t_pfw_align128	10	96	96	68	136	20	16	1	5.516570			2.228625		12294365184	5.14090061e-07	8.52495674e-08	1	0	0x00000000	0x00000000	ok_stream_error	/root/afonso/zephyr-u-mode/zephyr-emlearn-silicon-v2/erbium-amp-probe/luxonis-real-dncnn/tiled-fp32-96x96-h20/a4_geom96x96_h20_f9t_pfw_align128_20260502-234634	local-artifacts/erbium_amp_probe/luxonis-real-dncnn/tiled-fp32-96x96-h20/runs/a4_geom96x96_h20_f9t_pfw_align128_20260502-234634	-O3 -funroll-loops -falign-functions=128 -falign-loops=128 -fno-tree-loop-distribute-patterns -fno-tree-loop-vectorize	DNCNN_VPU_FUSED9TAP=1,DNCNN_VPU_PREFETCH_READ_WINDOW=1
2026-05-02T23:48:34	tile	a4_geom96x96_h20_f9t_pfw_align128	11	96	96	68	52	20	16	1	2.031910			2.313482		4700786688	7.15255737e-07	8.8399247e-08	1	0	0x00000000	0x00000000	ok_stream_error	/root/afonso/zephyr-u-mode/zephyr-emlearn-silicon-v2/erbium-amp-probe/luxonis-real-dncnn/tiled-fp32-96x96-h20/a4_geom96x96_h20_f9t_pfw_align128_20260502-234634	local-artifacts/erbium_amp_probe/luxonis-real-dncnn/tiled-fp32-96x96-h20/runs/a4_geom96x96_h20_f9t_pfw_align128_20260502-234634	-O3 -funroll-loops -falign-functions=128 -falign-loops=128 -fno-tree-loop-distribute-patterns -fno-tree-loop-vectorize	DNCNN_VPU_FUSED9TAP=1,DNCNN_VPU_PREFETCH_READ_WINDOW=1
2026-05-02T23:48:34	full	a4_geom96x96_h20_f9t_pfw_align128		96	96			20	16	1		75.319910	1.355532	2.485142	102098534400	187180646400	8.94069672e-07	8.48606589e-08	1	0			ok	/root/afonso/zephyr-u-mode/zephyr-emlearn-silicon-v2/erbium-amp-probe/luxonis-real-dncnn/tiled-fp32-96x96-h20/a4_geom96x96_h20_f9t_pfw_align128_20260502-234634	local-artifacts/erbium_amp_probe/luxonis-real-dncnn/tiled-fp32-96x96-h20/runs/a4_geom96x96_h20_f9t_pfw_align128_20260502-234634	-O3 -funroll-loops -falign-functions=128 -falign-loops=128 -fno-tree-loop-distribute-patterns -fno-tree-loop-vectorize	DNCNN_VPU_FUSED9TAP=1,DNCNN_VPU_PREFETCH_READ_WINDOW=1
2026-05-02T23:50:18	tile	a4_geom120x160_h20_f9t_pfw_align128	0	120	160	140	180	20	16	1	12.641300			2.650129		33501081600	8.12113285e-07	8.54289581e-08	1	0	0x00000000	0x00000000	ok_stream_error	/root/afonso/zephyr-u-mode/zephyr-emlearn-silicon-v2/erbium-amp-probe/luxonis-real-dncnn/tiled-fp32-120x160-h20/a4_geom120x160_h20_f9t_pfw_align128_20260502-232923	local-artifacts/erbium_amp_probe/luxonis-real-dncnn/tiled-fp32-120x160-h20/runs/a4_geom120x160_h20_f9t_pfw_align128_20260502-234917	-O3 -funroll-loops -falign-functions=128 -falign-loops=128 -fno-tree-loop-distribute-patterns -fno-tree-loop-vectorize	DNCNN_VPU_FUSED9TAP=1,DNCNN_VPU_PREFETCH_READ_WINDOW=1
2026-05-02T23:50:18	tile	a4_geom120x160_h20_f9t_pfw_align128	1	120	160	140	180	20	16	1	12.641700			2.650046		33501081600	6.70552254e-07	8.47121342e-08	1	0	0x00000000	0x00000000	ok_stream_error	/root/afonso/zephyr-u-mode/zephyr-emlearn-silicon-v2/erbium-amp-probe/luxonis-real-dncnn/tiled-fp32-120x160-h20/a4_geom120x160_h20_f9t_pfw_align128_20260502-232923	local-artifacts/erbium_amp_probe/luxonis-real-dncnn/tiled-fp32-120x160-h20/runs/a4_geom120x160_h20_f9t_pfw_align128_20260502-234917	-O3 -funroll-loops -falign-functions=128 -falign-loops=128 -fno-tree-loop-distribute-patterns -fno-tree-loop-vectorize	DNCNN_VPU_FUSED9TAP=1,DNCNN_VPU_PREFETCH_READ_WINDOW=1
2026-05-02T23:50:18	tile	a4_geom120x160_h20_f9t_pfw_align128	2	120	160	140	180	20	16	1	12.642200			2.649941		33501081600	8.94069672e-07	8.45306189e-08	1	0	0x00000000	0x00000000	ok_stream_error	/root/afonso/zephyr-u-mode/zephyr-emlearn-silicon-v2/erbium-amp-probe/luxonis-real-dncnn/tiled-fp32-120x160-h20/a4_geom120x160_h20_f9t_pfw_align128_20260502-232923	local-artifacts/erbium_amp_probe/luxonis-real-dncnn/tiled-fp32-120x160-h20/runs/a4_geom120x160_h20_f9t_pfw_align128_20260502-234917	-O3 -funroll-loops -falign-functions=128 -falign-loops=128 -fno-tree-loop-distribute-patterns -fno-tree-loop-vectorize	DNCNN_VPU_FUSED9TAP=1,DNCNN_VPU_PREFETCH_READ_WINDOW=1
2026-05-02T23:50:18	tile	a4_geom120x160_h20_f9t_pfw_align128	3	120	160	140	180	20	16	1	12.640800			2.650234		33501081600	7.15255737e-07	8.47709245e-08	1	0	0x00000000	0x00000000	ok_stream_error	/root/afonso/zephyr-u-mode/zephyr-emlearn-silicon-v2/erbium-amp-probe/luxonis-real-dncnn/tiled-fp32-120x160-h20/a4_geom120x160_h20_f9t_pfw_align128_20260502-232923	local-artifacts/erbium_amp_probe/luxonis-real-dncnn/tiled-fp32-120x160-h20/runs/a4_geom120x160_h20_f9t_pfw_align128_20260502-234917	-O3 -funroll-loops -falign-functions=128 -falign-loops=128 -fno-tree-loop-distribute-patterns -fno-tree-loop-vectorize	DNCNN_VPU_FUSED9TAP=1,DNCNN_VPU_PREFETCH_READ_WINDOW=1
2026-05-02T23:50:18	full	a4_geom120x160_h20_f9t_pfw_align128		120	160			20	16	1		50.566000	2.019114	2.650088	102098534400	134004326400	8.94069672e-07	8.48606589e-08	1	0			ok	/root/afonso/zephyr-u-mode/zephyr-emlearn-silicon-v2/erbium-amp-probe/luxonis-real-dncnn/tiled-fp32-120x160-h20/a4_geom120x160_h20_f9t_pfw_align128_20260502-232923	local-artifacts/erbium_amp_probe/luxonis-real-dncnn/tiled-fp32-120x160-h20/runs/a4_geom120x160_h20_f9t_pfw_align128_20260502-234917	-O3 -funroll-loops -falign-functions=128 -falign-loops=128 -fno-tree-loop-distribute-patterns -fno-tree-loop-vectorize	DNCNN_VPU_FUSED9TAP=1,DNCNN_VPU_PREFETCH_READ_WINDOW=1
2026-05-02T23:51:21	tile	a4_geom120x160_h20_f9t_pfw_align128	0	120	160	140	180	20	16	1	12.642600			2.649857		33501081600	8.12113285e-07	8.54289581e-08	1	0	0x00000000	0x00000000	ok_stream_error	/root/afonso/zephyr-u-mode/zephyr-emlearn-silicon-v2/erbium-amp-probe/luxonis-real-dncnn/tiled-fp32-120x160-h20/a4_geom120x160_h20_f9t_pfw_align128_20260502-232923	local-artifacts/erbium_amp_probe/luxonis-real-dncnn/tiled-fp32-120x160-h20/runs/a4_geom120x160_h20_f9t_pfw_align128_20260502-235018	-O3 -funroll-loops -falign-functions=128 -falign-loops=128 -fno-tree-loop-distribute-patterns -fno-tree-loop-vectorize	DNCNN_VPU_FUSED9TAP=1,DNCNN_VPU_PREFETCH_READ_WINDOW=1
2026-05-02T23:51:21	tile	a4_geom120x160_h20_f9t_pfw_align128	1	120	160	140	180	20	16	1	12.641400			2.650109		33501081600	6.70552254e-07	8.47121342e-08	1	0	0x00000000	0x00000000	ok_stream_error	/root/afonso/zephyr-u-mode/zephyr-emlearn-silicon-v2/erbium-amp-probe/luxonis-real-dncnn/tiled-fp32-120x160-h20/a4_geom120x160_h20_f9t_pfw_align128_20260502-232923	local-artifacts/erbium_amp_probe/luxonis-real-dncnn/tiled-fp32-120x160-h20/runs/a4_geom120x160_h20_f9t_pfw_align128_20260502-235018	-O3 -funroll-loops -falign-functions=128 -falign-loops=128 -fno-tree-loop-distribute-patterns -fno-tree-loop-vectorize	DNCNN_VPU_FUSED9TAP=1,DNCNN_VPU_PREFETCH_READ_WINDOW=1
2026-05-02T23:51:21	tile	a4_geom120x160_h20_f9t_pfw_align128	2	120	160	140	180	20	16	1	12.641400			2.650109		33501081600	8.94069672e-07	8.45306189e-08	1	0	0x00000000	0x00000000	ok_stream_error	/root/afonso/zephyr-u-mode/zephyr-emlearn-silicon-v2/erbium-amp-probe/luxonis-real-dncnn/tiled-fp32-120x160-h20/a4_geom120x160_h20_f9t_pfw_align128_20260502-232923	local-artifacts/erbium_amp_probe/luxonis-real-dncnn/tiled-fp32-120x160-h20/runs/a4_geom120x160_h20_f9t_pfw_align128_20260502-235018	-O3 -funroll-loops -falign-functions=128 -falign-loops=128 -fno-tree-loop-distribute-patterns -fno-tree-loop-vectorize	DNCNN_VPU_FUSED9TAP=1,DNCNN_VPU_PREFETCH_READ_WINDOW=1
2026-05-02T23:51:21	tile	a4_geom120x160_h20_f9t_pfw_align128	3	120	160	140	180	20	16	1	12.641700			2.650046		33501081600	7.15255737e-07	8.47709245e-08	1	0	0x00000000	0x00000000	ok_stream_error	/root/afonso/zephyr-u-mode/zephyr-emlearn-silicon-v2/erbium-amp-probe/luxonis-real-dncnn/tiled-fp32-120x160-h20/a4_geom120x160_h20_f9t_pfw_align128_20260502-232923	local-artifacts/erbium_amp_probe/luxonis-real-dncnn/tiled-fp32-120x160-h20/runs/a4_geom120x160_h20_f9t_pfw_align128_20260502-235018	-O3 -funroll-loops -falign-functions=128 -falign-loops=128 -fno-tree-loop-distribute-patterns -fno-tree-loop-vectorize	DNCNN_VPU_FUSED9TAP=1,DNCNN_VPU_PREFETCH_READ_WINDOW=1
2026-05-02T23:51:21	full	a4_geom120x160_h20_f9t_pfw_align128		120	160			20	16	1		50.567100	2.019070	2.650030	102098534400	134004326400	8.94069672e-07	8.48606589e-08	1	0			ok	/root/afonso/zephyr-u-mode/zephyr-emlearn-silicon-v2/erbium-amp-probe/luxonis-real-dncnn/tiled-fp32-120x160-h20/a4_geom120x160_h20_f9t_pfw_align128_20260502-232923	local-artifacts/erbium_amp_probe/luxonis-real-dncnn/tiled-fp32-120x160-h20/runs/a4_geom120x160_h20_f9t_pfw_align128_20260502-235018	-O3 -funroll-loops -falign-functions=128 -falign-loops=128 -fno-tree-loop-distribute-patterns -fno-tree-loop-vectorize	DNCNN_VPU_FUSED9TAP=1,DNCNN_VPU_PREFETCH_READ_WINDOW=1
2026-05-02T23:52:23	tile	a4_geom120x160_h20_f9t_pfw_align128	0	120	160	140	180	20	16	1	12.641700			2.650046		33501081600	8.12113285e-07	8.54289581e-08	1	0	0x00000000	0x00000000	ok_stream_error	/root/afonso/zephyr-u-mode/zephyr-emlearn-silicon-v2/erbium-amp-probe/luxonis-real-dncnn/tiled-fp32-120x160-h20/a4_geom120x160_h20_f9t_pfw_align128_20260502-232923	local-artifacts/erbium_amp_probe/luxonis-real-dncnn/tiled-fp32-120x160-h20/runs/a4_geom120x160_h20_f9t_pfw_align128_20260502-235121	-O3 -funroll-loops -falign-functions=128 -falign-loops=128 -fno-tree-loop-distribute-patterns -fno-tree-loop-vectorize	DNCNN_VPU_FUSED9TAP=1,DNCNN_VPU_PREFETCH_READ_WINDOW=1
2026-05-02T23:52:23	tile	a4_geom120x160_h20_f9t_pfw_align128	1	120	160	140	180	20	16	1	12.642300			2.649920		33501081600	6.70552254e-07	8.47121342e-08	1	0	0x00000000	0x00000000	ok_stream_error	/root/afonso/zephyr-u-mode/zephyr-emlearn-silicon-v2/erbium-amp-probe/luxonis-real-dncnn/tiled-fp32-120x160-h20/a4_geom120x160_h20_f9t_pfw_align128_20260502-232923	local-artifacts/erbium_amp_probe/luxonis-real-dncnn/tiled-fp32-120x160-h20/runs/a4_geom120x160_h20_f9t_pfw_align128_20260502-235121	-O3 -funroll-loops -falign-functions=128 -falign-loops=128 -fno-tree-loop-distribute-patterns -fno-tree-loop-vectorize	DNCNN_VPU_FUSED9TAP=1,DNCNN_VPU_PREFETCH_READ_WINDOW=1
2026-05-02T23:52:23	tile	a4_geom120x160_h20_f9t_pfw_align128	2	120	160	140	180	20	16	1	12.641300			2.650129		33501081600	8.94069672e-07	8.45306189e-08	1	0	0x00000000	0x00000000	ok_stream_error	/root/afonso/zephyr-u-mode/zephyr-emlearn-silicon-v2/erbium-amp-probe/luxonis-real-dncnn/tiled-fp32-120x160-h20/a4_geom120x160_h20_f9t_pfw_align128_20260502-232923	local-artifacts/erbium_amp_probe/luxonis-real-dncnn/tiled-fp32-120x160-h20/runs/a4_geom120x160_h20_f9t_pfw_align128_20260502-235121	-O3 -funroll-loops -falign-functions=128 -falign-loops=128 -fno-tree-loop-distribute-patterns -fno-tree-loop-vectorize	DNCNN_VPU_FUSED9TAP=1,DNCNN_VPU_PREFETCH_READ_WINDOW=1
2026-05-02T23:52:23	tile	a4_geom120x160_h20_f9t_pfw_align128	3	120	160	140	180	20	16	1	12.646500			2.649040		33501081600	7.15255737e-07	8.47709245e-08	1	0	0x00000000	0x00000000	ok_stream_error	/root/afonso/zephyr-u-mode/zephyr-emlearn-silicon-v2/erbium-amp-probe/luxonis-real-dncnn/tiled-fp32-120x160-h20/a4_geom120x160_h20_f9t_pfw_align128_20260502-232923	local-artifacts/erbium_amp_probe/luxonis-real-dncnn/tiled-fp32-120x160-h20/runs/a4_geom120x160_h20_f9t_pfw_align128_20260502-235121	-O3 -funroll-loops -falign-functions=128 -falign-loops=128 -fno-tree-loop-distribute-patterns -fno-tree-loop-vectorize	DNCNN_VPU_FUSED9TAP=1,DNCNN_VPU_PREFETCH_READ_WINDOW=1
2026-05-02T23:52:23	full	a4_geom120x160_h20_f9t_pfw_align128		120	160			20	16	1		50.571800	2.018883	2.649784	102098534400	134004326400	8.94069672e-07	8.48606589e-08	1	0			ok	/root/afonso/zephyr-u-mode/zephyr-emlearn-silicon-v2/erbium-amp-probe/luxonis-real-dncnn/tiled-fp32-120x160-h20/a4_geom120x160_h20_f9t_pfw_align128_20260502-232923	local-artifacts/erbium_amp_probe/luxonis-real-dncnn/tiled-fp32-120x160-h20/runs/a4_geom120x160_h20_f9t_pfw_align128_20260502-235121	-O3 -funroll-loops -falign-functions=128 -falign-loops=128 -fno-tree-loop-distribute-patterns -fno-tree-loop-vectorize	DNCNN_VPU_FUSED9TAP=1,DNCNN_VPU_PREFETCH_READ_WINDOW=1
2026-05-02T23:53:25	tile	a4_geom120x160_h20_f9t_pfw_align128	0	120	160	140	180	20	16	1	12.641000			2.650192		33501081600	8.12113285e-07	8.54289581e-08	1	0	0x00000000	0x00000000	ok_stream_error	/root/afonso/zephyr-u-mode/zephyr-emlearn-silicon-v2/erbium-amp-probe/luxonis-real-dncnn/tiled-fp32-120x160-h20/a4_geom120x160_h20_f9t_pfw_align128_20260502-232923	local-artifacts/erbium_amp_probe/luxonis-real-dncnn/tiled-fp32-120x160-h20/runs/a4_geom120x160_h20_f9t_pfw_align128_20260502-235223	-O3 -funroll-loops -falign-functions=128 -falign-loops=128 -fno-tree-loop-distribute-patterns -fno-tree-loop-vectorize	DNCNN_VPU_FUSED9TAP=1,DNCNN_VPU_PREFETCH_READ_WINDOW=1
2026-05-02T23:53:25	tile	a4_geom120x160_h20_f9t_pfw_align128	1	120	160	140	180	20	16	1	12.640600			2.650276		33501081600	6.70552254e-07	8.47121342e-08	1	0	0x00000000	0x00000000	ok_stream_error	/root/afonso/zephyr-u-mode/zephyr-emlearn-silicon-v2/erbium-amp-probe/luxonis-real-dncnn/tiled-fp32-120x160-h20/a4_geom120x160_h20_f9t_pfw_align128_20260502-232923	local-artifacts/erbium_amp_probe/luxonis-real-dncnn/tiled-fp32-120x160-h20/runs/a4_geom120x160_h20_f9t_pfw_align128_20260502-235223	-O3 -funroll-loops -falign-functions=128 -falign-loops=128 -fno-tree-loop-distribute-patterns -fno-tree-loop-vectorize	DNCNN_VPU_FUSED9TAP=1,DNCNN_VPU_PREFETCH_READ_WINDOW=1
2026-05-02T23:53:25	tile	a4_geom120x160_h20_f9t_pfw_align128	2	120	160	140	180	20	16	1	12.642900			2.649794		33501081600	8.94069672e-07	8.45306189e-08	1	0	0x00000000	0x00000000	ok_stream_error	/root/afonso/zephyr-u-mode/zephyr-emlearn-silicon-v2/erbium-amp-probe/luxonis-real-dncnn/tiled-fp32-120x160-h20/a4_geom120x160_h20_f9t_pfw_align128_20260502-232923	local-artifacts/erbium_amp_probe/luxonis-real-dncnn/tiled-fp32-120x160-h20/runs/a4_geom120x160_h20_f9t_pfw_align128_20260502-235223	-O3 -funroll-loops -falign-functions=128 -falign-loops=128 -fno-tree-loop-distribute-patterns -fno-tree-loop-vectorize	DNCNN_VPU_FUSED9TAP=1,DNCNN_VPU_PREFETCH_READ_WINDOW=1
2026-05-02T23:53:25	tile	a4_geom120x160_h20_f9t_pfw_align128	3	120	160	140	180	20	16	1	12.642400			2.649899		33501081600	7.15255737e-07	8.47709245e-08	1	0	0x00000000	0x00000000	ok_stream_error	/root/afonso/zephyr-u-mode/zephyr-emlearn-silicon-v2/erbium-amp-probe/luxonis-real-dncnn/tiled-fp32-120x160-h20/a4_geom120x160_h20_f9t_pfw_align128_20260502-232923	local-artifacts/erbium_amp_probe/luxonis-real-dncnn/tiled-fp32-120x160-h20/runs/a4_geom120x160_h20_f9t_pfw_align128_20260502-235223	-O3 -funroll-loops -falign-functions=128 -falign-loops=128 -fno-tree-loop-distribute-patterns -fno-tree-loop-vectorize	DNCNN_VPU_FUSED9TAP=1,DNCNN_VPU_PREFETCH_READ_WINDOW=1
2026-05-02T23:53:25	full	a4_geom120x160_h20_f9t_pfw_align128		120	160			20	16	1		50.566900	2.019078	2.650040	102098534400	134004326400	8.94069672e-07	8.48606589e-08	1	0			ok	/root/afonso/zephyr-u-mode/zephyr-emlearn-silicon-v2/erbium-amp-probe/luxonis-real-dncnn/tiled-fp32-120x160-h20/a4_geom120x160_h20_f9t_pfw_align128_20260502-232923	local-artifacts/erbium_amp_probe/luxonis-real-dncnn/tiled-fp32-120x160-h20/runs/a4_geom120x160_h20_f9t_pfw_align128_20260502-235223	-O3 -funroll-loops -falign-functions=128 -falign-loops=128 -fno-tree-loop-distribute-patterns -fno-tree-loop-vectorize	DNCNN_VPU_FUSED9TAP=1,DNCNN_VPU_PREFETCH_READ_WINDOW=1
2026-05-02T23:54:28	tile	a4_geom120x160_h20_f9t_pfw_align128	0	120	160	140	180	20	16	1	12.642800			2.649815		33501081600	8.12113285e-07	8.54289581e-08	1	0	0x00000000	0x00000000	ok_stream_error	/root/afonso/zephyr-u-mode/zephyr-emlearn-silicon-v2/erbium-amp-probe/luxonis-real-dncnn/tiled-fp32-120x160-h20/a4_geom120x160_h20_f9t_pfw_align128_20260502-232923	local-artifacts/erbium_amp_probe/luxonis-real-dncnn/tiled-fp32-120x160-h20/runs/a4_geom120x160_h20_f9t_pfw_align128_20260502-235325	-O3 -funroll-loops -falign-functions=128 -falign-loops=128 -fno-tree-loop-distribute-patterns -fno-tree-loop-vectorize	DNCNN_VPU_FUSED9TAP=1,DNCNN_VPU_PREFETCH_READ_WINDOW=1
2026-05-02T23:54:28	tile	a4_geom120x160_h20_f9t_pfw_align128	1	120	160	140	180	20	16	1	12.642300			2.649920		33501081600	6.70552254e-07	8.47121342e-08	1	0	0x00000000	0x00000000	ok_stream_error	/root/afonso/zephyr-u-mode/zephyr-emlearn-silicon-v2/erbium-amp-probe/luxonis-real-dncnn/tiled-fp32-120x160-h20/a4_geom120x160_h20_f9t_pfw_align128_20260502-232923	local-artifacts/erbium_amp_probe/luxonis-real-dncnn/tiled-fp32-120x160-h20/runs/a4_geom120x160_h20_f9t_pfw_align128_20260502-235325	-O3 -funroll-loops -falign-functions=128 -falign-loops=128 -fno-tree-loop-distribute-patterns -fno-tree-loop-vectorize	DNCNN_VPU_FUSED9TAP=1,DNCNN_VPU_PREFETCH_READ_WINDOW=1
2026-05-02T23:54:28	tile	a4_geom120x160_h20_f9t_pfw_align128	2	120	160	140	180	20	16	1	12.641900			2.650004		33501081600	8.94069672e-07	8.45306189e-08	1	0	0x00000000	0x00000000	ok_stream_error	/root/afonso/zephyr-u-mode/zephyr-emlearn-silicon-v2/erbium-amp-probe/luxonis-real-dncnn/tiled-fp32-120x160-h20/a4_geom120x160_h20_f9t_pfw_align128_20260502-232923	local-artifacts/erbium_amp_probe/luxonis-real-dncnn/tiled-fp32-120x160-h20/runs/a4_geom120x160_h20_f9t_pfw_align128_20260502-235325	-O3 -funroll-loops -falign-functions=128 -falign-loops=128 -fno-tree-loop-distribute-patterns -fno-tree-loop-vectorize	DNCNN_VPU_FUSED9TAP=1,DNCNN_VPU_PREFETCH_READ_WINDOW=1
2026-05-02T23:54:28	tile	a4_geom120x160_h20_f9t_pfw_align128	3	120	160	140	180	20	16	1	12.642100			2.649962		33501081600	7.15255737e-07	8.47709245e-08	1	0	0x00000000	0x00000000	ok_stream_error	/root/afonso/zephyr-u-mode/zephyr-emlearn-silicon-v2/erbium-amp-probe/luxonis-real-dncnn/tiled-fp32-120x160-h20/a4_geom120x160_h20_f9t_pfw_align128_20260502-232923	local-artifacts/erbium_amp_probe/luxonis-real-dncnn/tiled-fp32-120x160-h20/runs/a4_geom120x160_h20_f9t_pfw_align128_20260502-235325	-O3 -funroll-loops -falign-functions=128 -falign-loops=128 -fno-tree-loop-distribute-patterns -fno-tree-loop-vectorize	DNCNN_VPU_FUSED9TAP=1,DNCNN_VPU_PREFETCH_READ_WINDOW=1
2026-05-02T23:54:28	full	a4_geom120x160_h20_f9t_pfw_align128		120	160			20	16	1		50.569100	2.018991	2.649925	102098534400	134004326400	8.94069672e-07	8.48606589e-08	1	0			ok	/root/afonso/zephyr-u-mode/zephyr-emlearn-silicon-v2/erbium-amp-probe/luxonis-real-dncnn/tiled-fp32-120x160-h20/a4_geom120x160_h20_f9t_pfw_align128_20260502-232923	local-artifacts/erbium_amp_probe/luxonis-real-dncnn/tiled-fp32-120x160-h20/runs/a4_geom120x160_h20_f9t_pfw_align128_20260502-235325	-O3 -funroll-loops -falign-functions=128 -falign-loops=128 -fno-tree-loop-distribute-patterns -fno-tree-loop-vectorize	DNCNN_VPU_FUSED9TAP=1,DNCNN_VPU_PREFETCH_READ_WINDOW=1
2026-05-02T23:55:30	tile	a4_geom120x160_h20_f9t_pfw_align128	0	120	160	140	180	20	16	1	12.642200			2.649941		33501081600	8.12113285e-07	8.54289581e-08	1	0	0x00000000	0x00000000	ok_stream_error	/root/afonso/zephyr-u-mode/zephyr-emlearn-silicon-v2/erbium-amp-probe/luxonis-real-dncnn/tiled-fp32-120x160-h20/a4_geom120x160_h20_f9t_pfw_align128_20260502-232923	local-artifacts/erbium_amp_probe/luxonis-real-dncnn/tiled-fp32-120x160-h20/runs/a4_geom120x160_h20_f9t_pfw_align128_20260502-235428	-O3 -funroll-loops -falign-functions=128 -falign-loops=128 -fno-tree-loop-distribute-patterns -fno-tree-loop-vectorize	DNCNN_VPU_FUSED9TAP=1,DNCNN_VPU_PREFETCH_READ_WINDOW=1
2026-05-02T23:55:30	tile	a4_geom120x160_h20_f9t_pfw_align128	1	120	160	140	180	20	16	1	12.642900			2.649794		33501081600	6.70552254e-07	8.47121342e-08	1	0	0x00000000	0x00000000	ok_stream_error	/root/afonso/zephyr-u-mode/zephyr-emlearn-silicon-v2/erbium-amp-probe/luxonis-real-dncnn/tiled-fp32-120x160-h20/a4_geom120x160_h20_f9t_pfw_align128_20260502-232923	local-artifacts/erbium_amp_probe/luxonis-real-dncnn/tiled-fp32-120x160-h20/runs/a4_geom120x160_h20_f9t_pfw_align128_20260502-235428	-O3 -funroll-loops -falign-functions=128 -falign-loops=128 -fno-tree-loop-distribute-patterns -fno-tree-loop-vectorize	DNCNN_VPU_FUSED9TAP=1,DNCNN_VPU_PREFETCH_READ_WINDOW=1
2026-05-02T23:55:30	tile	a4_geom120x160_h20_f9t_pfw_align128	2	120	160	140	180	20	16	1	12.641900			2.650004		33501081600	8.94069672e-07	8.45306189e-08	1	0	0x00000000	0x00000000	ok_stream_error	/root/afonso/zephyr-u-mode/zephyr-emlearn-silicon-v2/erbium-amp-probe/luxonis-real-dncnn/tiled-fp32-120x160-h20/a4_geom120x160_h20_f9t_pfw_align128_20260502-232923	local-artifacts/erbium_amp_probe/luxonis-real-dncnn/tiled-fp32-120x160-h20/runs/a4_geom120x160_h20_f9t_pfw_align128_20260502-235428	-O3 -funroll-loops -falign-functions=128 -falign-loops=128 -fno-tree-loop-distribute-patterns -fno-tree-loop-vectorize	DNCNN_VPU_FUSED9TAP=1,DNCNN_VPU_PREFETCH_READ_WINDOW=1
2026-05-02T23:55:30	tile	a4_geom120x160_h20_f9t_pfw_align128	3	120	160	140	180	20	16	1	12.641300			2.650129		33501081600	7.15255737e-07	8.47709245e-08	1	0	0x00000000	0x00000000	ok_stream_error	/root/afonso/zephyr-u-mode/zephyr-emlearn-silicon-v2/erbium-amp-probe/luxonis-real-dncnn/tiled-fp32-120x160-h20/a4_geom120x160_h20_f9t_pfw_align128_20260502-232923	local-artifacts/erbium_amp_probe/luxonis-real-dncnn/tiled-fp32-120x160-h20/runs/a4_geom120x160_h20_f9t_pfw_align128_20260502-235428	-O3 -funroll-loops -falign-functions=128 -falign-loops=128 -fno-tree-loop-distribute-patterns -fno-tree-loop-vectorize	DNCNN_VPU_FUSED9TAP=1,DNCNN_VPU_PREFETCH_READ_WINDOW=1
2026-05-02T23:55:30	full	a4_geom120x160_h20_f9t_pfw_align128		120	160			20	16	1		50.568300	2.019022	2.649967	102098534400	134004326400	8.94069672e-07	8.48606589e-08	1	0			ok	/root/afonso/zephyr-u-mode/zephyr-emlearn-silicon-v2/erbium-amp-probe/luxonis-real-dncnn/tiled-fp32-120x160-h20/a4_geom120x160_h20_f9t_pfw_align128_20260502-232923	local-artifacts/erbium_amp_probe/luxonis-real-dncnn/tiled-fp32-120x160-h20/runs/a4_geom120x160_h20_f9t_pfw_align128_20260502-235428	-O3 -funroll-loops -falign-functions=128 -falign-loops=128 -fno-tree-loop-distribute-patterns -fno-tree-loop-vectorize	DNCNN_VPU_FUSED9TAP=1,DNCNN_VPU_PREFETCH_READ_WINDOW=1
2026-05-02T23:56:34	tile	a4_geom120x160_h20_f9t_pfw_align128	0	120	160	140	180	20	16	1	12.641800			2.650025		33501081600	8.12113285e-07	8.54289581e-08	1	0	0x00000000	0x00000000	ok_stream_error	/root/afonso/zephyr-u-mode/zephyr-emlearn-silicon-v2/erbium-amp-probe/luxonis-real-dncnn/tiled-fp32-120x160-h20/a4_geom120x160_h20_f9t_pfw_align128_20260502-232923	local-artifacts/erbium_amp_probe/luxonis-real-dncnn/tiled-fp32-120x160-h20/runs/a4_geom120x160_h20_f9t_pfw_align128_20260502-235531	-O3 -funroll-loops -falign-functions=128 -falign-loops=128 -fno-tree-loop-distribute-patterns -fno-tree-loop-vectorize	DNCNN_VPU_FUSED9TAP=1,DNCNN_VPU_PREFETCH_READ_WINDOW=1
2026-05-02T23:56:34	tile	a4_geom120x160_h20_f9t_pfw_align128	1	120	160	140	180	20	16	1	12.643300			2.649710		33501081600	6.70552254e-07	8.47121342e-08	1	0	0x00000000	0x00000000	ok_stream_error	/root/afonso/zephyr-u-mode/zephyr-emlearn-silicon-v2/erbium-amp-probe/luxonis-real-dncnn/tiled-fp32-120x160-h20/a4_geom120x160_h20_f9t_pfw_align128_20260502-232923	local-artifacts/erbium_amp_probe/luxonis-real-dncnn/tiled-fp32-120x160-h20/runs/a4_geom120x160_h20_f9t_pfw_align128_20260502-235531	-O3 -funroll-loops -falign-functions=128 -falign-loops=128 -fno-tree-loop-distribute-patterns -fno-tree-loop-vectorize	DNCNN_VPU_FUSED9TAP=1,DNCNN_VPU_PREFETCH_READ_WINDOW=1
2026-05-02T23:56:34	tile	a4_geom120x160_h20_f9t_pfw_align128	2	120	160	140	180	20	16	1	12.642000			2.649983		33501081600	8.94069672e-07	8.45306189e-08	1	0	0x00000000	0x00000000	ok_stream_error	/root/afonso/zephyr-u-mode/zephyr-emlearn-silicon-v2/erbium-amp-probe/luxonis-real-dncnn/tiled-fp32-120x160-h20/a4_geom120x160_h20_f9t_pfw_align128_20260502-232923	local-artifacts/erbium_amp_probe/luxonis-real-dncnn/tiled-fp32-120x160-h20/runs/a4_geom120x160_h20_f9t_pfw_align128_20260502-235531	-O3 -funroll-loops -falign-functions=128 -falign-loops=128 -fno-tree-loop-distribute-patterns -fno-tree-loop-vectorize	DNCNN_VPU_FUSED9TAP=1,DNCNN_VPU_PREFETCH_READ_WINDOW=1
2026-05-02T23:56:34	tile	a4_geom120x160_h20_f9t_pfw_align128	3	120	160	140	180	20	16	1	12.643300			2.649710		33501081600	7.15255737e-07	8.47709245e-08	1	0	0x00000000	0x00000000	ok_stream_error	/root/afonso/zephyr-u-mode/zephyr-emlearn-silicon-v2/erbium-amp-probe/luxonis-real-dncnn/tiled-fp32-120x160-h20/a4_geom120x160_h20_f9t_pfw_align128_20260502-232923	local-artifacts/erbium_amp_probe/luxonis-real-dncnn/tiled-fp32-120x160-h20/runs/a4_geom120x160_h20_f9t_pfw_align128_20260502-235531	-O3 -funroll-loops -falign-functions=128 -falign-loops=128 -fno-tree-loop-distribute-patterns -fno-tree-loop-vectorize	DNCNN_VPU_FUSED9TAP=1,DNCNN_VPU_PREFETCH_READ_WINDOW=1
2026-05-02T23:56:34	full	a4_geom120x160_h20_f9t_pfw_align128		120	160			20	16	1		50.570400	2.018939	2.649857	102098534400	134004326400	8.94069672e-07	8.48606589e-08	1	0			ok	/root/afonso/zephyr-u-mode/zephyr-emlearn-silicon-v2/erbium-amp-probe/luxonis-real-dncnn/tiled-fp32-120x160-h20/a4_geom120x160_h20_f9t_pfw_align128_20260502-232923	local-artifacts/erbium_amp_probe/luxonis-real-dncnn/tiled-fp32-120x160-h20/runs/a4_geom120x160_h20_f9t_pfw_align128_20260502-235531	-O3 -funroll-loops -falign-functions=128 -falign-loops=128 -fno-tree-loop-distribute-patterns -fno-tree-loop-vectorize	DNCNN_VPU_FUSED9TAP=1,DNCNN_VPU_PREFETCH_READ_WINDOW=1
2026-05-02T23:57:36	tile	a4_geom120x160_h20_f9t_pfw_align128	0	120	160	140	180	20	16	1	12.642500			2.649878		33501081600	8.12113285e-07	8.54289581e-08	1	0	0x00000000	0x00000000	ok_stream_error	/root/afonso/zephyr-u-mode/zephyr-emlearn-silicon-v2/erbium-amp-probe/luxonis-real-dncnn/tiled-fp32-120x160-h20/a4_geom120x160_h20_f9t_pfw_align128_20260502-232923	local-artifacts/erbium_amp_probe/luxonis-real-dncnn/tiled-fp32-120x160-h20/runs/a4_geom120x160_h20_f9t_pfw_align128_20260502-235634	-O3 -funroll-loops -falign-functions=128 -falign-loops=128 -fno-tree-loop-distribute-patterns -fno-tree-loop-vectorize	DNCNN_VPU_FUSED9TAP=1,DNCNN_VPU_PREFETCH_READ_WINDOW=1
2026-05-02T23:57:36	tile	a4_geom120x160_h20_f9t_pfw_align128	1	120	160	140	180	20	16	1	12.643500			2.649668		33501081600	6.70552254e-07	8.47121342e-08	1	0	0x00000000	0x00000000	ok_stream_error	/root/afonso/zephyr-u-mode/zephyr-emlearn-silicon-v2/erbium-amp-probe/luxonis-real-dncnn/tiled-fp32-120x160-h20/a4_geom120x160_h20_f9t_pfw_align128_20260502-232923	local-artifacts/erbium_amp_probe/luxonis-real-dncnn/tiled-fp32-120x160-h20/runs/a4_geom120x160_h20_f9t_pfw_align128_20260502-235634	-O3 -funroll-loops -falign-functions=128 -falign-loops=128 -fno-tree-loop-distribute-patterns -fno-tree-loop-vectorize	DNCNN_VPU_FUSED9TAP=1,DNCNN_VPU_PREFETCH_READ_WINDOW=1
2026-05-02T23:57:36	tile	a4_geom120x160_h20_f9t_pfw_align128	2	120	160	140	180	20	16	1	12.641000			2.650192		33501081600	8.94069672e-07	8.45306189e-08	1	0	0x00000000	0x00000000	ok_stream_error	/root/afonso/zephyr-u-mode/zephyr-emlearn-silicon-v2/erbium-amp-probe/luxonis-real-dncnn/tiled-fp32-120x160-h20/a4_geom120x160_h20_f9t_pfw_align128_20260502-232923	local-artifacts/erbium_amp_probe/luxonis-real-dncnn/tiled-fp32-120x160-h20/runs/a4_geom120x160_h20_f9t_pfw_align128_20260502-235634	-O3 -funroll-loops -falign-functions=128 -falign-loops=128 -fno-tree-loop-distribute-patterns -fno-tree-loop-vectorize	DNCNN_VPU_FUSED9TAP=1,DNCNN_VPU_PREFETCH_READ_WINDOW=1
2026-05-02T23:57:36	tile	a4_geom120x160_h20_f9t_pfw_align128	3	120	160	140	180	20	16	1	12.646100			2.649124		33501081600	7.15255737e-07	8.47709245e-08	1	0	0x00000000	0x00000000	ok_stream_error	/root/afonso/zephyr-u-mode/zephyr-emlearn-silicon-v2/erbium-amp-probe/luxonis-real-dncnn/tiled-fp32-120x160-h20/a4_geom120x160_h20_f9t_pfw_align128_20260502-232923	local-artifacts/erbium_amp_probe/luxonis-real-dncnn/tiled-fp32-120x160-h20/runs/a4_geom120x160_h20_f9t_pfw_align128_20260502-235634	-O3 -funroll-loops -falign-functions=128 -falign-loops=128 -fno-tree-loop-distribute-patterns -fno-tree-loop-vectorize	DNCNN_VPU_FUSED9TAP=1,DNCNN_VPU_PREFETCH_READ_WINDOW=1
2026-05-02T23:57:36	full	a4_geom120x160_h20_f9t_pfw_align128		120	160			20	16	1		50.573100	2.018831	2.649715	102098534400	134004326400	8.94069672e-07	8.48606589e-08	1	0			ok	/root/afonso/zephyr-u-mode/zephyr-emlearn-silicon-v2/erbium-amp-probe/luxonis-real-dncnn/tiled-fp32-120x160-h20/a4_geom120x160_h20_f9t_pfw_align128_20260502-232923	local-artifacts/erbium_amp_probe/luxonis-real-dncnn/tiled-fp32-120x160-h20/runs/a4_geom120x160_h20_f9t_pfw_align128_20260502-235634	-O3 -funroll-loops -falign-functions=128 -falign-loops=128 -fno-tree-loop-distribute-patterns -fno-tree-loop-vectorize	DNCNN_VPU_FUSED9TAP=1,DNCNN_VPU_PREFETCH_READ_WINDOW=1
2026-05-02T23:58:38	tile	a4_geom120x160_h20_f9t_pfw_align128	0	120	160	140	180	20	16	1	12.642400			2.649899		33501081600	8.12113285e-07	8.54289581e-08	1	0	0x00000000	0x00000000	ok_stream_error	/root/afonso/zephyr-u-mode/zephyr-emlearn-silicon-v2/erbium-amp-probe/luxonis-real-dncnn/tiled-fp32-120x160-h20/a4_geom120x160_h20_f9t_pfw_align128_20260502-232923	local-artifacts/erbium_amp_probe/luxonis-real-dncnn/tiled-fp32-120x160-h20/runs/a4_geom120x160_h20_f9t_pfw_align128_20260502-235736	-O3 -funroll-loops -falign-functions=128 -falign-loops=128 -fno-tree-loop-distribute-patterns -fno-tree-loop-vectorize	DNCNN_VPU_FUSED9TAP=1,DNCNN_VPU_PREFETCH_READ_WINDOW=1
2026-05-02T23:58:38	tile	a4_geom120x160_h20_f9t_pfw_align128	1	120	160	140	180	20	16	1	12.642000			2.649983		33501081600	6.70552254e-07	8.47121342e-08	1	0	0x00000000	0x00000000	ok_stream_error	/root/afonso/zephyr-u-mode/zephyr-emlearn-silicon-v2/erbium-amp-probe/luxonis-real-dncnn/tiled-fp32-120x160-h20/a4_geom120x160_h20_f9t_pfw_align128_20260502-232923	local-artifacts/erbium_amp_probe/luxonis-real-dncnn/tiled-fp32-120x160-h20/runs/a4_geom120x160_h20_f9t_pfw_align128_20260502-235736	-O3 -funroll-loops -falign-functions=128 -falign-loops=128 -fno-tree-loop-distribute-patterns -fno-tree-loop-vectorize	DNCNN_VPU_FUSED9TAP=1,DNCNN_VPU_PREFETCH_READ_WINDOW=1
2026-05-02T23:58:38	tile	a4_geom120x160_h20_f9t_pfw_align128	2	120	160	140	180	20	16	1	12.640400			2.650318		33501081600	8.94069672e-07	8.45306189e-08	1	0	0x00000000	0x00000000	ok_stream_error	/root/afonso/zephyr-u-mode/zephyr-emlearn-silicon-v2/erbium-amp-probe/luxonis-real-dncnn/tiled-fp32-120x160-h20/a4_geom120x160_h20_f9t_pfw_align128_20260502-232923	local-artifacts/erbium_amp_probe/luxonis-real-dncnn/tiled-fp32-120x160-h20/runs/a4_geom120x160_h20_f9t_pfw_align128_20260502-235736	-O3 -funroll-loops -falign-functions=128 -falign-loops=128 -fno-tree-loop-distribute-patterns -fno-tree-loop-vectorize	DNCNN_VPU_FUSED9TAP=1,DNCNN_VPU_PREFETCH_READ_WINDOW=1
2026-05-02T23:58:38	tile	a4_geom120x160_h20_f9t_pfw_align128	3	120	160	140	180	20	16	1	12.642200			2.649941		33501081600	7.15255737e-07	8.47709245e-08	1	0	0x00000000	0x00000000	ok_stream_error	/root/afonso/zephyr-u-mode/zephyr-emlearn-silicon-v2/erbium-amp-probe/luxonis-real-dncnn/tiled-fp32-120x160-h20/a4_geom120x160_h20_f9t_pfw_align128_20260502-232923	local-artifacts/erbium_amp_probe/luxonis-real-dncnn/tiled-fp32-120x160-h20/runs/a4_geom120x160_h20_f9t_pfw_align128_20260502-235736	-O3 -funroll-loops -falign-functions=128 -falign-loops=128 -fno-tree-loop-distribute-patterns -fno-tree-loop-vectorize	DNCNN_VPU_FUSED9TAP=1,DNCNN_VPU_PREFETCH_READ_WINDOW=1
2026-05-02T23:58:38	full	a4_geom120x160_h20_f9t_pfw_align128		120	160			20	16	1		50.567000	2.019074	2.650035	102098534400	134004326400	8.94069672e-07	8.48606589e-08	1	0			ok	/root/afonso/zephyr-u-mode/zephyr-emlearn-silicon-v2/erbium-amp-probe/luxonis-real-dncnn/tiled-fp32-120x160-h20/a4_geom120x160_h20_f9t_pfw_align128_20260502-232923	local-artifacts/erbium_amp_probe/luxonis-real-dncnn/tiled-fp32-120x160-h20/runs/a4_geom120x160_h20_f9t_pfw_align128_20260502-235736	-O3 -funroll-loops -falign-functions=128 -falign-loops=128 -fno-tree-loop-distribute-patterns -fno-tree-loop-vectorize	DNCNN_VPU_FUSED9TAP=1,DNCNN_VPU_PREFETCH_READ_WINDOW=1
2026-05-02T23:59:40	tile	a4_geom120x160_h20_f9t_pfw_align128	0	120	160	140	180	20	16	1	12.641900			2.650004		33501081600	8.12113285e-07	8.54289581e-08	1	0	0x00000000	0x00000000	ok_stream_error	/root/afonso/zephyr-u-mode/zephyr-emlearn-silicon-v2/erbium-amp-probe/luxonis-real-dncnn/tiled-fp32-120x160-h20/a4_geom120x160_h20_f9t_pfw_align128_20260502-232923	local-artifacts/erbium_amp_probe/luxonis-real-dncnn/tiled-fp32-120x160-h20/runs/a4_geom120x160_h20_f9t_pfw_align128_20260502-235838	-O3 -funroll-loops -falign-functions=128 -falign-loops=128 -fno-tree-loop-distribute-patterns -fno-tree-loop-vectorize	DNCNN_VPU_FUSED9TAP=1,DNCNN_VPU_PREFETCH_READ_WINDOW=1
2026-05-02T23:59:40	tile	a4_geom120x160_h20_f9t_pfw_align128	1	120	160	140	180	20	16	1	12.641700			2.650046		33501081600	6.70552254e-07	8.47121342e-08	1	0	0x00000000	0x00000000	ok_stream_error	/root/afonso/zephyr-u-mode/zephyr-emlearn-silicon-v2/erbium-amp-probe/luxonis-real-dncnn/tiled-fp32-120x160-h20/a4_geom120x160_h20_f9t_pfw_align128_20260502-232923	local-artifacts/erbium_amp_probe/luxonis-real-dncnn/tiled-fp32-120x160-h20/runs/a4_geom120x160_h20_f9t_pfw_align128_20260502-235838	-O3 -funroll-loops -falign-functions=128 -falign-loops=128 -fno-tree-loop-distribute-patterns -fno-tree-loop-vectorize	DNCNN_VPU_FUSED9TAP=1,DNCNN_VPU_PREFETCH_READ_WINDOW=1
2026-05-02T23:59:40	tile	a4_geom120x160_h20_f9t_pfw_align128	2	120	160	140	180	20	16	1	12.642700			2.649836		33501081600	8.94069672e-07	8.45306189e-08	1	0	0x00000000	0x00000000	ok_stream_error	/root/afonso/zephyr-u-mode/zephyr-emlearn-silicon-v2/erbium-amp-probe/luxonis-real-dncnn/tiled-fp32-120x160-h20/a4_geom120x160_h20_f9t_pfw_align128_20260502-232923	local-artifacts/erbium_amp_probe/luxonis-real-dncnn/tiled-fp32-120x160-h20/runs/a4_geom120x160_h20_f9t_pfw_align128_20260502-235838	-O3 -funroll-loops -falign-functions=128 -falign-loops=128 -fno-tree-loop-distribute-patterns -fno-tree-loop-vectorize	DNCNN_VPU_FUSED9TAP=1,DNCNN_VPU_PREFETCH_READ_WINDOW=1
2026-05-02T23:59:40	tile	a4_geom120x160_h20_f9t_pfw_align128	3	120	160	140	180	20	16	1	12.642500			2.649878		33501081600	7.15255737e-07	8.47709245e-08	1	0	0x00000000	0x00000000	ok_stream_error	/root/afonso/zephyr-u-mode/zephyr-emlearn-silicon-v2/erbium-amp-probe/luxonis-real-dncnn/tiled-fp32-120x160-h20/a4_geom120x160_h20_f9t_pfw_align128_20260502-232923	local-artifacts/erbium_amp_probe/luxonis-real-dncnn/tiled-fp32-120x160-h20/runs/a4_geom120x160_h20_f9t_pfw_align128_20260502-235838	-O3 -funroll-loops -falign-functions=128 -falign-loops=128 -fno-tree-loop-distribute-patterns -fno-tree-loop-vectorize	DNCNN_VPU_FUSED9TAP=1,DNCNN_VPU_PREFETCH_READ_WINDOW=1
2026-05-02T23:59:40	full	a4_geom120x160_h20_f9t_pfw_align128		120	160			20	16	1		50.568800	2.019003	2.649941	102098534400	134004326400	8.94069672e-07	8.48606589e-08	1	0			ok	/root/afonso/zephyr-u-mode/zephyr-emlearn-silicon-v2/erbium-amp-probe/luxonis-real-dncnn/tiled-fp32-120x160-h20/a4_geom120x160_h20_f9t_pfw_align128_20260502-232923	local-artifacts/erbium_amp_probe/luxonis-real-dncnn/tiled-fp32-120x160-h20/runs/a4_geom120x160_h20_f9t_pfw_align128_20260502-235838	-O3 -funroll-loops -falign-functions=128 -falign-loops=128 -fno-tree-loop-distribute-patterns -fno-tree-loop-vectorize	DNCNN_VPU_FUSED9TAP=1,DNCNN_VPU_PREFETCH_READ_WINDOW=1
2026-05-03T00:00:42	tile	a4_geom120x160_h20_f9t_pfw_align128	0	120	160	140	180	20	16	1	12.642400			2.649899		33501081600	8.12113285e-07	8.54289581e-08	1	0	0x00000000	0x00000000	ok_stream_error	/root/afonso/zephyr-u-mode/zephyr-emlearn-silicon-v2/erbium-amp-probe/luxonis-real-dncnn/tiled-fp32-120x160-h20/a4_geom120x160_h20_f9t_pfw_align128_20260502-232923	local-artifacts/erbium_amp_probe/luxonis-real-dncnn/tiled-fp32-120x160-h20/runs/a4_geom120x160_h20_f9t_pfw_align128_20260502-235940	-O3 -funroll-loops -falign-functions=128 -falign-loops=128 -fno-tree-loop-distribute-patterns -fno-tree-loop-vectorize	DNCNN_VPU_FUSED9TAP=1,DNCNN_VPU_PREFETCH_READ_WINDOW=1
2026-05-03T00:00:42	tile	a4_geom120x160_h20_f9t_pfw_align128	1	120	160	140	180	20	16	1	12.642100			2.649962		33501081600	6.70552254e-07	8.47121342e-08	1	0	0x00000000	0x00000000	ok_stream_error	/root/afonso/zephyr-u-mode/zephyr-emlearn-silicon-v2/erbium-amp-probe/luxonis-real-dncnn/tiled-fp32-120x160-h20/a4_geom120x160_h20_f9t_pfw_align128_20260502-232923	local-artifacts/erbium_amp_probe/luxonis-real-dncnn/tiled-fp32-120x160-h20/runs/a4_geom120x160_h20_f9t_pfw_align128_20260502-235940	-O3 -funroll-loops -falign-functions=128 -falign-loops=128 -fno-tree-loop-distribute-patterns -fno-tree-loop-vectorize	DNCNN_VPU_FUSED9TAP=1,DNCNN_VPU_PREFETCH_READ_WINDOW=1
2026-05-03T00:00:42	tile	a4_geom120x160_h20_f9t_pfw_align128	2	120	160	140	180	20	16	1	12.639600			2.650486		33501081600	8.94069672e-07	8.45306189e-08	1	0	0x00000000	0x00000000	ok_stream_error	/root/afonso/zephyr-u-mode/zephyr-emlearn-silicon-v2/erbium-amp-probe/luxonis-real-dncnn/tiled-fp32-120x160-h20/a4_geom120x160_h20_f9t_pfw_align128_20260502-232923	local-artifacts/erbium_amp_probe/luxonis-real-dncnn/tiled-fp32-120x160-h20/runs/a4_geom120x160_h20_f9t_pfw_align128_20260502-235940	-O3 -funroll-loops -falign-functions=128 -falign-loops=128 -fno-tree-loop-distribute-patterns -fno-tree-loop-vectorize	DNCNN_VPU_FUSED9TAP=1,DNCNN_VPU_PREFETCH_READ_WINDOW=1
2026-05-03T00:00:42	tile	a4_geom120x160_h20_f9t_pfw_align128	3	120	160	140	180	20	16	1	12.640500			2.650297		33501081600	7.15255737e-07	8.47709245e-08	1	0	0x00000000	0x00000000	ok_stream_error	/root/afonso/zephyr-u-mode/zephyr-emlearn-silicon-v2/erbium-amp-probe/luxonis-real-dncnn/tiled-fp32-120x160-h20/a4_geom120x160_h20_f9t_pfw_align128_20260502-232923	local-artifacts/erbium_amp_probe/luxonis-real-dncnn/tiled-fp32-120x160-h20/runs/a4_geom120x160_h20_f9t_pfw_align128_20260502-235940	-O3 -funroll-loops -falign-functions=128 -falign-loops=128 -fno-tree-loop-distribute-patterns -fno-tree-loop-vectorize	DNCNN_VPU_FUSED9TAP=1,DNCNN_VPU_PREFETCH_READ_WINDOW=1
2026-05-03T00:00:42	full	a4_geom120x160_h20_f9t_pfw_align128		120	160			20	16	1		50.564600	2.019170	2.650161	102098534400	134004326400	8.94069672e-07	8.48606589e-08	1	0			ok	/root/afonso/zephyr-u-mode/zephyr-emlearn-silicon-v2/erbium-amp-probe/luxonis-real-dncnn/tiled-fp32-120x160-h20/a4_geom120x160_h20_f9t_pfw_align128_20260502-232923	local-artifacts/erbium_amp_probe/luxonis-real-dncnn/tiled-fp32-120x160-h20/runs/a4_geom120x160_h20_f9t_pfw_align128_20260502-235940	-O3 -funroll-loops -falign-functions=128 -falign-loops=128 -fno-tree-loop-distribute-patterns -fno-tree-loop-vectorize	DNCNN_VPU_FUSED9TAP=1,DNCNN_VPU_PREFETCH_READ_WINDOW=1
2026-05-03T00:01:43	tile	a4_geom120x160_h20_f9t_pfw_align128	0	120	160	140	180	20	16	1	12.642800			2.649815		33501081600	8.12113285e-07	8.54289581e-08	1	0	0x00000000	0x00000000	ok_stream_error	/root/afonso/zephyr-u-mode/zephyr-emlearn-silicon-v2/erbium-amp-probe/luxonis-real-dncnn/tiled-fp32-120x160-h20/a4_geom120x160_h20_f9t_pfw_align128_20260502-232923	local-artifacts/erbium_amp_probe/luxonis-real-dncnn/tiled-fp32-120x160-h20/runs/a4_geom120x160_h20_f9t_pfw_align128_20260503-000042	-O3 -funroll-loops -falign-functions=128 -falign-loops=128 -fno-tree-loop-distribute-patterns -fno-tree-loop-vectorize	DNCNN_VPU_FUSED9TAP=1,DNCNN_VPU_PREFETCH_READ_WINDOW=1
2026-05-03T00:01:43	tile	a4_geom120x160_h20_f9t_pfw_align128	1	120	160	140	180	20	16	1	12.641100			2.650171		33501081600	6.70552254e-07	8.47121342e-08	1	0	0x00000000	0x00000000	ok_stream_error	/root/afonso/zephyr-u-mode/zephyr-emlearn-silicon-v2/erbium-amp-probe/luxonis-real-dncnn/tiled-fp32-120x160-h20/a4_geom120x160_h20_f9t_pfw_align128_20260502-232923	local-artifacts/erbium_amp_probe/luxonis-real-dncnn/tiled-fp32-120x160-h20/runs/a4_geom120x160_h20_f9t_pfw_align128_20260503-000042	-O3 -funroll-loops -falign-functions=128 -falign-loops=128 -fno-tree-loop-distribute-patterns -fno-tree-loop-vectorize	DNCNN_VPU_FUSED9TAP=1,DNCNN_VPU_PREFETCH_READ_WINDOW=1
2026-05-03T00:01:43	tile	a4_geom120x160_h20_f9t_pfw_align128	2	120	160	140	180	20	16	1	12.641800			2.650025		33501081600	8.94069672e-07	8.45306189e-08	1	0	0x00000000	0x00000000	ok_stream_error	/root/afonso/zephyr-u-mode/zephyr-emlearn-silicon-v2/erbium-amp-probe/luxonis-real-dncnn/tiled-fp32-120x160-h20/a4_geom120x160_h20_f9t_pfw_align128_20260502-232923	local-artifacts/erbium_amp_probe/luxonis-real-dncnn/tiled-fp32-120x160-h20/runs/a4_geom120x160_h20_f9t_pfw_align128_20260503-000042	-O3 -funroll-loops -falign-functions=128 -falign-loops=128 -fno-tree-loop-distribute-patterns -fno-tree-loop-vectorize	DNCNN_VPU_FUSED9TAP=1,DNCNN_VPU_PREFETCH_READ_WINDOW=1
2026-05-03T00:01:43	tile	a4_geom120x160_h20_f9t_pfw_align128	3	120	160	140	180	20	16	1	12.643100			2.649752		33501081600	7.15255737e-07	8.47709245e-08	1	0	0x00000000	0x00000000	ok_stream_error	/root/afonso/zephyr-u-mode/zephyr-emlearn-silicon-v2/erbium-amp-probe/luxonis-real-dncnn/tiled-fp32-120x160-h20/a4_geom120x160_h20_f9t_pfw_align128_20260502-232923	local-artifacts/erbium_amp_probe/luxonis-real-dncnn/tiled-fp32-120x160-h20/runs/a4_geom120x160_h20_f9t_pfw_align128_20260503-000042	-O3 -funroll-loops -falign-functions=128 -falign-loops=128 -fno-tree-loop-distribute-patterns -fno-tree-loop-vectorize	DNCNN_VPU_FUSED9TAP=1,DNCNN_VPU_PREFETCH_READ_WINDOW=1
2026-05-03T00:01:43	full	a4_geom120x160_h20_f9t_pfw_align128		120	160			20	16	1		50.568800	2.019003	2.649941	102098534400	134004326400	8.94069672e-07	8.48606589e-08	1	0			ok	/root/afonso/zephyr-u-mode/zephyr-emlearn-silicon-v2/erbium-amp-probe/luxonis-real-dncnn/tiled-fp32-120x160-h20/a4_geom120x160_h20_f9t_pfw_align128_20260502-232923	local-artifacts/erbium_amp_probe/luxonis-real-dncnn/tiled-fp32-120x160-h20/runs/a4_geom120x160_h20_f9t_pfw_align128_20260503-000042	-O3 -funroll-loops -falign-functions=128 -falign-loops=128 -fno-tree-loop-distribute-patterns -fno-tree-loop-vectorize	DNCNN_VPU_FUSED9TAP=1,DNCNN_VPU_PREFETCH_READ_WINDOW=1
2026-05-04T18:31:51	tile	a3_tiled64_halo20_f9t_pfw_align128	0	64	64	84	84	20	16	1	3.990090			2.350900		9380302848	7.67409801e-07	8.81368578e-08	1	0	0x00000000	0x00000000	ok_stream_error	/root/afonso/zephyr-u-mode/zephyr-emlearn-silicon-v2/erbium-amp-probe/luxonis-real-dncnn/tiled-fp32/a3_tiled64_halo20_f9t_pfw_align128_20260502-231506	local-artifacts/erbium_amp_probe/luxonis-real-dncnn/tiled-fp32/runs/a3_tiled64_halo20_f9t_pfw_align128_20260504-182946	-O3 -funroll-loops -falign-functions=128 -falign-loops=128 -fno-tree-loop-distribute-patterns -fno-tree-loop-vectorize	DNCNN_VPU_FUSED9TAP=1,DNCNN_VPU_PREFETCH_READ_WINDOW=1
2026-05-04T18:31:51	tile	a3_tiled64_halo20_f9t_pfw_align128	1	64	64	84	104	20	16	1	4.978210			2.332908		11613708288	8.12113285e-07	8.54429345e-08	1	0	0x00000000	0x00000000	ok_stream_error	/root/afonso/zephyr-u-mode/zephyr-emlearn-silicon-v2/erbium-amp-probe/luxonis-real-dncnn/tiled-fp32/a3_tiled64_halo20_f9t_pfw_align128_20260502-231506	local-artifacts/erbium_amp_probe/luxonis-real-dncnn/tiled-fp32/runs/a3_tiled64_halo20_f9t_pfw_align128_20260504-182946	-O3 -funroll-loops -falign-functions=128 -falign-loops=128 -fno-tree-loop-distribute-patterns -fno-tree-loop-vectorize	DNCNN_VPU_FUSED9TAP=1,DNCNN_VPU_PREFETCH_READ_WINDOW=1
2026-05-04T18:31:51	tile	a3_tiled64_halo20_f9t_pfw_align128	2	64	64	84	104	20	16	1	4.973070			2.335320		11613708288	5.36441803e-07	8.52019184e-08	1	0	0x00000000	0x00000000	ok_stream_error	/root/afonso/zephyr-u-mode/zephyr-emlearn-silicon-v2/erbium-amp-probe/luxonis-real-dncnn/tiled-fp32/a3_tiled64_halo20_f9t_pfw_align128_20260502-231506	local-artifacts/erbium_amp_probe/luxonis-real-dncnn/tiled-fp32/runs/a3_tiled64_halo20_f9t_pfw_align128_20260504-182946	-O3 -funroll-loops -falign-functions=128 -falign-loops=128 -fno-tree-loop-distribute-patterns -fno-tree-loop-vectorize	DNCNN_VPU_FUSED9TAP=1,DNCNN_VPU_PREFETCH_READ_WINDOW=1
2026-05-04T18:31:51	tile	a3_tiled64_halo20_f9t_pfw_align128	3	64	64	84	104	20	16	1	4.973260			2.335230		11613708288	5.06639481e-07	8.48526724e-08	1	0	0x00000000	0x00000000	ok_stream_error	/root/afonso/zephyr-u-mode/zephyr-emlearn-silicon-v2/erbium-amp-probe/luxonis-real-dncnn/tiled-fp32/a3_tiled64_halo20_f9t_pfw_align128_20260502-231506	local-artifacts/erbium_amp_probe/luxonis-real-dncnn/tiled-fp32/runs/a3_tiled64_halo20_f9t_pfw_align128_20260504-182946	-O3 -funroll-loops -falign-functions=128 -falign-loops=128 -fno-tree-loop-distribute-patterns -fno-tree-loop-vectorize	DNCNN_VPU_FUSED9TAP=1,DNCNN_VPU_PREFETCH_READ_WINDOW=1
2026-05-04T18:31:51	tile	a3_tiled64_halo20_f9t_pfw_align128	4	64	64	84	84	20	16	1	3.990080			2.350906		9380302848	6.70552254e-07	8.70281838e-08	1	0	0x00000000	0x00000000	ok_stream_error	/root/afonso/zephyr-u-mode/zephyr-emlearn-silicon-v2/erbium-amp-probe/luxonis-real-dncnn/tiled-fp32/a3_tiled64_halo20_f9t_pfw_align128_20260502-231506	local-artifacts/erbium_amp_probe/luxonis-real-dncnn/tiled-fp32/runs/a3_tiled64_halo20_f9t_pfw_align128_20260504-182946	-O3 -funroll-loops -falign-functions=128 -falign-loops=128 -fno-tree-loop-distribute-patterns -fno-tree-loop-vectorize	DNCNN_VPU_FUSED9TAP=1,DNCNN_VPU_PREFETCH_READ_WINDOW=1
2026-05-04T18:31:51	tile	a3_tiled64_halo20_f9t_pfw_align128	5	64	64	104	84	20	16	1	4.652600			2.496176		11613708288	5.51342964e-07	8.45702743e-08	1	0	0x00000000	0x00000000	ok_stream_error	/root/afonso/zephyr-u-mode/zephyr-emlearn-silicon-v2/erbium-amp-probe/luxonis-real-dncnn/tiled-fp32/a3_tiled64_halo20_f9t_pfw_align128_20260502-231506	local-artifacts/erbium_amp_probe/luxonis-real-dncnn/tiled-fp32/runs/a3_tiled64_halo20_f9t_pfw_align128_20260504-182946	-O3 -funroll-loops -falign-functions=128 -falign-loops=128 -fno-tree-loop-distribute-patterns -fno-tree-loop-vectorize	DNCNN_VPU_FUSED9TAP=1,DNCNN_VPU_PREFETCH_READ_WINDOW=1
2026-05-04T18:31:51	tile	a3_tiled64_halo20_f9t_pfw_align128	6	64	64	104	104	20	16	1	5.681470			2.530837		14378876928	3.87430191e-07	8.35389073e-08	1	0	0x00000000	0x00000000	ok_stream_error	/root/afonso/zephyr-u-mode/zephyr-emlearn-silicon-v2/erbium-amp-probe/luxonis-real-dncnn/tiled-fp32/a3_tiled64_halo20_f9t_pfw_align128_20260502-231506	local-artifacts/erbium_amp_probe/luxonis-real-dncnn/tiled-fp32/runs/a3_tiled64_halo20_f9t_pfw_align128_20260504-182946	-O3 -funroll-loops -falign-functions=128 -falign-loops=128 -fno-tree-loop-distribute-patterns -fno-tree-loop-vectorize	DNCNN_VPU_FUSED9TAP=1,DNCNN_VPU_PREFETCH_READ_WINDOW=1
2026-05-04T18:31:51	tile	a3_tiled64_halo20_f9t_pfw_align128	7	64	64	104	104	20	16	1	5.681850			2.530668		14378876928	3.87430191e-07	8.30650606e-08	1	0	0x00000000	0x00000000	ok_stream_error	/root/afonso/zephyr-u-mode/zephyr-emlearn-silicon-v2/erbium-amp-probe/luxonis-real-dncnn/tiled-fp32/a3_tiled64_halo20_f9t_pfw_align128_20260502-231506	local-artifacts/erbium_amp_probe/luxonis-real-dncnn/tiled-fp32/runs/a3_tiled64_halo20_f9t_pfw_align128_20260504-182946	-O3 -funroll-loops -falign-functions=128 -falign-loops=128 -fno-tree-loop-distribute-patterns -fno-tree-loop-vectorize	DNCNN_VPU_FUSED9TAP=1,DNCNN_VPU_PREFETCH_READ_WINDOW=1
2026-05-04T18:31:51	tile	a3_tiled64_halo20_f9t_pfw_align128	8	64	64	104	104	20	16	1	5.681750			2.530713		14378876928	3.87430191e-07	8.35007086e-08	1	0	0x00000000	0x00000000	ok_stream_error	/root/afonso/zephyr-u-mode/zephyr-emlearn-silicon-v2/erbium-amp-probe/luxonis-real-dncnn/tiled-fp32/a3_tiled64_halo20_f9t_pfw_align128_20260502-231506	local-artifacts/erbium_amp_probe/luxonis-real-dncnn/tiled-fp32/runs/a3_tiled64_halo20_f9t_pfw_align128_20260504-182946	-O3 -funroll-loops -falign-functions=128 -falign-loops=128 -fno-tree-loop-distribute-patterns -fno-tree-loop-vectorize	DNCNN_VPU_FUSED9TAP=1,DNCNN_VPU_PREFETCH_READ_WINDOW=1
2026-05-04T18:31:51	tile	a3_tiled64_halo20_f9t_pfw_align128	9	64	64	104	84	20	16	1	4.657150			2.493737		11613708288	4.73111868e-07	8.42305781e-08	1	0	0x00000000	0x00000000	ok_stream_error	/root/afonso/zephyr-u-mode/zephyr-emlearn-silicon-v2/erbium-amp-probe/luxonis-real-dncnn/tiled-fp32/a3_tiled64_halo20_f9t_pfw_align128_20260502-231506	local-artifacts/erbium_amp_probe/luxonis-real-dncnn/tiled-fp32/runs/a3_tiled64_halo20_f9t_pfw_align128_20260504-182946	-O3 -funroll-loops -falign-functions=128 -falign-loops=128 -fno-tree-loop-distribute-patterns -fno-tree-loop-vectorize	DNCNN_VPU_FUSED9TAP=1,DNCNN_VPU_PREFETCH_READ_WINDOW=1
2026-05-04T18:31:51	tile	a3_tiled64_halo20_f9t_pfw_align128	10	64	64	104	84	20	16	1	4.654100			2.495371		11613708288	4.76837158e-07	8.44270289e-08	1	0	0x00000000	0x00000000	ok_stream_error	/root/afonso/zephyr-u-mode/zephyr-emlearn-silicon-v2/erbium-amp-probe/luxonis-real-dncnn/tiled-fp32/a3_tiled64_halo20_f9t_pfw_align128_20260502-231506	local-artifacts/erbium_amp_probe/luxonis-real-dncnn/tiled-fp32/runs/a3_tiled64_halo20_f9t_pfw_align128_20260504-182946	-O3 -funroll-loops -falign-functions=128 -falign-loops=128 -fno-tree-loop-distribute-patterns -fno-tree-loop-vectorize	DNCNN_VPU_FUSED9TAP=1,DNCNN_VPU_PREFETCH_READ_WINDOW=1
2026-05-04T18:31:51	tile	a3_tiled64_halo20_f9t_pfw_align128	11	64	64	104	104	20	16	1	5.681820			2.530682		14378876928	3.87430191e-07	8.3337909e-08	1	0	0x00000000	0x00000000	ok_stream_error	/root/afonso/zephyr-u-mode/zephyr-emlearn-silicon-v2/erbium-amp-probe/luxonis-real-dncnn/tiled-fp32/a3_tiled64_halo20_f9t_pfw_align128_20260502-231506	local-artifacts/erbium_amp_probe/luxonis-real-dncnn/tiled-fp32/runs/a3_tiled64_halo20_f9t_pfw_align128_20260504-182946	-O3 -funroll-loops -falign-functions=128 -falign-loops=128 -fno-tree-loop-distribute-patterns -fno-tree-loop-vectorize	DNCNN_VPU_FUSED9TAP=1,DNCNN_VPU_PREFETCH_READ_WINDOW=1
2026-05-04T18:31:51	tile	a3_tiled64_halo20_f9t_pfw_align128	12	64	64	104	104	20	16	1	5.682330			2.530454		14378876928	3.87430191e-07	8.35389073e-08	1	0	0x00000000	0x00000000	ok_stream_error	/root/afonso/zephyr-u-mode/zephyr-emlearn-silicon-v2/erbium-amp-probe/luxonis-real-dncnn/tiled-fp32/a3_tiled64_halo20_f9t_pfw_align128_20260502-231506	local-artifacts/erbium_amp_probe/luxonis-real-dncnn/tiled-fp32/runs/a3_tiled64_halo20_f9t_pfw_align128_20260504-182946	-O3 -funroll-loops -falign-functions=128 -falign-loops=128 -fno-tree-loop-distribute-patterns -fno-tree-loop-vectorize	DNCNN_VPU_FUSED9TAP=1,DNCNN_VPU_PREFETCH_READ_WINDOW=1
2026-05-04T18:31:51	tile	a3_tiled64_halo20_f9t_pfw_align128	13	64	64	104	104	20	16	1	5.681800			2.530690		14378876928	3.87430191e-07	8.30650606e-08	1	0	0x00000000	0x00000000	ok_stream_error	/root/afonso/zephyr-u-mode/zephyr-emlearn-silicon-v2/erbium-amp-probe/luxonis-real-dncnn/tiled-fp32/a3_tiled64_halo20_f9t_pfw_align128_20260502-231506	local-artifacts/erbium_amp_probe/luxonis-real-dncnn/tiled-fp32/runs/a3_tiled64_halo20_f9t_pfw_align128_20260504-182946	-O3 -funroll-loops -falign-functions=128 -falign-loops=128 -fno-tree-loop-distribute-patterns -fno-tree-loop-vectorize	DNCNN_VPU_FUSED9TAP=1,DNCNN_VPU_PREFETCH_READ_WINDOW=1
2026-05-04T18:31:51	tile	a3_tiled64_halo20_f9t_pfw_align128	14	64	64	104	84	20	16	1	4.658640			2.492940		11613708288	6.55651093e-07	8.58622116e-08	1	0	0x00000000	0x00000000	ok_stream_error	/root/afonso/zephyr-u-mode/zephyr-emlearn-silicon-v2/erbium-amp-probe/luxonis-real-dncnn/tiled-fp32/a3_tiled64_halo20_f9t_pfw_align128_20260502-231506	local-artifacts/erbium_amp_probe/luxonis-real-dncnn/tiled-fp32/runs/a3_tiled64_halo20_f9t_pfw_align128_20260504-182946	-O3 -funroll-loops -falign-functions=128 -falign-loops=128 -fno-tree-loop-distribute-patterns -fno-tree-loop-vectorize	DNCNN_VPU_FUSED9TAP=1,DNCNN_VPU_PREFETCH_READ_WINDOW=1
2026-05-04T18:31:51	tile	a3_tiled64_halo20_f9t_pfw_align128	15	64	64	68	84	20	16	1	3.389180			2.240536		7593578496	8.94069672e-07	8.64353424e-08	1	0	0x00000000	0x00000000	ok_stream_error	/root/afonso/zephyr-u-mode/zephyr-emlearn-silicon-v2/erbium-amp-probe/luxonis-real-dncnn/tiled-fp32/a3_tiled64_halo20_f9t_pfw_align128_20260502-231506	local-artifacts/erbium_amp_probe/luxonis-real-dncnn/tiled-fp32/runs/a3_tiled64_halo20_f9t_pfw_align128_20260504-182946	-O3 -funroll-loops -falign-functions=128 -falign-loops=128 -fno-tree-loop-distribute-patterns -fno-tree-loop-vectorize	DNCNN_VPU_FUSED9TAP=1,DNCNN_VPU_PREFETCH_READ_WINDOW=1
2026-05-04T18:31:51	tile	a3_tiled64_halo20_f9t_pfw_align128	16	64	64	68	104	20	16	1	4.209420			2.233461		9401573376	4.84287739e-07	8.5155385e-08	1	0	0x00000000	0x00000000	ok_stream_error	/root/afonso/zephyr-u-mode/zephyr-emlearn-silicon-v2/erbium-amp-probe/luxonis-real-dncnn/tiled-fp32/a3_tiled64_halo20_f9t_pfw_align128_20260502-231506	local-artifacts/erbium_amp_probe/luxonis-real-dncnn/tiled-fp32/runs/a3_tiled64_halo20_f9t_pfw_align128_20260504-182946	-O3 -funroll-loops -falign-functions=128 -falign-loops=128 -fno-tree-loop-distribute-patterns -fno-tree-loop-vectorize	DNCNN_VPU_FUSED9TAP=1,DNCNN_VPU_PREFETCH_READ_WINDOW=1
2026-05-04T18:31:51	tile	a3_tiled64_halo20_f9t_pfw_align128	17	64	64	68	104	20	16	1	4.208990			2.233689		9401573376	4.76837158e-07	8.47861301e-08	1	0	0x00000000	0x00000000	ok_stream_error	/root/afonso/zephyr-u-mode/zephyr-emlearn-silicon-v2/erbium-amp-probe/luxonis-real-dncnn/tiled-fp32/a3_tiled64_halo20_f9t_pfw_align128_20260502-231506	local-artifacts/erbium_amp_probe/luxonis-real-dncnn/tiled-fp32/runs/a3_tiled64_halo20_f9t_pfw_align128_20260504-182946	-O3 -funroll-loops -falign-functions=128 -falign-loops=128 -fno-tree-loop-distribute-patterns -fno-tree-loop-vectorize	DNCNN_VPU_FUSED9TAP=1,DNCNN_VPU_PREFETCH_READ_WINDOW=1
2026-05-04T18:31:51	tile	a3_tiled64_halo20_f9t_pfw_align128	18	64	64	68	104	20	16	1	4.208910			2.233731		9401573376	4.47034836e-07	8.548826e-08	1	0	0x00000000	0x00000000	ok_stream_error	/root/afonso/zephyr-u-mode/zephyr-emlearn-silicon-v2/erbium-amp-probe/luxonis-real-dncnn/tiled-fp32/a3_tiled64_halo20_f9t_pfw_align128_20260502-231506	local-artifacts/erbium_amp_probe/luxonis-real-dncnn/tiled-fp32/runs/a3_tiled64_halo20_f9t_pfw_align128_20260504-182946	-O3 -funroll-loops -falign-functions=128 -falign-loops=128 -fno-tree-loop-distribute-patterns -fno-tree-loop-vectorize	DNCNN_VPU_FUSED9TAP=1,DNCNN_VPU_PREFETCH_READ_WINDOW=1
2026-05-04T18:31:51	tile	a3_tiled64_halo20_f9t_pfw_align128	19	64	64	68	84	20	16	1	3.389630			2.240238		7593578496	7.15255737e-07	8.65857146e-08	1	0	0x00000000	0x00000000	ok_stream_error	/root/afonso/zephyr-u-mode/zephyr-emlearn-silicon-v2/erbium-amp-probe/luxonis-real-dncnn/tiled-fp32/a3_tiled64_halo20_f9t_pfw_align128_20260502-231506	local-artifacts/erbium_amp_probe/luxonis-real-dncnn/tiled-fp32/runs/a3_tiled64_halo20_f9t_pfw_align128_20260504-182946	-O3 -funroll-loops -falign-functions=128 -falign-loops=128 -fno-tree-loop-distribute-patterns -fno-tree-loop-vectorize	DNCNN_VPU_FUSED9TAP=1,DNCNN_VPU_PREFETCH_READ_WINDOW=1
2026-05-04T18:31:51	full	a3_tiled64_halo20_f9t_pfw_align128		64	64			20	16	1		95.024350	1.074446	2.417504	102098534400	229721702400	8.94069672e-07	8.48606589e-08	1	0			ok	/root/afonso/zephyr-u-mode/zephyr-emlearn-silicon-v2/erbium-amp-probe/luxonis-real-dncnn/tiled-fp32/a3_tiled64_halo20_f9t_pfw_align128_20260502-231506	local-artifacts/erbium_amp_probe/luxonis-real-dncnn/tiled-fp32/runs/a3_tiled64_halo20_f9t_pfw_align128_20260504-182946	-O3 -funroll-loops -falign-functions=128 -falign-loops=128 -fno-tree-loop-distribute-patterns -fno-tree-loop-vectorize	DNCNN_VPU_FUSED9TAP=1,DNCNN_VPU_PREFETCH_READ_WINDOW=1
