exp_id	batch	variant	tile	harts	passes	wait_s	gops	ops	allclose	bit_exact	max_abs	mean_abs	output_hash	reference_hash	done_count	magic_ok	status	flags	macros	dump	log	build_at	run_at
0	0_h16_baseline	o3	16	16	8	2.522780	1.0792	2722627584	True	False	7.000e-07	1.420e-07	0xafaccd62	0xbd92c224	16	True	ok	-O3		dump_h_tile16_o3_16h_20260502-103547.bin		2026-05-02T15:35	2026-05-02T15:35
1	0_h16_baseline	o3	16	8	8	4.696820	0.5797	2722627584	True	False	7.000e-07	1.420e-07	0xafaccd62	0xbd92c224	8	True	ok	-O3		dump_h_tile16_o3_8h_20260502-103547.bin		2026-05-02T15:35	2026-05-02T15:35
2	0_h16_baseline	o3_unroll	16	16	8	1.498770	1.8166	2722627584	True	False	7.000e-07	1.420e-07	0xafaccd62	0xbd92c224	16	True	ok	-O3 -funroll-loops		dump_h_tile16_o3_unroll_16h_20260502-103547.bin		2026-05-02T15:35	2026-05-02T15:35
3	0_h16_baseline	o3_unroll	16	8	8	3.199830	0.8509	2722627584	True	False	7.000e-07	1.420e-07	0xafaccd62	0xbd92c224	8	True	ok	-O3 -funroll-loops		dump_h_tile16_o3_unroll_8h_20260502-103547.bin		2026-05-02T15:35	2026-05-02T15:35
4	0_h16_baseline	o3_unroll_align64	16	16	8	1.705040	1.5968	2722627584	True	False	7.000e-07	1.420e-07	0xafaccd62	0xbd92c224	16	True	ok	-O3 -funroll-loops -falign-functions=64 -falign-loops=64		dump_h_tile16_o3_unroll_align64_16h_20260502-103547.bin		2026-05-02T15:35	2026-05-02T15:35
5	0_h16_baseline	o3_unroll_noipa	16	16	8	1.499190	1.8161	2722627584	True	False	7.000e-07	1.420e-07	0xafaccd62	0xbd92c224	16	True	ok	-O3 -funroll-loops -fno-ipa-cp -fno-ipa-sra		dump_h_tile16_o3_unroll_noipa_16h_20260502-103547.bin		2026-05-02T15:35	2026-05-02T15:35
6	0_h16_baseline	o3	64	16	8	33.499500	1.3004	43562041344	True	False	1.579e-06	2.850e-07	0xa91ccf40	0xf03a7637	16	True	ok	-O3		dump_h_tile64_o3_16h_20260502-103547.bin		2026-05-02T15:35	2026-05-02T15:35
7	0_h16_baseline	o3_unroll	64	16	8	26.698800	1.6316	43562041344	True	False	1.579e-06	2.850e-07	0xa91ccf40	0xf03a7637	16	True	ok	-O3 -funroll-loops		dump_h_tile64_o3_unroll_16h_20260502-103547.bin		2026-05-02T15:35	2026-05-02T15:35
8	0_h16_baseline	o3_unroll_align64	64	16	8	29.695700	1.4669	43562041344	True	False	1.579e-06	2.850e-07	0xa91ccf40	0xf03a7637	16	True	ok	-O3 -funroll-loops -falign-functions=64 -falign-loops=64		dump_h_tile64_o3_unroll_align64_16h_20260502-103547.bin		2026-05-02T15:35	2026-05-02T15:35
9	0_h16_baseline	o3_unroll_noipa	64	16	8	26.710500	1.6309	43562041344	True	False	1.579e-06	2.850e-07	0xa91ccf40	0xf03a7637	16	True	ok	-O3 -funroll-loops -fno-ipa-cp -fno-ipa-sra		dump_h_tile64_o3_unroll_noipa_16h_20260502-103547.bin		2026-05-02T15:35	2026-05-02T15:35
1	1_compile	o3_unroll_align128	64	16	8	29.454200	1.478976	43562041344	True	False	0.000002	0.000000	0xa91ccf40	0xf03a7637	16	True	ok	-O3 -funroll-loops -falign-functions=128 -falign-loops=128		/home/afonso/zephyr/local-artifacts/erbium_amp_probe/luxonis-real-dncnn/experiment-logs/20260502-165041/dump_e001_o3_unroll_align128_t64_h16_p8.bin	/home/afonso/zephyr/local-artifacts/erbium_amp_probe/luxonis-real-dncnn/experiment-logs/20260502-165041/run_e001_o3_unroll_align128_t64_h16_p8.log	2026-05-02T16:50:41	2026-05-02T16:54:04
2	1_compile	o3_unroll_predcomm	64	16	8	26.708000	1.631048	43562041344	True	False	0.000002	0.000000	0xa91ccf40	0xf03a7637	16	True	ok	-O3 -funroll-loops -fpredictive-commoning		/home/afonso/zephyr/local-artifacts/erbium_amp_probe/luxonis-real-dncnn/experiment-logs/20260502-165041/dump_e002_o3_unroll_predcomm_t64_h16_p8.bin	/home/afonso/zephyr/local-artifacts/erbium_amp_probe/luxonis-real-dncnn/experiment-logs/20260502-165041/run_e002_o3_unroll_predcomm_t64_h16_p8.log	2026-05-02T16:50:41	2026-05-02T16:54:04
3	1_compile	o3_unroll_modsched	64	16	8	26.708300	1.631030	43562041344	True	False	0.000002	0.000000	0xa91ccf40	0xf03a7637	16	True	ok	-O3 -funroll-loops -fmodulo-sched		/home/afonso/zephyr/local-artifacts/erbium_amp_probe/luxonis-real-dncnn/experiment-logs/20260502-165041/dump_e003_o3_unroll_modsched_t64_h16_p8.bin	/home/afonso/zephyr/local-artifacts/erbium_amp_probe/luxonis-real-dncnn/experiment-logs/20260502-165041/run_e003_o3_unroll_modsched_t64_h16_p8.log	2026-05-02T16:50:41	2026-05-02T16:54:04
4	1_compile	o3_unroll_movestores	64	16	8	26.708000	1.631048	43562041344	True	False	0.000002	0.000000	0xa91ccf40	0xf03a7637	16	True	ok	-O3 -funroll-loops -fmove-loop-stores		/home/afonso/zephyr/local-artifacts/erbium_amp_probe/luxonis-real-dncnn/experiment-logs/20260502-165041/dump_e004_o3_unroll_movestores_t64_h16_p8.bin	/home/afonso/zephyr/local-artifacts/erbium_amp_probe/luxonis-real-dncnn/experiment-logs/20260502-165041/run_e004_o3_unroll_movestores_t64_h16_p8.log	2026-05-02T16:50:41	2026-05-02T16:54:04
5	1_compile	o3_unroll_inline2k	64	16	8	26.705500	1.631201	43562041344	True	False	0.000002	0.000000	0xa91ccf40	0xf03a7637	16	True	ok	-O3 -funroll-loops -finline-limit=2000		/home/afonso/zephyr/local-artifacts/erbium_amp_probe/luxonis-real-dncnn/experiment-logs/20260502-165041/dump_e005_o3_unroll_inline2k_t64_h16_p8.bin	/home/afonso/zephyr/local-artifacts/erbium_amp_probe/luxonis-real-dncnn/experiment-logs/20260502-165041/run_e005_o3_unroll_inline2k_t64_h16_p8.log	2026-05-02T16:50:41	2026-05-02T16:54:04
6	1_compile	o3_unroll_inline600	64	16	8	26.706300	1.631152	43562041344	True	False	0.000002	0.000000	0xa91ccf40	0xf03a7637	16	True	ok	-O3 -funroll-loops -finline-limit=600		/home/afonso/zephyr/local-artifacts/erbium_amp_probe/luxonis-real-dncnn/experiment-logs/20260502-165041/dump_e006_o3_unroll_inline600_t64_h16_p8.bin	/home/afonso/zephyr/local-artifacts/erbium_amp_probe/luxonis-real-dncnn/experiment-logs/20260502-165041/run_e006_o3_unroll_inline600_t64_h16_p8.log	2026-05-02T16:50:41	2026-05-02T16:54:04
7	1_compile	o3_unroll_rename	64	16	8	26.707300	1.631091	43562041344	True	False	0.000002	0.000000	0xa91ccf40	0xf03a7637	16	True	ok	-O3 -funroll-loops -frename-registers		/home/afonso/zephyr/local-artifacts/erbium_amp_probe/luxonis-real-dncnn/experiment-logs/20260502-165041/dump_e007_o3_unroll_rename_t64_h16_p8.bin	/home/afonso/zephyr/local-artifacts/erbium_amp_probe/luxonis-real-dncnn/experiment-logs/20260502-165041/run_e007_o3_unroll_rename_t64_h16_p8.log	2026-05-02T16:50:41	2026-05-02T16:54:04
8	1_compile	o3_unroll_rename_noipa	64	16	8	26.710900	1.630871	43562041344	True	False	0.000002	0.000000	0xa91ccf40	0xf03a7637	16	True	ok	-O3 -funroll-loops -frename-registers -fno-ipa-cp -fno-ipa-sra		/home/afonso/zephyr/local-artifacts/erbium_amp_probe/luxonis-real-dncnn/experiment-logs/20260502-165041/dump_e008_o3_unroll_rename_noipa_t64_h16_p8.bin	/home/afonso/zephyr/local-artifacts/erbium_amp_probe/luxonis-real-dncnn/experiment-logs/20260502-165041/run_e008_o3_unroll_rename_noipa_t64_h16_p8.log	2026-05-02T16:50:41	2026-05-02T16:54:04
9	1_compile	o3_unroll_no_distrib	64	16	8	26.713100	1.630737	43562041344	True	False	0.000002	0.000000	0xa91ccf40	0xf03a7637	16	True	ok	-O3 -funroll-loops -fno-tree-loop-distribute-patterns		/home/afonso/zephyr/local-artifacts/erbium_amp_probe/luxonis-real-dncnn/experiment-logs/20260502-165041/dump_e009_o3_unroll_no_distrib_t64_h16_p8.bin	/home/afonso/zephyr/local-artifacts/erbium_amp_probe/luxonis-real-dncnn/experiment-logs/20260502-165041/run_e009_o3_unroll_no_distrib_t64_h16_p8.log	2026-05-02T16:50:41	2026-05-02T16:54:04
10	1_compile	o3_unroll_no_vec	64	16	8	30.761700	1.416113	43562041344	True	False	0.000002	0.000000	0xa91ccf40	0xf03a7637	16	True	ok	-O3 -funroll-loops -fno-tree-loop-vectorize		/home/afonso/zephyr/local-artifacts/erbium_amp_probe/luxonis-real-dncnn/experiment-logs/20260502-165041/dump_e010_o3_unroll_no_vec_t64_h16_p8.bin	/home/afonso/zephyr/local-artifacts/erbium_amp_probe/luxonis-real-dncnn/experiment-logs/20260502-165041/run_e010_o3_unroll_no_vec_t64_h16_p8.log	2026-05-02T16:50:41	2026-05-02T16:54:04
11	2_fused64x2	fused_o3_unroll	64	16	8	21.296700	2.045483	43562041344	True	False	0.000001	0.000000	0xf1811481	0xf03a7637	16	True	ok	-O3 -funroll-loops	DNCNN_VPU_FUSED64X2=1	/home/afonso/zephyr/local-artifacts/erbium_amp_probe/luxonis-real-dncnn/experiment-logs/20260502-170504/dump_e011_fused_o3_unroll_t64_h16_p8.bin	/home/afonso/zephyr/local-artifacts/erbium_amp_probe/luxonis-real-dncnn/experiment-logs/20260502-170504/run_e011_fused_o3_unroll_t64_h16_p8.log	2026-05-02T17:05:04	2026-05-02T17:05:19
12	2_fused64x2	fused_o3_unroll_rename	64	16	8	21.291400	2.045992	43562041344	True	False	0.000001	0.000000	0xf1811481	0xf03a7637	16	True	ok	-O3 -funroll-loops -frename-registers	DNCNN_VPU_FUSED64X2=1	/home/afonso/zephyr/local-artifacts/erbium_amp_probe/luxonis-real-dncnn/experiment-logs/20260502-170504/dump_e012_fused_o3_unroll_rename_t64_h16_p8.bin	/home/afonso/zephyr/local-artifacts/erbium_amp_probe/luxonis-real-dncnn/experiment-logs/20260502-170504/run_e012_fused_o3_unroll_rename_t64_h16_p8.log	2026-05-02T17:05:04	2026-05-02T17:05:19
13	2_fused64x2	fused_o3_unroll_noipa	64	16	8	21.283300	2.046771	43562041344	True	False	0.000001	0.000000	0xf1811481	0xf03a7637	16	True	ok	-O3 -funroll-loops -fno-ipa-cp -fno-ipa-sra	DNCNN_VPU_FUSED64X2=1	/home/afonso/zephyr/local-artifacts/erbium_amp_probe/luxonis-real-dncnn/experiment-logs/20260502-170504/dump_e013_fused_o3_unroll_noipa_t64_h16_p8.bin	/home/afonso/zephyr/local-artifacts/erbium_amp_probe/luxonis-real-dncnn/experiment-logs/20260502-170504/run_e013_fused_o3_unroll_noipa_t64_h16_p8.log	2026-05-02T17:05:04	2026-05-02T17:05:19
14	2_fused64x2	fused_o3_unroll_align64	64	16	8	21.714200	2.006155	43562041344	True	False	0.000001	0.000000	0xf1811481	0xf03a7637	16	True	ok	-O3 -funroll-loops -falign-functions=64 -falign-loops=64	DNCNN_VPU_FUSED64X2=1	/home/afonso/zephyr/local-artifacts/erbium_amp_probe/luxonis-real-dncnn/experiment-logs/20260502-170504/dump_e014_fused_o3_unroll_align64_t64_h16_p8.bin	/home/afonso/zephyr/local-artifacts/erbium_amp_probe/luxonis-real-dncnn/experiment-logs/20260502-170504/run_e014_fused_o3_unroll_align64_t64_h16_p8.log	2026-05-02T17:05:04	2026-05-02T17:05:19
15	2_fused64x2	fused_o3_unroll_inline2k	64	16	8	21.306500	2.044542	43562041344	True	False	0.000001	0.000000	0xf1811481	0xf03a7637	16	True	ok	-O3 -funroll-loops -finline-limit=2000	DNCNN_VPU_FUSED64X2=1	/home/afonso/zephyr/local-artifacts/erbium_amp_probe/luxonis-real-dncnn/experiment-logs/20260502-170504/dump_e015_fused_o3_unroll_inline2k_t64_h16_p8.bin	/home/afonso/zephyr/local-artifacts/erbium_amp_probe/luxonis-real-dncnn/experiment-logs/20260502-170504/run_e015_fused_o3_unroll_inline2k_t64_h16_p8.log	2026-05-02T17:05:04	2026-05-02T17:05:19
16	2_fused64x2	fused_o3	64	16	8	26.410500	1.649421	43562041344	True	False	0.000001	0.000000	0xf1811481	0xf03a7637	16	True	ok	-O3	DNCNN_VPU_FUSED64X2=1	/home/afonso/zephyr/local-artifacts/erbium_amp_probe/luxonis-real-dncnn/experiment-logs/20260502-170504/dump_e016_fused_o3_t64_h16_p8.bin	/home/afonso/zephyr/local-artifacts/erbium_amp_probe/luxonis-real-dncnn/experiment-logs/20260502-170504/run_e016_fused_o3_t64_h16_p8.log	2026-05-02T17:05:04	2026-05-02T17:05:19
17	2_fused64x2	fused_o2	64	16	8	26.756600	1.628086	43562041344	True	False	0.000001	0.000000	0xf1811481	0xf03a7637	16	True	ok	-O2	DNCNN_VPU_FUSED64X2=1	/home/afonso/zephyr/local-artifacts/erbium_amp_probe/luxonis-real-dncnn/experiment-logs/20260502-170504/dump_e017_fused_o2_t64_h16_p8.bin	/home/afonso/zephyr/local-artifacts/erbium_amp_probe/luxonis-real-dncnn/experiment-logs/20260502-170504/run_e017_fused_o2_t64_h16_p8.log	2026-05-02T17:05:04	2026-05-02T17:05:19
18	2_fused64x2	fused_o3_unroll_movestores	64	16	8	21.308400	2.044360	43562041344	True	False	0.000001	0.000000	0xf1811481	0xf03a7637	16	True	ok	-O3 -funroll-loops -fmove-loop-stores	DNCNN_VPU_FUSED64X2=1	/home/afonso/zephyr/local-artifacts/erbium_amp_probe/luxonis-real-dncnn/experiment-logs/20260502-170504/dump_e018_fused_o3_unroll_movestores_t64_h16_p8.bin	/home/afonso/zephyr/local-artifacts/erbium_amp_probe/luxonis-real-dncnn/experiment-logs/20260502-170504/run_e018_fused_o3_unroll_movestores_t64_h16_p8.log	2026-05-02T17:05:04	2026-05-02T17:05:19
19	2_fused64x2	fused_o3_unroll_predcomm	64	16	8	21.304300	2.044753	43562041344	True	False	0.000001	0.000000	0xf1811481	0xf03a7637	16	True	ok	-O3 -funroll-loops -fpredictive-commoning	DNCNN_VPU_FUSED64X2=1	/home/afonso/zephyr/local-artifacts/erbium_amp_probe/luxonis-real-dncnn/experiment-logs/20260502-170504/dump_e019_fused_o3_unroll_predcomm_t64_h16_p8.bin	/home/afonso/zephyr/local-artifacts/erbium_amp_probe/luxonis-real-dncnn/experiment-logs/20260502-170504/run_e019_fused_o3_unroll_predcomm_t64_h16_p8.log	2026-05-02T17:05:04	2026-05-02T17:05:19
20	2_fused64x2	fused_o3_unroll_no_distrib	64	16	8	21.303200	2.044859	43562041344	True	False	0.000001	0.000000	0xf1811481	0xf03a7637	16	True	ok	-O3 -funroll-loops -fno-tree-loop-distribute-patterns	DNCNN_VPU_FUSED64X2=1	/home/afonso/zephyr/local-artifacts/erbium_amp_probe/luxonis-real-dncnn/experiment-logs/20260502-170504/dump_e020_fused_o3_unroll_no_distrib_t64_h16_p8.bin	/home/afonso/zephyr/local-artifacts/erbium_amp_probe/luxonis-real-dncnn/experiment-logs/20260502-170504/run_e020_fused_o3_unroll_no_distrib_t64_h16_p8.log	2026-05-02T17:05:04	2026-05-02T17:05:19
21	3_fused9tap	f9t_o3_unroll	64	16	8	18.420100	2.364919	43562041344	True	False	0.000002	0.000000	0x14bb9bae	0xf03a7637	16	True	ok	-O3 -funroll-loops	DNCNN_VPU_FUSED9TAP=1	/home/afonso/zephyr/local-artifacts/erbium_amp_probe/luxonis-real-dncnn/experiment-logs/20260502-172224/dump_e021_f9t_o3_unroll_t64_h16_p8.bin	/home/afonso/zephyr/local-artifacts/erbium_amp_probe/luxonis-real-dncnn/experiment-logs/20260502-172224/run_e021_f9t_o3_unroll_t64_h16_p8.log	2026-05-02T17:22:24	2026-05-02T17:22:51
22	3_fused9tap	f9t_o3_unroll_rename	64	16	8	18.428100	2.363892	43562041344	True	False	0.000002	0.000000	0x14bb9bae	0xf03a7637	16	True	ok	-O3 -funroll-loops -frename-registers	DNCNN_VPU_FUSED9TAP=1	/home/afonso/zephyr/local-artifacts/erbium_amp_probe/luxonis-real-dncnn/experiment-logs/20260502-172224/dump_e022_f9t_o3_unroll_rename_t64_h16_p8.bin	/home/afonso/zephyr/local-artifacts/erbium_amp_probe/luxonis-real-dncnn/experiment-logs/20260502-172224/run_e022_f9t_o3_unroll_rename_t64_h16_p8.log	2026-05-02T17:22:24	2026-05-02T17:22:51
23	3_fused9tap	f9t_o3_unroll_noipa	64	16	8	18.414600	2.365625	43562041344	True	False	0.000002	0.000000	0x14bb9bae	0xf03a7637	16	True	ok	-O3 -funroll-loops -fno-ipa-cp -fno-ipa-sra	DNCNN_VPU_FUSED9TAP=1	/home/afonso/zephyr/local-artifacts/erbium_amp_probe/luxonis-real-dncnn/experiment-logs/20260502-172224/dump_e023_f9t_o3_unroll_noipa_t64_h16_p8.bin	/home/afonso/zephyr/local-artifacts/erbium_amp_probe/luxonis-real-dncnn/experiment-logs/20260502-172224/run_e023_f9t_o3_unroll_noipa_t64_h16_p8.log	2026-05-02T17:22:24	2026-05-02T17:22:51
24	3_fused9tap	f9t_o3_unroll_inline2k	64	16	8	18.438700	2.362533	43562041344	True	False	0.000002	0.000000	0x14bb9bae	0xf03a7637	16	True	ok	-O3 -funroll-loops -finline-limit=2000	DNCNN_VPU_FUSED9TAP=1	/home/afonso/zephyr/local-artifacts/erbium_amp_probe/luxonis-real-dncnn/experiment-logs/20260502-172224/dump_e024_f9t_o3_unroll_inline2k_t64_h16_p8.bin	/home/afonso/zephyr/local-artifacts/erbium_amp_probe/luxonis-real-dncnn/experiment-logs/20260502-172224/run_e024_f9t_o3_unroll_inline2k_t64_h16_p8.log	2026-05-02T17:22:24	2026-05-02T17:22:51
25	3_fused9tap	f9t_o3_unroll_align64	64	16	8	17.979900	2.422819	43562041344	True	False	0.000002	0.000000	0x14bb9bae	0xf03a7637	16	True	ok	-O3 -funroll-loops -falign-functions=64 -falign-loops=64	DNCNN_VPU_FUSED9TAP=1	/home/afonso/zephyr/local-artifacts/erbium_amp_probe/luxonis-real-dncnn/experiment-logs/20260502-172224/dump_e025_f9t_o3_unroll_align64_t64_h16_p8.bin	/home/afonso/zephyr/local-artifacts/erbium_amp_probe/luxonis-real-dncnn/experiment-logs/20260502-172224/run_e025_f9t_o3_unroll_align64_t64_h16_p8.log	2026-05-02T17:22:24	2026-05-02T17:22:51
26	3_fused9tap	f9t_o3_unroll_movestores	64	16	8	18.424700	2.364328	43562041344	True	False	0.000002	0.000000	0x14bb9bae	0xf03a7637	16	True	ok	-O3 -funroll-loops -fmove-loop-stores	DNCNN_VPU_FUSED9TAP=1	/home/afonso/zephyr/local-artifacts/erbium_amp_probe/luxonis-real-dncnn/experiment-logs/20260502-172224/dump_e026_f9t_o3_unroll_movestores_t64_h16_p8.bin	/home/afonso/zephyr/local-artifacts/erbium_amp_probe/luxonis-real-dncnn/experiment-logs/20260502-172224/run_e026_f9t_o3_unroll_movestores_t64_h16_p8.log	2026-05-02T17:22:24	2026-05-02T17:22:51
27	3_fused9tap	f9t_o3	64	16	8	20.131900	2.163832	43562041344	True	False	0.000002	0.000000	0x14bb9bae	0xf03a7637	16	True	ok	-O3	DNCNN_VPU_FUSED9TAP=1	/home/afonso/zephyr/local-artifacts/erbium_amp_probe/luxonis-real-dncnn/experiment-logs/20260502-172224/dump_e027_f9t_o3_t64_h16_p8.bin	/home/afonso/zephyr/local-artifacts/erbium_amp_probe/luxonis-real-dncnn/experiment-logs/20260502-172224/run_e027_f9t_o3_t64_h16_p8.log	2026-05-02T17:22:24	2026-05-02T17:22:51
28	3_fused9tap	f9t_o2_unroll	64	16	8	18.191200	2.394677	43562041344	True	False	0.000002	0.000000	0x14bb9bae	0xf03a7637	16	True	ok	-O2 -funroll-loops	DNCNN_VPU_FUSED9TAP=1	/home/afonso/zephyr/local-artifacts/erbium_amp_probe/luxonis-real-dncnn/experiment-logs/20260502-172224/dump_e028_f9t_o2_unroll_t64_h16_p8.bin	/home/afonso/zephyr/local-artifacts/erbium_amp_probe/luxonis-real-dncnn/experiment-logs/20260502-172224/run_e028_f9t_o2_unroll_t64_h16_p8.log	2026-05-02T17:22:24	2026-05-02T17:22:51
29	3_fused9tap	f9t_combined_o3_unroll_rename_noipa	64	16	8	18.419700	2.364970	43562041344	True	False	0.000002	0.000000	0x14bb9bae	0xf03a7637	16	True	ok	-O3 -funroll-loops -frename-registers -fno-ipa-cp -fno-ipa-sra	DNCNN_VPU_FUSED9TAP=1	/home/afonso/zephyr/local-artifacts/erbium_amp_probe/luxonis-real-dncnn/experiment-logs/20260502-172224/dump_e029_f9t_combined_o3_unroll_rename_noipa_t64_h16_p8.bin	/home/afonso/zephyr/local-artifacts/erbium_amp_probe/luxonis-real-dncnn/experiment-logs/20260502-172224/run_e029_f9t_combined_o3_unroll_rename_noipa_t64_h16_p8.log	2026-05-02T17:22:24	2026-05-02T17:22:51
30	3_fused9tap	f9t_o3_unroll_predcomm	64	16	8	18.407800	2.366499	43562041344	True	False	0.000002	0.000000	0x14bb9bae	0xf03a7637	16	True	ok	-O3 -funroll-loops -fpredictive-commoning	DNCNN_VPU_FUSED9TAP=1	/home/afonso/zephyr/local-artifacts/erbium_amp_probe/luxonis-real-dncnn/experiment-logs/20260502-172224/dump_e030_f9t_o3_unroll_predcomm_t64_h16_p8.bin	/home/afonso/zephyr/local-artifacts/erbium_amp_probe/luxonis-real-dncnn/experiment-logs/20260502-172224/run_e030_f9t_o3_unroll_predcomm_t64_h16_p8.log	2026-05-02T17:22:24	2026-05-02T17:22:51
31	4_align_combos	f9t_align64_baseline_redo	64	16	8	17.984500	2.422199	43562041344	True	False	0.000002	0.000000	0x14bb9bae	0xf03a7637	16	True	ok	-O3 -funroll-loops -falign-functions=64 -falign-loops=64	DNCNN_VPU_FUSED9TAP=1	/home/afonso/zephyr/local-artifacts/erbium_amp_probe/luxonis-real-dncnn/experiment-logs/20260502-173616/dump_e031_f9t_align64_baseline_redo_t64_h16_p8.bin	/home/afonso/zephyr/local-artifacts/erbium_amp_probe/luxonis-real-dncnn/experiment-logs/20260502-173616/run_e031_f9t_align64_baseline_redo_t64_h16_p8.log	2026-05-02T17:36:16	2026-05-02T17:36:42
32	4_align_combos	f9t_align128	64	16	8	17.920500	2.430850	43562041344	True	False	0.000002	0.000000	0x14bb9bae	0xf03a7637	16	True	ok	-O3 -funroll-loops -falign-functions=128 -falign-loops=128	DNCNN_VPU_FUSED9TAP=1	/home/afonso/zephyr/local-artifacts/erbium_amp_probe/luxonis-real-dncnn/experiment-logs/20260502-173616/dump_e032_f9t_align128_t64_h16_p8.bin	/home/afonso/zephyr/local-artifacts/erbium_amp_probe/luxonis-real-dncnn/experiment-logs/20260502-173616/run_e032_f9t_align128_t64_h16_p8.log	2026-05-02T17:36:16	2026-05-02T17:36:42
33	4_align_combos	f9t_align256	64	16	8	17.956100	2.426030	43562041344	True	False	0.000002	0.000000	0x14bb9bae	0xf03a7637	16	True	ok	-O3 -funroll-loops -falign-functions=256 -falign-loops=256	DNCNN_VPU_FUSED9TAP=1	/home/afonso/zephyr/local-artifacts/erbium_amp_probe/luxonis-real-dncnn/experiment-logs/20260502-173616/dump_e033_f9t_align256_t64_h16_p8.bin	/home/afonso/zephyr/local-artifacts/erbium_amp_probe/luxonis-real-dncnn/experiment-logs/20260502-173616/run_e033_f9t_align256_t64_h16_p8.log	2026-05-02T17:36:16	2026-05-02T17:36:42
34	4_align_combos	f9t_align32	64	16	8	18.849600	2.311033	43562041344	True	False	0.000002	0.000000	0x14bb9bae	0xf03a7637	16	True	ok	-O3 -funroll-loops -falign-functions=32 -falign-loops=32	DNCNN_VPU_FUSED9TAP=1	/home/afonso/zephyr/local-artifacts/erbium_amp_probe/luxonis-real-dncnn/experiment-logs/20260502-173616/dump_e034_f9t_align32_t64_h16_p8.bin	/home/afonso/zephyr/local-artifacts/erbium_amp_probe/luxonis-real-dncnn/experiment-logs/20260502-173616/run_e034_f9t_align32_t64_h16_p8.log	2026-05-02T17:36:16	2026-05-02T17:36:42
35	4_align_combos	f9t_align64_inline2k	64	16	8	17.977900	2.423088	43562041344	True	False	0.000002	0.000000	0x14bb9bae	0xf03a7637	16	True	ok	-O3 -funroll-loops -falign-functions=64 -falign-loops=64 -finline-limit=2000	DNCNN_VPU_FUSED9TAP=1	/home/afonso/zephyr/local-artifacts/erbium_amp_probe/luxonis-real-dncnn/experiment-logs/20260502-173616/dump_e035_f9t_align64_inline2k_t64_h16_p8.bin	/home/afonso/zephyr/local-artifacts/erbium_amp_probe/luxonis-real-dncnn/experiment-logs/20260502-173616/run_e035_f9t_align64_inline2k_t64_h16_p8.log	2026-05-02T17:36:16	2026-05-02T17:36:42
36	4_align_combos	f9t_align64_predcomm	64	16	8	17.984400	2.422213	43562041344	True	False	0.000002	0.000000	0x14bb9bae	0xf03a7637	16	True	ok	-O3 -funroll-loops -falign-functions=64 -falign-loops=64 -fpredictive-commoning	DNCNN_VPU_FUSED9TAP=1	/home/afonso/zephyr/local-artifacts/erbium_amp_probe/luxonis-real-dncnn/experiment-logs/20260502-173616/dump_e036_f9t_align64_predcomm_t64_h16_p8.bin	/home/afonso/zephyr/local-artifacts/erbium_amp_probe/luxonis-real-dncnn/experiment-logs/20260502-173616/run_e036_f9t_align64_predcomm_t64_h16_p8.log	2026-05-02T17:36:16	2026-05-02T17:36:42
37	4_align_combos	f9t_align64_movestores	64	16	8	17.982300	2.422496	43562041344	True	False	0.000002	0.000000	0x14bb9bae	0xf03a7637	16	True	ok	-O3 -funroll-loops -falign-functions=64 -falign-loops=64 -fmove-loop-stores	DNCNN_VPU_FUSED9TAP=1	/home/afonso/zephyr/local-artifacts/erbium_amp_probe/luxonis-real-dncnn/experiment-logs/20260502-173616/dump_e037_f9t_align64_movestores_t64_h16_p8.bin	/home/afonso/zephyr/local-artifacts/erbium_amp_probe/luxonis-real-dncnn/experiment-logs/20260502-173616/run_e037_f9t_align64_movestores_t64_h16_p8.log	2026-05-02T17:36:16	2026-05-02T17:36:42
38	4_align_combos	f9t_align64_rename	64	16	8	17.985400	2.422078	43562041344	True	False	0.000002	0.000000	0x14bb9bae	0xf03a7637	16	True	ok	-O3 -funroll-loops -falign-functions=64 -falign-loops=64 -frename-registers	DNCNN_VPU_FUSED9TAP=1	/home/afonso/zephyr/local-artifacts/erbium_amp_probe/luxonis-real-dncnn/experiment-logs/20260502-173616/dump_e038_f9t_align64_rename_t64_h16_p8.bin	/home/afonso/zephyr/local-artifacts/erbium_amp_probe/luxonis-real-dncnn/experiment-logs/20260502-173616/run_e038_f9t_align64_rename_t64_h16_p8.log	2026-05-02T17:36:16	2026-05-02T17:36:42
39	4_align_combos	f9t_align64_noipa	64	16	8	17.983000	2.422401	43562041344	True	False	0.000002	0.000000	0x14bb9bae	0xf03a7637	16	True	ok	-O3 -funroll-loops -falign-functions=64 -falign-loops=64 -fno-ipa-cp -fno-ipa-sra	DNCNN_VPU_FUSED9TAP=1	/home/afonso/zephyr/local-artifacts/erbium_amp_probe/luxonis-real-dncnn/experiment-logs/20260502-173616/dump_e039_f9t_align64_noipa_t64_h16_p8.bin	/home/afonso/zephyr/local-artifacts/erbium_amp_probe/luxonis-real-dncnn/experiment-logs/20260502-173616/run_e039_f9t_align64_noipa_t64_h16_p8.log	2026-05-02T17:36:16	2026-05-02T17:36:42
40	4_align_combos	f9t_align64_no_distrib_no_vec	64	16	8	17.766000	2.451989	43562041344	True	False	0.000002	0.000000	0x14bb9bae	0xf03a7637	16	True	ok	-O3 -funroll-loops -falign-functions=64 -falign-loops=64 -fno-tree-loop-distribute-patterns -fno-tree-loop-vectorize	DNCNN_VPU_FUSED9TAP=1	/home/afonso/zephyr/local-artifacts/erbium_amp_probe/luxonis-real-dncnn/experiment-logs/20260502-173616/dump_e040_f9t_align64_no_distrib_no_vec_t64_h16_p8.bin	/home/afonso/zephyr/local-artifacts/erbium_amp_probe/luxonis-real-dncnn/experiment-logs/20260502-173616/run_e040_f9t_align64_no_distrib_no_vec_t64_h16_p8.log	2026-05-02T17:36:16	2026-05-02T17:36:42
41	5_passes	f9t_p16_align64_no_distrib	64	16	16	35.599500	2.447340	87124082688	True	False	0.000002	0.000000	0x14bb9bae	0xf03a7637	16	True	ok	-O3 -funroll-loops -falign-functions=64 -falign-loops=64 -fno-tree-loop-distribute-patterns -fno-tree-loop-vectorize	DNCNN_VPU_FUSED9TAP=1	/home/afonso/zephyr/local-artifacts/erbium_amp_probe/luxonis-real-dncnn/experiment-logs/20260502-174510/dump_e041_f9t_p16_align64_no_distrib_t64_h16_p16.bin	/home/afonso/zephyr/local-artifacts/erbium_amp_probe/luxonis-real-dncnn/experiment-logs/20260502-174510/run_e041_f9t_p16_align64_no_distrib_t64_h16_p16.log	2026-05-02T17:45:10	2026-05-02T17:46:55
42	5_passes	f9t_p32_align64_no_distrib	64	16	32	71.247600	2.445671	174248165376	True	False	0.000002	0.000000	0x14bb9bae	0xf03a7637	16	True	ok	-O3 -funroll-loops -falign-functions=64 -falign-loops=64 -fno-tree-loop-distribute-patterns -fno-tree-loop-vectorize	DNCNN_VPU_FUSED9TAP=1	/home/afonso/zephyr/local-artifacts/erbium_amp_probe/luxonis-real-dncnn/experiment-logs/20260502-174510/dump_e042_f9t_p32_align64_no_distrib_t64_h16_p32.bin	/home/afonso/zephyr/local-artifacts/erbium_amp_probe/luxonis-real-dncnn/experiment-logs/20260502-174510/run_e042_f9t_p32_align64_no_distrib_t64_h16_p32.log	2026-05-02T17:45:10	2026-05-02T17:46:55
43	5_passes	f9t_p64_align64_no_distrib	64	16	64	141.399000	2.464631	348496330752	True	False	0.000002	0.000000	0x14bb9bae	0xf03a7637	16	True	ok	-O3 -funroll-loops -falign-functions=64 -falign-loops=64 -fno-tree-loop-distribute-patterns -fno-tree-loop-vectorize	DNCNN_VPU_FUSED9TAP=1	/home/afonso/zephyr/local-artifacts/erbium_amp_probe/luxonis-real-dncnn/experiment-logs/20260502-174510/dump_e043_f9t_p64_align64_no_distrib_t64_h16_p64.bin	/home/afonso/zephyr/local-artifacts/erbium_amp_probe/luxonis-real-dncnn/experiment-logs/20260502-174510/run_e043_f9t_p64_align64_no_distrib_t64_h16_p64.log	2026-05-02T17:45:10	2026-05-02T17:46:55
44	5_passes	f9t_p4_align64_no_distrib	64	16	4	8.833990	2.465593	21781020672	True	False	0.000002	0.000000	0x14bb9bae	0xf03a7637	16	True	ok	-O3 -funroll-loops -falign-functions=64 -falign-loops=64 -fno-tree-loop-distribute-patterns -fno-tree-loop-vectorize	DNCNN_VPU_FUSED9TAP=1	/home/afonso/zephyr/local-artifacts/erbium_amp_probe/luxonis-real-dncnn/experiment-logs/20260502-174510/dump_e044_f9t_p4_align64_no_distrib_t64_h16_p4.bin	/home/afonso/zephyr/local-artifacts/erbium_amp_probe/luxonis-real-dncnn/experiment-logs/20260502-174510/run_e044_f9t_p4_align64_no_distrib_t64_h16_p4.log	2026-05-02T17:45:10	2026-05-02T17:46:55
45	5_passes	f9t_p1_align64_no_distrib	64	16	1	2.158260	2.522984	5445255168	True	False	0.000002	0.000000	0x14bb9bae	0xf03a7637	16	True	ok	-O3 -funroll-loops -falign-functions=64 -falign-loops=64 -fno-tree-loop-distribute-patterns -fno-tree-loop-vectorize	DNCNN_VPU_FUSED9TAP=1	/home/afonso/zephyr/local-artifacts/erbium_amp_probe/luxonis-real-dncnn/experiment-logs/20260502-174510/dump_e045_f9t_p1_align64_no_distrib_t64_h16_p1.bin	/home/afonso/zephyr/local-artifacts/erbium_amp_probe/luxonis-real-dncnn/experiment-logs/20260502-174510/run_e045_f9t_p1_align64_no_distrib_t64_h16_p1.log	2026-05-02T17:45:10	2026-05-02T17:46:55
46	5_passes	f9t_p8_o2_unroll_align64	64	16	8	17.718600	2.458549	43562041344	True	False	0.000002	0.000000	0x14bb9bae	0xf03a7637	16	True	ok	-O2 -funroll-loops -falign-functions=64 -falign-loops=64	DNCNN_VPU_FUSED9TAP=1	/home/afonso/zephyr/local-artifacts/erbium_amp_probe/luxonis-real-dncnn/experiment-logs/20260502-174510/dump_e046_f9t_p8_o2_unroll_align64_t64_h16_p8.bin	/home/afonso/zephyr/local-artifacts/erbium_amp_probe/luxonis-real-dncnn/experiment-logs/20260502-174510/run_e046_f9t_p8_o2_unroll_align64_t64_h16_p8.log	2026-05-02T17:45:10	2026-05-02T17:46:55
47	5_combos	f9t_align64_combined_5	64	16	8	17.768100	2.451699	43562041344	True	False	0.000002	0.000000	0x14bb9bae	0xf03a7637	16	True	ok	-O3 -funroll-loops -falign-functions=64 -falign-loops=64 -fno-tree-loop-distribute-patterns -fno-tree-loop-vectorize -fpredictive-commoning	DNCNN_VPU_FUSED9TAP=1	/home/afonso/zephyr/local-artifacts/erbium_amp_probe/luxonis-real-dncnn/experiment-logs/20260502-174510/dump_e047_f9t_align64_combined_5_t64_h16_p8.bin	/home/afonso/zephyr/local-artifacts/erbium_amp_probe/luxonis-real-dncnn/experiment-logs/20260502-174510/run_e047_f9t_align64_combined_5_t64_h16_p8.log	2026-05-02T17:45:10	2026-05-02T17:46:55
48	5_combos	f9t_align64_combined_movestores	64	16	8	17.765400	2.452072	43562041344	True	False	0.000002	0.000000	0x14bb9bae	0xf03a7637	16	True	ok	-O3 -funroll-loops -falign-functions=64 -falign-loops=64 -fno-tree-loop-distribute-patterns -fno-tree-loop-vectorize -fmove-loop-stores	DNCNN_VPU_FUSED9TAP=1	/home/afonso/zephyr/local-artifacts/erbium_amp_probe/luxonis-real-dncnn/experiment-logs/20260502-174510/dump_e048_f9t_align64_combined_movestores_t64_h16_p8.bin	/home/afonso/zephyr/local-artifacts/erbium_amp_probe/luxonis-real-dncnn/experiment-logs/20260502-174510/run_e048_f9t_align64_combined_movestores_t64_h16_p8.log	2026-05-02T17:45:10	2026-05-02T17:46:55
49	5_combos	f9t_align64_combined_inline	64	16	8	17.772900	2.451037	43562041344	True	False	0.000002	0.000000	0x14bb9bae	0xf03a7637	16	True	ok	-O3 -funroll-loops -falign-functions=64 -falign-loops=64 -fno-tree-loop-distribute-patterns -fno-tree-loop-vectorize -finline-limit=2000	DNCNN_VPU_FUSED9TAP=1	/home/afonso/zephyr/local-artifacts/erbium_amp_probe/luxonis-real-dncnn/experiment-logs/20260502-174510/dump_e049_f9t_align64_combined_inline_t64_h16_p8.bin	/home/afonso/zephyr/local-artifacts/erbium_amp_probe/luxonis-real-dncnn/experiment-logs/20260502-174510/run_e049_f9t_align64_combined_inline_t64_h16_p8.log	2026-05-02T17:45:10	2026-05-02T17:46:55
50	5_combos	f9t_align64_no_distrib_no_vec_noipa	64	16	8	17.769200	2.451548	43562041344	True	False	0.000002	0.000000	0x14bb9bae	0xf03a7637	16	True	ok	-O3 -funroll-loops -falign-functions=64 -falign-loops=64 -fno-tree-loop-distribute-patterns -fno-tree-loop-vectorize -fno-ipa-cp -fno-ipa-sra	DNCNN_VPU_FUSED9TAP=1	/home/afonso/zephyr/local-artifacts/erbium_amp_probe/luxonis-real-dncnn/experiment-logs/20260502-174510/dump_e050_f9t_align64_no_distrib_no_vec_noipa_t64_h16_p8.bin	/home/afonso/zephyr/local-artifacts/erbium_amp_probe/luxonis-real-dncnn/experiment-logs/20260502-174510/run_e050_f9t_align64_no_distrib_no_vec_noipa_t64_h16_p8.log	2026-05-02T17:45:10	2026-05-02T17:46:55
51	6_evict	f9t_p1_boundary_only	64	16	1	2.244510	2.426033	5445255168	True	False	0.000002	0.000000	0x14bb9bae	0xf03a7637	16	True	ok	-O3 -funroll-loops -falign-functions=64 -falign-loops=64 -fno-tree-loop-distribute-patterns -fno-tree-loop-vectorize	DNCNN_VPU_FUSED9TAP=1,DNCNN_VPU_BOUNDARY_ONLY_EVICT=1	/home/afonso/zephyr/local-artifacts/erbium_amp_probe/luxonis-real-dncnn/experiment-logs/20260502-180112/dump_e051_f9t_p1_boundary_only_t64_h16_p1.bin	/home/afonso/zephyr/local-artifacts/erbium_amp_probe/luxonis-real-dncnn/experiment-logs/20260502-180112/run_e051_f9t_p1_boundary_only_t64_h16_p1.log	2026-05-02T18:01:12	2026-05-02T18:08:03
52	6_evict	f9t_p8_boundary_only	64	16	8	17.435900	2.498411	43562041344	True	False	0.000002	0.000000	0x14bb9bae	0xf03a7637	16	True	ok	-O3 -funroll-loops -falign-functions=64 -falign-loops=64 -fno-tree-loop-distribute-patterns -fno-tree-loop-vectorize	DNCNN_VPU_FUSED9TAP=1,DNCNN_VPU_BOUNDARY_ONLY_EVICT=1	/home/afonso/zephyr/local-artifacts/erbium_amp_probe/luxonis-real-dncnn/experiment-logs/20260502-180112/dump_e052_f9t_p8_boundary_only_t64_h16_p8.bin	/home/afonso/zephyr/local-artifacts/erbium_amp_probe/luxonis-real-dncnn/experiment-logs/20260502-180112/run_e052_f9t_p8_boundary_only_t64_h16_p8.log	2026-05-02T18:01:12	2026-05-02T18:08:03
53	6_evict	f9t_p4_boundary_only	64	16	4	8.701410	2.503160	21781020672	True	False	0.000002	0.000000	0x14bb9bae	0xf03a7637	16	True	ok	-O3 -funroll-loops -falign-functions=64 -falign-loops=64 -fno-tree-loop-distribute-patterns -fno-tree-loop-vectorize	DNCNN_VPU_FUSED9TAP=1,DNCNN_VPU_BOUNDARY_ONLY_EVICT=1	/home/afonso/zephyr/local-artifacts/erbium_amp_probe/luxonis-real-dncnn/experiment-logs/20260502-180112/dump_e053_f9t_p4_boundary_only_t64_h16_p4.bin	/home/afonso/zephyr/local-artifacts/erbium_amp_probe/luxonis-real-dncnn/experiment-logs/20260502-180112/run_e053_f9t_p4_boundary_only_t64_h16_p4.log	2026-05-02T18:01:12	2026-05-02T18:08:03
54	6_evict	f9t_p1_skip_read	64	1	1	20.297400	0.268274	5445255168	True	False	0.000002	0.000000	0x97f8b3d8	0xf03a7637	1	True	ok	-O3 -funroll-loops -falign-functions=64 -falign-loops=64 -fno-tree-loop-distribute-patterns -fno-tree-loop-vectorize	DNCNN_VPU_FUSED9TAP=1,DNCNN_VPU_SKIP_READ_EVICT=1	/home/afonso/zephyr/local-artifacts/erbium_amp_probe/luxonis-real-dncnn/experiment-logs/20260502-180112/dump_e054_f9t_p1_skip_read_t64_h1_p1.bin	/home/afonso/zephyr/local-artifacts/erbium_amp_probe/luxonis-real-dncnn/experiment-logs/20260502-180112/run_e054_f9t_p1_skip_read_t64_h1_p1.log	2026-05-02T18:01:12	2026-05-02T18:08:03
55	6_evict	f9t_p8_skip_read	64	1	8	162.907000	0.267404	43562041344	True	False	0.000002	0.000000	0x97f8b3d8	0xf03a7637	1	True	ok	-O3 -funroll-loops -falign-functions=64 -falign-loops=64 -fno-tree-loop-distribute-patterns -fno-tree-loop-vectorize	DNCNN_VPU_FUSED9TAP=1,DNCNN_VPU_SKIP_READ_EVICT=1	/home/afonso/zephyr/local-artifacts/erbium_amp_probe/luxonis-real-dncnn/experiment-logs/20260502-180112/dump_e055_f9t_p8_skip_read_t64_h1_p8.bin	/home/afonso/zephyr/local-artifacts/erbium_amp_probe/luxonis-real-dncnn/experiment-logs/20260502-180112/run_e055_f9t_p8_skip_read_t64_h1_p8.log	2026-05-02T18:01:12	2026-05-02T18:08:03
56	6_passes	f9t_p2_align64_no_distrib	64	16	2	4.380530	2.486117	10890510336	True	False	0.000002	0.000000	0x14bb9bae	0xf03a7637	16	True	ok	-O3 -funroll-loops -falign-functions=64 -falign-loops=64 -fno-tree-loop-distribute-patterns -fno-tree-loop-vectorize	DNCNN_VPU_FUSED9TAP=1	/home/afonso/zephyr/local-artifacts/erbium_amp_probe/luxonis-real-dncnn/experiment-logs/20260502-180112/dump_e056_f9t_p2_align64_no_distrib_t64_h16_p2.bin	/home/afonso/zephyr/local-artifacts/erbium_amp_probe/luxonis-real-dncnn/experiment-logs/20260502-180112/run_e056_f9t_p2_align64_no_distrib_t64_h16_p2.log	2026-05-02T18:01:12	2026-05-02T18:08:03
57	6_passes	f9t_p1_repeat_a	64	16	1	2.159330	2.521734	5445255168	True	False	0.000002	0.000000	0x14bb9bae	0xf03a7637	16	True	ok	-O3 -funroll-loops -falign-functions=64 -falign-loops=64 -fno-tree-loop-distribute-patterns -fno-tree-loop-vectorize	DNCNN_VPU_FUSED9TAP=1	/home/afonso/zephyr/local-artifacts/erbium_amp_probe/luxonis-real-dncnn/experiment-logs/20260502-180112/dump_e057_f9t_p1_repeat_a_t64_h16_p1.bin	/home/afonso/zephyr/local-artifacts/erbium_amp_probe/luxonis-real-dncnn/experiment-logs/20260502-180112/run_e057_f9t_p1_repeat_a_t64_h16_p1.log	2026-05-02T18:01:12	2026-05-02T18:08:03
58	6_passes	f9t_p1_repeat_b	64	16	1	2.160340	2.520555	5445255168	True	False	0.000002	0.000000	0x14bb9bae	0xf03a7637	16	True	ok	-O3 -funroll-loops -falign-functions=64 -falign-loops=64 -fno-tree-loop-distribute-patterns -fno-tree-loop-vectorize	DNCNN_VPU_FUSED9TAP=1	/home/afonso/zephyr/local-artifacts/erbium_amp_probe/luxonis-real-dncnn/experiment-logs/20260502-180112/dump_e058_f9t_p1_repeat_b_t64_h16_p1.bin	/home/afonso/zephyr/local-artifacts/erbium_amp_probe/luxonis-real-dncnn/experiment-logs/20260502-180112/run_e058_f9t_p1_repeat_b_t64_h16_p1.log	2026-05-02T18:01:12	2026-05-02T18:08:03
59	6_passes	f9t_p1_repeat_c	64	16	1	2.160760	2.520065	5445255168	True	False	0.000002	0.000000	0x14bb9bae	0xf03a7637	16	True	ok	-O3 -funroll-loops -falign-functions=64 -falign-loops=64 -fno-tree-loop-distribute-patterns -fno-tree-loop-vectorize	DNCNN_VPU_FUSED9TAP=1	/home/afonso/zephyr/local-artifacts/erbium_amp_probe/luxonis-real-dncnn/experiment-logs/20260502-180112/dump_e059_f9t_p1_repeat_c_t64_h16_p1.bin	/home/afonso/zephyr/local-artifacts/erbium_amp_probe/luxonis-real-dncnn/experiment-logs/20260502-180112/run_e059_f9t_p1_repeat_c_t64_h16_p1.log	2026-05-02T18:01:12	2026-05-02T18:08:03
60	6_passes	f9t_p1_align128_no_distrib	64	16	1	2.159600	2.521418	5445255168	True	False	0.000002	0.000000	0x14bb9bae	0xf03a7637	16	True	ok	-O3 -funroll-loops -falign-functions=128 -falign-loops=128 -fno-tree-loop-distribute-patterns -fno-tree-loop-vectorize	DNCNN_VPU_FUSED9TAP=1	/home/afonso/zephyr/local-artifacts/erbium_amp_probe/luxonis-real-dncnn/experiment-logs/20260502-180112/dump_e060_f9t_p1_align128_no_distrib_t64_h16_p1.bin	/home/afonso/zephyr/local-artifacts/erbium_amp_probe/luxonis-real-dncnn/experiment-logs/20260502-180112/run_e060_f9t_p1_align128_no_distrib_t64_h16_p1.log	2026-05-02T18:01:12	2026-05-02T18:08:03
61	7_prefetch	f9t_p1_prefetch_window	64	16	1	2.136000	2.549277	5445255168	True	False	0.000002	0.000000	0x14bb9bae	0xf03a7637	16	True	ok	-O3 -funroll-loops -falign-functions=64 -falign-loops=64 -fno-tree-loop-distribute-patterns -fno-tree-loop-vectorize	DNCNN_VPU_FUSED9TAP=1,DNCNN_VPU_PREFETCH_READ_WINDOW=1	/home/afonso/zephyr/local-artifacts/erbium_amp_probe/luxonis-real-dncnn/experiment-logs/20260502-182947/dump_e061_f9t_p1_prefetch_window_t64_h16_p1.bin	/home/afonso/zephyr/local-artifacts/erbium_amp_probe/luxonis-real-dncnn/experiment-logs/20260502-182947/run_e061_f9t_p1_prefetch_window_t64_h16_p1.log	2026-05-02T18:29:47	2026-05-02T18:37:30
62	7_prefetch	f9t_p8_prefetch_window	64	16	8	17.614900	2.473022	43562041344	True	False	0.000002	0.000000	0x14bb9bae	0xf03a7637	16	True	ok	-O3 -funroll-loops -falign-functions=64 -falign-loops=64 -fno-tree-loop-distribute-patterns -fno-tree-loop-vectorize	DNCNN_VPU_FUSED9TAP=1,DNCNN_VPU_PREFETCH_READ_WINDOW=1	/home/afonso/zephyr/local-artifacts/erbium_amp_probe/luxonis-real-dncnn/experiment-logs/20260502-182947/dump_e062_f9t_p8_prefetch_window_t64_h16_p8.bin	/home/afonso/zephyr/local-artifacts/erbium_amp_probe/luxonis-real-dncnn/experiment-logs/20260502-182947/run_e062_f9t_p8_prefetch_window_t64_h16_p8.log	2026-05-02T18:29:47	2026-05-02T18:37:30
63	7_prefetch	f9t_p4_prefetch_window	64	16	4	8.836840	2.464797	21781020672	True	False	0.000002	0.000000	0x14bb9bae	0xf03a7637	16	True	ok	-O3 -funroll-loops -falign-functions=64 -falign-loops=64 -fno-tree-loop-distribute-patterns -fno-tree-loop-vectorize	DNCNN_VPU_FUSED9TAP=1,DNCNN_VPU_PREFETCH_READ_WINDOW=1	/home/afonso/zephyr/local-artifacts/erbium_amp_probe/luxonis-real-dncnn/experiment-logs/20260502-182947/dump_e063_f9t_p4_prefetch_window_t64_h16_p4.bin	/home/afonso/zephyr/local-artifacts/erbium_amp_probe/luxonis-real-dncnn/experiment-logs/20260502-182947/run_e063_f9t_p4_prefetch_window_t64_h16_p4.log	2026-05-02T18:29:47	2026-05-02T18:37:30
64	7_prefetch	f9t_p1_pf_window_boundary	64	16	1	2.257830	2.411721	5445255168	True	False	0.000002	0.000000	0x14bb9bae	0xf03a7637	16	True	ok	-O3 -funroll-loops -falign-functions=64 -falign-loops=64 -fno-tree-loop-distribute-patterns -fno-tree-loop-vectorize	DNCNN_VPU_FUSED9TAP=1,DNCNN_VPU_PREFETCH_READ_WINDOW=1,DNCNN_VPU_BOUNDARY_ONLY_EVICT=1	/home/afonso/zephyr/local-artifacts/erbium_amp_probe/luxonis-real-dncnn/experiment-logs/20260502-182947/dump_e064_f9t_p1_pf_window_boundary_t64_h16_p1.bin	/home/afonso/zephyr/local-artifacts/erbium_amp_probe/luxonis-real-dncnn/experiment-logs/20260502-182947/run_e064_f9t_p1_pf_window_boundary_t64_h16_p1.log	2026-05-02T18:29:47	2026-05-02T18:37:30
65	7_harts	f9t_p1_h8_align64	64	8	1	3.788410	1.437346	5445255168	True	False	0.000002	0.000000	0x14bb9bae	0xf03a7637	8	True	ok	-O3 -funroll-loops -falign-functions=64 -falign-loops=64 -fno-tree-loop-distribute-patterns -fno-tree-loop-vectorize	DNCNN_VPU_FUSED9TAP=1	/home/afonso/zephyr/local-artifacts/erbium_amp_probe/luxonis-real-dncnn/experiment-logs/20260502-182947/dump_e065_f9t_p1_h8_align64_t64_h8_p1.bin	/home/afonso/zephyr/local-artifacts/erbium_amp_probe/luxonis-real-dncnn/experiment-logs/20260502-182947/run_e065_f9t_p1_h8_align64_t64_h8_p1.log	2026-05-02T18:29:47	2026-05-02T18:37:30
66	7_harts	f9t_p8_h8_align64	64	8	8	30.695300	1.419176	43562041344	True	False	0.000002	0.000000	0x14bb9bae	0xf03a7637	8	True	ok	-O3 -funroll-loops -falign-functions=64 -falign-loops=64 -fno-tree-loop-distribute-patterns -fno-tree-loop-vectorize	DNCNN_VPU_FUSED9TAP=1	/home/afonso/zephyr/local-artifacts/erbium_amp_probe/luxonis-real-dncnn/experiment-logs/20260502-182947/dump_e066_f9t_p8_h8_align64_t64_h8_p8.bin	/home/afonso/zephyr/local-artifacts/erbium_amp_probe/luxonis-real-dncnn/experiment-logs/20260502-182947/run_e066_f9t_p8_h8_align64_t64_h8_p8.log	2026-05-02T18:29:47	2026-05-02T18:37:30
67	7_harts	f9t_p1_h2_align64	64	2	1	12.701600	0.428706	5445255168	True	False	0.000002	0.000000	0x14bb9bae	0xf03a7637	2	True	ok	-O3 -funroll-loops -falign-functions=64 -falign-loops=64 -fno-tree-loop-distribute-patterns -fno-tree-loop-vectorize	DNCNN_VPU_FUSED9TAP=1	/home/afonso/zephyr/local-artifacts/erbium_amp_probe/luxonis-real-dncnn/experiment-logs/20260502-182947/dump_e067_f9t_p1_h2_align64_t64_h2_p1.bin	/home/afonso/zephyr/local-artifacts/erbium_amp_probe/luxonis-real-dncnn/experiment-logs/20260502-182947/run_e067_f9t_p1_h2_align64_t64_h2_p1.log	2026-05-02T18:29:47	2026-05-02T18:37:30
68	7_repeat	f9t_p1_winner_repeat_a	64	16	1	2.160260	2.520648	5445255168	True	False	0.000002	0.000000	0x14bb9bae	0xf03a7637	16	True	ok	-O3 -funroll-loops -falign-functions=64 -falign-loops=64 -fno-tree-loop-distribute-patterns -fno-tree-loop-vectorize	DNCNN_VPU_FUSED9TAP=1	/home/afonso/zephyr/local-artifacts/erbium_amp_probe/luxonis-real-dncnn/experiment-logs/20260502-182947/dump_e068_f9t_p1_winner_repeat_a_t64_h16_p1.bin	/home/afonso/zephyr/local-artifacts/erbium_amp_probe/luxonis-real-dncnn/experiment-logs/20260502-182947/run_e068_f9t_p1_winner_repeat_a_t64_h16_p1.log	2026-05-02T18:29:47	2026-05-02T18:37:30
69	7_repeat	f9t_p1_winner_repeat_b	64	16	1	2.158750	2.522411	5445255168	True	False	0.000002	0.000000	0x14bb9bae	0xf03a7637	16	True	ok	-O3 -funroll-loops -falign-functions=64 -falign-loops=64 -fno-tree-loop-distribute-patterns -fno-tree-loop-vectorize	DNCNN_VPU_FUSED9TAP=1	/home/afonso/zephyr/local-artifacts/erbium_amp_probe/luxonis-real-dncnn/experiment-logs/20260502-182947/dump_e069_f9t_p1_winner_repeat_b_t64_h16_p1.bin	/home/afonso/zephyr/local-artifacts/erbium_amp_probe/luxonis-real-dncnn/experiment-logs/20260502-182947/run_e069_f9t_p1_winner_repeat_b_t64_h16_p1.log	2026-05-02T18:29:47	2026-05-02T18:37:30
70	7_repeat	f9t_p1_winner_repeat_c	64	16	1	2.158250	2.522996	5445255168	True	False	0.000002	0.000000	0x14bb9bae	0xf03a7637	16	True	ok	-O3 -funroll-loops -falign-functions=64 -falign-loops=64 -fno-tree-loop-distribute-patterns -fno-tree-loop-vectorize	DNCNN_VPU_FUSED9TAP=1	/home/afonso/zephyr/local-artifacts/erbium_amp_probe/luxonis-real-dncnn/experiment-logs/20260502-182947/dump_e070_f9t_p1_winner_repeat_c_t64_h16_p1.bin	/home/afonso/zephyr/local-artifacts/erbium_amp_probe/luxonis-real-dncnn/experiment-logs/20260502-182947/run_e070_f9t_p1_winner_repeat_c_t64_h16_p1.log	2026-05-02T18:29:47	2026-05-02T18:37:30
71	8_pfw_combos	f9t_p1_pfw_align128	64	16	1	2.132380	2.553605	5445255168	True	False	0.000002	0.000000	0x14bb9bae	0xf03a7637	16	True	ok	-O3 -funroll-loops -falign-functions=128 -falign-loops=128 -fno-tree-loop-distribute-patterns -fno-tree-loop-vectorize	DNCNN_VPU_FUSED9TAP=1,DNCNN_VPU_PREFETCH_READ_WINDOW=1	/home/afonso/zephyr/local-artifacts/erbium_amp_probe/luxonis-real-dncnn/experiment-logs/20260502-184355/dump_e071_f9t_p1_pfw_align128_t64_h16_p1.bin	/home/afonso/zephyr/local-artifacts/erbium_amp_probe/luxonis-real-dncnn/experiment-logs/20260502-184355/run_e071_f9t_p1_pfw_align128_t64_h16_p1.log	2026-05-02T18:43:55	2026-05-02T18:50:32
72	8_pfw_combos	f9t_p1_pfw_align256	64	16	1	2.134000	2.551666	5445255168	True	False	0.000002	0.000000	0x14bb9bae	0xf03a7637	16	True	ok	-O3 -funroll-loops -falign-functions=256 -falign-loops=256 -fno-tree-loop-distribute-patterns -fno-tree-loop-vectorize	DNCNN_VPU_FUSED9TAP=1,DNCNN_VPU_PREFETCH_READ_WINDOW=1	/home/afonso/zephyr/local-artifacts/erbium_amp_probe/luxonis-real-dncnn/experiment-logs/20260502-184355/dump_e072_f9t_p1_pfw_align256_t64_h16_p1.bin	/home/afonso/zephyr/local-artifacts/erbium_amp_probe/luxonis-real-dncnn/experiment-logs/20260502-184355/run_e072_f9t_p1_pfw_align256_t64_h16_p1.log	2026-05-02T18:43:55	2026-05-02T18:50:32
73	8_pfw_combos	f9t_p1_pfw_inline2k	64	16	1	2.135240	2.550184	5445255168	True	False	0.000002	0.000000	0x14bb9bae	0xf03a7637	16	True	ok	-O3 -funroll-loops -falign-functions=64 -falign-loops=64 -fno-tree-loop-distribute-patterns -fno-tree-loop-vectorize -finline-limit=2000	DNCNN_VPU_FUSED9TAP=1,DNCNN_VPU_PREFETCH_READ_WINDOW=1	/home/afonso/zephyr/local-artifacts/erbium_amp_probe/luxonis-real-dncnn/experiment-logs/20260502-184355/dump_e073_f9t_p1_pfw_inline2k_t64_h16_p1.bin	/home/afonso/zephyr/local-artifacts/erbium_amp_probe/luxonis-real-dncnn/experiment-logs/20260502-184355/run_e073_f9t_p1_pfw_inline2k_t64_h16_p1.log	2026-05-02T18:43:55	2026-05-02T18:50:32
74	8_pfw_combos	f9t_p1_pfw_predcomm	64	16	1	2.134370	2.551224	5445255168	True	False	0.000002	0.000000	0x14bb9bae	0xf03a7637	16	True	ok	-O3 -funroll-loops -falign-functions=64 -falign-loops=64 -fno-tree-loop-distribute-patterns -fno-tree-loop-vectorize -fpredictive-commoning	DNCNN_VPU_FUSED9TAP=1,DNCNN_VPU_PREFETCH_READ_WINDOW=1	/home/afonso/zephyr/local-artifacts/erbium_amp_probe/luxonis-real-dncnn/experiment-logs/20260502-184355/dump_e074_f9t_p1_pfw_predcomm_t64_h16_p1.bin	/home/afonso/zephyr/local-artifacts/erbium_amp_probe/luxonis-real-dncnn/experiment-logs/20260502-184355/run_e074_f9t_p1_pfw_predcomm_t64_h16_p1.log	2026-05-02T18:43:55	2026-05-02T18:50:32
75	8_pfw_combos	f9t_p1_pfw_movestores	64	16	1	2.133800	2.551905	5445255168	True	False	0.000002	0.000000	0x14bb9bae	0xf03a7637	16	True	ok	-O3 -funroll-loops -falign-functions=64 -falign-loops=64 -fno-tree-loop-distribute-patterns -fno-tree-loop-vectorize -fmove-loop-stores	DNCNN_VPU_FUSED9TAP=1,DNCNN_VPU_PREFETCH_READ_WINDOW=1	/home/afonso/zephyr/local-artifacts/erbium_amp_probe/luxonis-real-dncnn/experiment-logs/20260502-184355/dump_e075_f9t_p1_pfw_movestores_t64_h16_p1.bin	/home/afonso/zephyr/local-artifacts/erbium_amp_probe/luxonis-real-dncnn/experiment-logs/20260502-184355/run_e075_f9t_p1_pfw_movestores_t64_h16_p1.log	2026-05-02T18:43:55	2026-05-02T18:50:32
76	8_pfw_combos	f9t_p1_pfw_rename	64	16	1	2.134210	2.551415	5445255168	True	False	0.000002	0.000000	0x14bb9bae	0xf03a7637	16	True	ok	-O3 -funroll-loops -falign-functions=64 -falign-loops=64 -fno-tree-loop-distribute-patterns -fno-tree-loop-vectorize -frename-registers	DNCNN_VPU_FUSED9TAP=1,DNCNN_VPU_PREFETCH_READ_WINDOW=1	/home/afonso/zephyr/local-artifacts/erbium_amp_probe/luxonis-real-dncnn/experiment-logs/20260502-184355/dump_e076_f9t_p1_pfw_rename_t64_h16_p1.bin	/home/afonso/zephyr/local-artifacts/erbium_amp_probe/luxonis-real-dncnn/experiment-logs/20260502-184355/run_e076_f9t_p1_pfw_rename_t64_h16_p1.log	2026-05-02T18:43:55	2026-05-02T18:50:32
77	8_pfw_combos	f9t_p1_pfw_noipa	64	16	1	2.135840	2.549468	5445255168	True	False	0.000002	0.000000	0x14bb9bae	0xf03a7637	16	True	ok	-O3 -funroll-loops -falign-functions=64 -falign-loops=64 -fno-tree-loop-distribute-patterns -fno-tree-loop-vectorize -fno-ipa-cp -fno-ipa-sra	DNCNN_VPU_FUSED9TAP=1,DNCNN_VPU_PREFETCH_READ_WINDOW=1	/home/afonso/zephyr/local-artifacts/erbium_amp_probe/luxonis-real-dncnn/experiment-logs/20260502-184355/dump_e077_f9t_p1_pfw_noipa_t64_h16_p1.bin	/home/afonso/zephyr/local-artifacts/erbium_amp_probe/luxonis-real-dncnn/experiment-logs/20260502-184355/run_e077_f9t_p1_pfw_noipa_t64_h16_p1.log	2026-05-02T18:43:55	2026-05-02T18:50:32
78	8_pfw_combos	f9t_p2_pfw_align64	64	16	2	4.345980	2.505881	10890510336	True	False	0.000002	0.000000	0x14bb9bae	0xf03a7637	16	True	ok	-O3 -funroll-loops -falign-functions=64 -falign-loops=64 -fno-tree-loop-distribute-patterns -fno-tree-loop-vectorize	DNCNN_VPU_FUSED9TAP=1,DNCNN_VPU_PREFETCH_READ_WINDOW=1	/home/afonso/zephyr/local-artifacts/erbium_amp_probe/luxonis-real-dncnn/experiment-logs/20260502-184355/dump_e078_f9t_p2_pfw_align64_t64_h16_p2.bin	/home/afonso/zephyr/local-artifacts/erbium_amp_probe/luxonis-real-dncnn/experiment-logs/20260502-184355/run_e078_f9t_p2_pfw_align64_t64_h16_p2.log	2026-05-02T18:43:55	2026-05-02T18:50:32
79	8_pfw_combos	f9t_p1_pfw_o2_unroll	64	16	1	2.241790	2.428976	5445255168	True	False	0.000002	0.000000	0x14bb9bae	0xf03a7637	16	True	ok	-O2 -funroll-loops -falign-functions=64 -falign-loops=64	DNCNN_VPU_FUSED9TAP=1,DNCNN_VPU_PREFETCH_READ_WINDOW=1	/home/afonso/zephyr/local-artifacts/erbium_amp_probe/luxonis-real-dncnn/experiment-logs/20260502-184355/dump_e079_f9t_p1_pfw_o2_unroll_t64_h16_p1.bin	/home/afonso/zephyr/local-artifacts/erbium_amp_probe/luxonis-real-dncnn/experiment-logs/20260502-184355/run_e079_f9t_p1_pfw_o2_unroll_t64_h16_p1.log	2026-05-02T18:43:55	2026-05-02T18:50:32
80	8_pfw_combos	f9t_p1_pfw_kitchen_sink	64	16	1	2.134270	2.551343	5445255168	True	False	0.000002	0.000000	0x14bb9bae	0xf03a7637	16	True	ok	-O3 -funroll-loops -falign-functions=64 -falign-loops=64 -fno-tree-loop-distribute-patterns -fno-tree-loop-vectorize -fpredictive-commoning -fmove-loop-stores -frename-registers	DNCNN_VPU_FUSED9TAP=1,DNCNN_VPU_PREFETCH_READ_WINDOW=1	/home/afonso/zephyr/local-artifacts/erbium_amp_probe/luxonis-real-dncnn/experiment-logs/20260502-184355/dump_e080_f9t_p1_pfw_kitchen_sink_t64_h16_p1.bin	/home/afonso/zephyr/local-artifacts/erbium_amp_probe/luxonis-real-dncnn/experiment-logs/20260502-184355/run_e080_f9t_p1_pfw_kitchen_sink_t64_h16_p1.log	2026-05-02T18:43:55	2026-05-02T18:50:32
81	9_tile16	f9t_pfw_t16_p1_h16	16	16	1	0.176759	1.925381	340328448	True	False	0.000001	0.000000	0x2252d03f	0xbd92c224	16	True	ok	-O3 -funroll-loops -falign-functions=64 -falign-loops=64 -fno-tree-loop-distribute-patterns -fno-tree-loop-vectorize	DNCNN_VPU_FUSED9TAP=1,DNCNN_VPU_PREFETCH_READ_WINDOW=1	/home/afonso/zephyr/local-artifacts/erbium_amp_probe/luxonis-real-dncnn/experiment-logs/20260502-185317/dump_e081_f9t_pfw_t16_p1_h16_t16_h16_p1.bin	/home/afonso/zephyr/local-artifacts/erbium_amp_probe/luxonis-real-dncnn/experiment-logs/20260502-185317/run_e081_f9t_pfw_t16_p1_h16_t16_h16_p1.log	2026-05-02T18:53:17	2026-05-02T19:00:23
82	9_tile16	f9t_pfw_t16_p8_h16	16	16	8	1.566030	1.738554	2722627584	True	False	0.000001	0.000000	0x2252d03f	0xbd92c224	16	True	ok	-O3 -funroll-loops -falign-functions=64 -falign-loops=64 -fno-tree-loop-distribute-patterns -fno-tree-loop-vectorize	DNCNN_VPU_FUSED9TAP=1,DNCNN_VPU_PREFETCH_READ_WINDOW=1	/home/afonso/zephyr/local-artifacts/erbium_amp_probe/luxonis-real-dncnn/experiment-logs/20260502-185317/dump_e082_f9t_pfw_t16_p8_h16_t16_h16_p8.bin	/home/afonso/zephyr/local-artifacts/erbium_amp_probe/luxonis-real-dncnn/experiment-logs/20260502-185317/run_e082_f9t_pfw_t16_p8_h16_t16_h16_p8.log	2026-05-02T18:53:17	2026-05-02T19:00:23
83	9_tile16	f9t_pfw_t16_p32_h16	16	16	32	6.096790	1.786270	10890510336	True	False	0.000001	0.000000	0x2252d03f	0xbd92c224	16	True	ok	-O3 -funroll-loops -falign-functions=64 -falign-loops=64 -fno-tree-loop-distribute-patterns -fno-tree-loop-vectorize	DNCNN_VPU_FUSED9TAP=1,DNCNN_VPU_PREFETCH_READ_WINDOW=1	/home/afonso/zephyr/local-artifacts/erbium_amp_probe/luxonis-real-dncnn/experiment-logs/20260502-185317/dump_e083_f9t_pfw_t16_p32_h16_t16_h16_p32.bin	/home/afonso/zephyr/local-artifacts/erbium_amp_probe/luxonis-real-dncnn/experiment-logs/20260502-185317/run_e083_f9t_pfw_t16_p32_h16_t16_h16_p32.log	2026-05-02T18:53:17	2026-05-02T19:00:23
84	9_tile1	f9t_pfw_t1_p1_h1	1	1	1	0.005213	0.255038	1329408	True	True	0.000000	0.000000	0x8210f159	0x8210f159	1	True	ok	-O3 -funroll-loops -falign-functions=64 -falign-loops=64 -fno-tree-loop-distribute-patterns -fno-tree-loop-vectorize	DNCNN_VPU_FUSED9TAP=1	/home/afonso/zephyr/local-artifacts/erbium_amp_probe/luxonis-real-dncnn/experiment-logs/20260502-185317/dump_e084_f9t_pfw_t1_p1_h1_t1_h1_p1.bin	/home/afonso/zephyr/local-artifacts/erbium_amp_probe/luxonis-real-dncnn/experiment-logs/20260502-185317/run_e084_f9t_pfw_t1_p1_h1_t1_h1_p1.log	2026-05-02T18:53:17	2026-05-02T19:00:23
85	9_tile1	f9t_pfw_t1_p64_h1	1	1	64	0.125948	0.675534	85082112	True	True	0.000000	0.000000	0x8210f159	0x8210f159	1	True	ok	-O3 -funroll-loops -falign-functions=64 -falign-loops=64 -fno-tree-loop-distribute-patterns -fno-tree-loop-vectorize	DNCNN_VPU_FUSED9TAP=1	/home/afonso/zephyr/local-artifacts/erbium_amp_probe/luxonis-real-dncnn/experiment-logs/20260502-185317/dump_e085_f9t_pfw_t1_p64_h1_t1_h1_p64.bin	/home/afonso/zephyr/local-artifacts/erbium_amp_probe/luxonis-real-dncnn/experiment-logs/20260502-185317/run_e085_f9t_pfw_t1_p64_h1_t1_h1_p64.log	2026-05-02T18:53:17	2026-05-02T19:00:23
86	9_tile4	f9t_pfw_t4_p1_h1	4	1	1	0.137168	0.155069	21270528	True	False	0.000000	0.000000	0x6c85ec81	0x1e8fb52e	1	True	ok	-O3 -funroll-loops -falign-functions=64 -falign-loops=64 -fno-tree-loop-distribute-patterns -fno-tree-loop-vectorize	DNCNN_VPU_FUSED9TAP=1	/home/afonso/zephyr/local-artifacts/erbium_amp_probe/luxonis-real-dncnn/experiment-logs/20260502-185317/dump_e086_f9t_pfw_t4_p1_h1_t4_h1_p1.bin	/home/afonso/zephyr/local-artifacts/erbium_amp_probe/luxonis-real-dncnn/experiment-logs/20260502-185317/run_e086_f9t_pfw_t4_p1_h1_t4_h1_p1.log	2026-05-02T18:53:17	2026-05-02T19:00:23
87	9_tile4	f9t_pfw_t4_p8_h1	4	1	8	1.011350	0.168255	170164224	True	False	0.000000	0.000000	0x6c85ec81	0x1e8fb52e	1	True	ok	-O3 -funroll-loops -falign-functions=64 -falign-loops=64 -fno-tree-loop-distribute-patterns -fno-tree-loop-vectorize	DNCNN_VPU_FUSED9TAP=1	/home/afonso/zephyr/local-artifacts/erbium_amp_probe/luxonis-real-dncnn/experiment-logs/20260502-185317/dump_e087_f9t_pfw_t4_p8_h1_t4_h1_p8.bin	/home/afonso/zephyr/local-artifacts/erbium_amp_probe/luxonis-real-dncnn/experiment-logs/20260502-185317/run_e087_f9t_pfw_t4_p8_h1_t4_h1_p8.log	2026-05-02T18:53:17	2026-05-02T19:00:23
88	9_extreme_p	f9t_pfw_p128	64	16	128	289.222000	2.409888	696992661504	True	False	0.000002	0.000000	0x14bb9bae	0xf03a7637	16	True	ok	-O3 -funroll-loops -falign-functions=128 -falign-loops=128 -fno-tree-loop-distribute-patterns -fno-tree-loop-vectorize	DNCNN_VPU_FUSED9TAP=1,DNCNN_VPU_PREFETCH_READ_WINDOW=1	/home/afonso/zephyr/local-artifacts/erbium_amp_probe/luxonis-real-dncnn/experiment-logs/20260502-185317/dump_e088_f9t_pfw_p128_t64_h16_p128.bin	/home/afonso/zephyr/local-artifacts/erbium_amp_probe/luxonis-real-dncnn/experiment-logs/20260502-185317/run_e088_f9t_pfw_p128_t64_h16_p128.log	2026-05-02T18:53:17	2026-05-02T19:00:23
89	9_extreme_p	f9t_pfw_p256	64	16	256	578.469000	2.409784	1393985323008	True	False	0.000002	0.000000	0x14bb9bae	0xf03a7637	16	True	ok	-O3 -funroll-loops -falign-functions=128 -falign-loops=128 -fno-tree-loop-distribute-patterns -fno-tree-loop-vectorize	DNCNN_VPU_FUSED9TAP=1,DNCNN_VPU_PREFETCH_READ_WINDOW=1	/home/afonso/zephyr/local-artifacts/erbium_amp_probe/luxonis-real-dncnn/experiment-logs/20260502-185317/dump_e089_f9t_pfw_p256_t64_h16_p256.bin	/home/afonso/zephyr/local-artifacts/erbium_amp_probe/luxonis-real-dncnn/experiment-logs/20260502-185317/run_e089_f9t_pfw_p256_t64_h16_p256.log	2026-05-02T18:53:17	2026-05-02T19:00:23
90	9_combo	f9t_pfw_align128_movestores	64	16	1	2.133880	2.551809	5445255168	True	False	0.000002	0.000000	0x14bb9bae	0xf03a7637	16	True	ok	-O3 -funroll-loops -falign-functions=128 -falign-loops=128 -fno-tree-loop-distribute-patterns -fno-tree-loop-vectorize -fmove-loop-stores -fpredictive-commoning	DNCNN_VPU_FUSED9TAP=1,DNCNN_VPU_PREFETCH_READ_WINDOW=1	/home/afonso/zephyr/local-artifacts/erbium_amp_probe/luxonis-real-dncnn/experiment-logs/20260502-185317/dump_e090_f9t_pfw_align128_movestores_t64_h16_p1.bin	/home/afonso/zephyr/local-artifacts/erbium_amp_probe/luxonis-real-dncnn/experiment-logs/20260502-185317/run_e090_f9t_pfw_align128_movestores_t64_h16_p1.log	2026-05-02T18:53:17	2026-05-02T19:00:23
91	10_validate	best_repeat_01	64	16	1	2.136710	2.548430	5445255168	True	False	0.000002	0.000000	0x14bb9bae	0xf03a7637	16	True	ok	-O3 -funroll-loops -falign-functions=128 -falign-loops=128 -fno-tree-loop-distribute-patterns -fno-tree-loop-vectorize	DNCNN_VPU_FUSED9TAP=1,DNCNN_VPU_PREFETCH_READ_WINDOW=1	/home/afonso/zephyr/local-artifacts/erbium_amp_probe/luxonis-real-dncnn/experiment-logs/20260502-191704/dump_e091_best_repeat_01_t64_h16_p1.bin	/home/afonso/zephyr/local-artifacts/erbium_amp_probe/luxonis-real-dncnn/experiment-logs/20260502-191704/run_e091_best_repeat_01_t64_h16_p1.log	2026-05-02T19:17:04	2026-05-02T19:25:34
92	10_validate	best_repeat_02	64	16	1	2.135460	2.549921	5445255168	True	False	0.000002	0.000000	0x14bb9bae	0xf03a7637	16	True	ok	-O3 -funroll-loops -falign-functions=128 -falign-loops=128 -fno-tree-loop-distribute-patterns -fno-tree-loop-vectorize	DNCNN_VPU_FUSED9TAP=1,DNCNN_VPU_PREFETCH_READ_WINDOW=1	/home/afonso/zephyr/local-artifacts/erbium_amp_probe/luxonis-real-dncnn/experiment-logs/20260502-191704/dump_e092_best_repeat_02_t64_h16_p1.bin	/home/afonso/zephyr/local-artifacts/erbium_amp_probe/luxonis-real-dncnn/experiment-logs/20260502-191704/run_e092_best_repeat_02_t64_h16_p1.log	2026-05-02T19:17:04	2026-05-02T19:25:34
93	10_validate	best_repeat_03	64	16	1	2.131910	2.554167	5445255168	True	False	0.000002	0.000000	0x14bb9bae	0xf03a7637	16	True	ok	-O3 -funroll-loops -falign-functions=128 -falign-loops=128 -fno-tree-loop-distribute-patterns -fno-tree-loop-vectorize	DNCNN_VPU_FUSED9TAP=1,DNCNN_VPU_PREFETCH_READ_WINDOW=1	/home/afonso/zephyr/local-artifacts/erbium_amp_probe/luxonis-real-dncnn/experiment-logs/20260502-191704/dump_e093_best_repeat_03_t64_h16_p1.bin	/home/afonso/zephyr/local-artifacts/erbium_amp_probe/luxonis-real-dncnn/experiment-logs/20260502-191704/run_e093_best_repeat_03_t64_h16_p1.log	2026-05-02T19:17:04	2026-05-02T19:25:34
94	10_validate	best_repeat_04	64	16	1	2.133090	2.552755	5445255168	True	False	0.000002	0.000000	0x14bb9bae	0xf03a7637	16	True	ok	-O3 -funroll-loops -falign-functions=128 -falign-loops=128 -fno-tree-loop-distribute-patterns -fno-tree-loop-vectorize	DNCNN_VPU_FUSED9TAP=1,DNCNN_VPU_PREFETCH_READ_WINDOW=1	/home/afonso/zephyr/local-artifacts/erbium_amp_probe/luxonis-real-dncnn/experiment-logs/20260502-191704/dump_e094_best_repeat_04_t64_h16_p1.bin	/home/afonso/zephyr/local-artifacts/erbium_amp_probe/luxonis-real-dncnn/experiment-logs/20260502-191704/run_e094_best_repeat_04_t64_h16_p1.log	2026-05-02T19:17:04	2026-05-02T19:25:34
95	10_validate	best_repeat_05	64	16	1	2.132400	2.553581	5445255168	True	False	0.000002	0.000000	0x14bb9bae	0xf03a7637	16	True	ok	-O3 -funroll-loops -falign-functions=128 -falign-loops=128 -fno-tree-loop-distribute-patterns -fno-tree-loop-vectorize	DNCNN_VPU_FUSED9TAP=1,DNCNN_VPU_PREFETCH_READ_WINDOW=1	/home/afonso/zephyr/local-artifacts/erbium_amp_probe/luxonis-real-dncnn/experiment-logs/20260502-191704/dump_e095_best_repeat_05_t64_h16_p1.bin	/home/afonso/zephyr/local-artifacts/erbium_amp_probe/luxonis-real-dncnn/experiment-logs/20260502-191704/run_e095_best_repeat_05_t64_h16_p1.log	2026-05-02T19:17:04	2026-05-02T19:25:34
96	10_validate	best_repeat_06	64	16	1	2.133900	2.551786	5445255168	True	False	0.000002	0.000000	0x14bb9bae	0xf03a7637	16	True	ok	-O3 -funroll-loops -falign-functions=128 -falign-loops=128 -fno-tree-loop-distribute-patterns -fno-tree-loop-vectorize	DNCNN_VPU_FUSED9TAP=1,DNCNN_VPU_PREFETCH_READ_WINDOW=1	/home/afonso/zephyr/local-artifacts/erbium_amp_probe/luxonis-real-dncnn/experiment-logs/20260502-191704/dump_e096_best_repeat_06_t64_h16_p1.bin	/home/afonso/zephyr/local-artifacts/erbium_amp_probe/luxonis-real-dncnn/experiment-logs/20260502-191704/run_e096_best_repeat_06_t64_h16_p1.log	2026-05-02T19:17:04	2026-05-02T19:25:34
97	10_validate	best_repeat_07	64	16	1	2.133330	2.552467	5445255168	True	False	0.000002	0.000000	0x14bb9bae	0xf03a7637	16	True	ok	-O3 -funroll-loops -falign-functions=128 -falign-loops=128 -fno-tree-loop-distribute-patterns -fno-tree-loop-vectorize	DNCNN_VPU_FUSED9TAP=1,DNCNN_VPU_PREFETCH_READ_WINDOW=1	/home/afonso/zephyr/local-artifacts/erbium_amp_probe/luxonis-real-dncnn/experiment-logs/20260502-191704/dump_e097_best_repeat_07_t64_h16_p1.bin	/home/afonso/zephyr/local-artifacts/erbium_amp_probe/luxonis-real-dncnn/experiment-logs/20260502-191704/run_e097_best_repeat_07_t64_h16_p1.log	2026-05-02T19:17:04	2026-05-02T19:25:34
98	10_validate	best_repeat_08	64	16	1	2.133580	2.552168	5445255168	True	False	0.000002	0.000000	0x14bb9bae	0xf03a7637	16	True	ok	-O3 -funroll-loops -falign-functions=128 -falign-loops=128 -fno-tree-loop-distribute-patterns -fno-tree-loop-vectorize	DNCNN_VPU_FUSED9TAP=1,DNCNN_VPU_PREFETCH_READ_WINDOW=1	/home/afonso/zephyr/local-artifacts/erbium_amp_probe/luxonis-real-dncnn/experiment-logs/20260502-191704/dump_e098_best_repeat_08_t64_h16_p1.bin	/home/afonso/zephyr/local-artifacts/erbium_amp_probe/luxonis-real-dncnn/experiment-logs/20260502-191704/run_e098_best_repeat_08_t64_h16_p1.log	2026-05-02T19:17:04	2026-05-02T19:25:34
99	10_validate	best_repeat_09	64	16	1	2.134570	2.550985	5445255168	True	False	0.000002	0.000000	0x14bb9bae	0xf03a7637	16	True	ok	-O3 -funroll-loops -falign-functions=128 -falign-loops=128 -fno-tree-loop-distribute-patterns -fno-tree-loop-vectorize	DNCNN_VPU_FUSED9TAP=1,DNCNN_VPU_PREFETCH_READ_WINDOW=1	/home/afonso/zephyr/local-artifacts/erbium_amp_probe/luxonis-real-dncnn/experiment-logs/20260502-191704/dump_e099_best_repeat_09_t64_h16_p1.bin	/home/afonso/zephyr/local-artifacts/erbium_amp_probe/luxonis-real-dncnn/experiment-logs/20260502-191704/run_e099_best_repeat_09_t64_h16_p1.log	2026-05-02T19:17:04	2026-05-02T19:25:34
100	10_validate	best_repeat_10	64	16	1	2.131900	2.554179	5445255168	True	False	0.000002	0.000000	0x14bb9bae	0xf03a7637	16	True	ok	-O3 -funroll-loops -falign-functions=128 -falign-loops=128 -fno-tree-loop-distribute-patterns -fno-tree-loop-vectorize	DNCNN_VPU_FUSED9TAP=1,DNCNN_VPU_PREFETCH_READ_WINDOW=1	/home/afonso/zephyr/local-artifacts/erbium_amp_probe/luxonis-real-dncnn/experiment-logs/20260502-191704/dump_e100_best_repeat_10_t64_h16_p1.bin	/home/afonso/zephyr/local-artifacts/erbium_amp_probe/luxonis-real-dncnn/experiment-logs/20260502-191704/run_e100_best_repeat_10_t64_h16_p1.log	2026-05-02T19:17:04	2026-05-02T19:25:34
