hart	minion	thread	active_harts	done	counter	begin	after_instr	after_mem	after_icache	final	delta_instr	delta_mem	delta_icache	delta_total	instr_checksum	mem_checksum	icache_checksum
0	0	0	16	1	hpmcounter3_cycles	341205507755087	341205514167264	341205515956964	341205517927519	341205517928079	6412177	1789700	1970555	10172992	6844234849884653383	12821136421084004301	17418738019836533845
0	0	0	16	1	hpmcounter4_retired_inst0	19228	17621759	18750572	22142592	22142830	17602531	1128813	3392020	22123602	6844234849884653383	12821136421084004301	17418738019836533845
0	0	0	16	1	hpmcounter5_retired_inst1	8779	17610429	18719419	22132256	22132392	17601650	1108990	3412837	22123613	6844234849884653383	12821136421084004301	17418738019836533845
0	0	0	16	1	hpmcounter6_l2_miss_req	1251	1283	132810	132843	132844	32	131527	33	131593	6844234849884653383	12821136421084004301	17418738019836533845
0	0	0	16	1	hpmcounter7_minion_icache_req	14226	6308704	6890830	8847899	8848005	6294478	582126	1957069	8833779	6844234849884653383	12821136421084004301	17418738019836533845
0	0	0	16	1	hpmcounter8_icache_etlink_req	107	110	121	121	121	3	11	0	14	6844234849884653383	12821136421084004301	17418738019836533845
1	0	1	16	0	hpmcounter3_cycles	341205507755073	341205514166524	341205515956349	341205517926787	341205517927465	6411451	1789825	1970438	10172392	8515274195092769887	441576393300936138	9097162962354005615
1	0	1	16	0	hpmcounter4_retired_inst0	19352	17621295	18749823	22142710	22142845	17601943	1128528	3392887	22123493	8515274195092769887	441576393300936138	9097162962354005615
1	0	1	16	0	hpmcounter5_retired_inst1	9805	17610789	18719397	22133170	22133280	17600984	1108608	3413773	22123475	8515274195092769887	441576393300936138	9097162962354005615
1	0	1	16	0	hpmcounter6_l2_miss_req	1251	1281	132802	132841	132843	30	131521	39	131592	8515274195092769887	441576393300936138	9097162962354005615
1	0	1	16	0	hpmcounter7_minion_icache_req	15016	6308977	6890996	8848554	8848680	6293961	582019	1957558	8833664	8515274195092769887	441576393300936138	9097162962354005615
1	0	1	16	0	hpmcounter8_icache_etlink_req	92	95	106	106	106	3	11	0	14	8515274195092769887	441576393300936138	9097162962354005615
2	1	0	16	0	hpmcounter3_cycles	341205507755098	341205514162230	341205515915753	341205517884605	341205517885219	6407132	1753523	1968852	10130121	14245153451858236504	12882205672212345728	9914827878442148980
2	1	0	16	0	hpmcounter4_retired_inst0	19250	17613277	18693321	22112025	22112723	17594027	1080044	3418704	22093473	14245153451858236504	12882205672212345728	9914827878442148980
2	1	0	16	0	hpmcounter5_retired_inst1	8795	17600071	18675303	22083839	22085081	17591276	1075232	3408536	22076286	14245153451858236504	12882205672212345728	9914827878442148980
2	1	0	16	0	hpmcounter6_l2_miss_req	1251	1259	131703	132822	132822	8	130444	1119	131571	14245153451858236504	12882205672212345728	9914827878442148980
2	1	0	16	0	hpmcounter7_minion_icache_req	14236	6304218	6855076	8816173	8816810	6289982	550858	1961097	8802574	14245153451858236504	12882205672212345728	9914827878442148980
2	1	0	16	0	hpmcounter8_icache_etlink_req	107	109	121	121	121	2	12	0	14	14245153451858236504	12882205672212345728	9914827878442148980
3	1	1	16	1	hpmcounter3_cycles	341205507755086	341205514162488	341205515931820	341205517900261	341205517900787	6407402	1769332	1968441	10145701	4022290747891680150	17345674325875032672	12206807781261052646
3	1	1	16	1	hpmcounter4_retired_inst0	19373	17614108	18716823	22124106	22124481	17594735	1102715	3407283	22105108	4022290747891680150	17345674325875032672	12206807781261052646
3	1	1	16	1	hpmcounter5_retired_inst1	9828	17601815	18687078	22113039	22113673	17591987	1085263	3425961	22103845	4022290747891680150	17345674325875032672	12206807781261052646
3	1	1	16	1	hpmcounter6_l2_miss_req	1251	1260	132421	132829	132830	9	131161	408	131579	4022290747891680150	17345674325875032672	12206807781261052646
3	1	1	16	1	hpmcounter7_minion_icache_req	15021	6305257	6868065	8831290	8831690	6290236	562808	1963225	8816669	4022290747891680150	17345674325875032672	12206807781261052646
3	1	1	16	1	hpmcounter8_icache_etlink_req	92	95	106	106	106	3	11	0	14	4022290747891680150	17345674325875032672	12206807781261052646
4	2	0	16	0	hpmcounter3_cycles	341205507755094	341205514165785	341205515917230	341205517886571	341205517887170	6410691	1751445	1969341	10132076	10173111585432584215	11556474665715955660	7120149455446015547
4	2	0	16	0	hpmcounter4_retired_inst0	19235	17620321	18695251	22114114	22114625	17601086	1074930	3418863	22095390	10173111585432584215	11556474665715955660	7120149455446015547
4	2	0	16	0	hpmcounter5_retired_inst1	8786	17608507	18676198	22087667	22088772	17599721	1067691	3411469	22079986	10173111585432584215	11556474665715955660	7120149455446015547
4	2	0	16	0	hpmcounter6_l2_miss_req	1251	1273	131786	132824	132824	22	130513	1038	131573	10173111585432584215	11556474665715955660	7120149455446015547
4	2	0	16	0	hpmcounter7_minion_icache_req	14229	6307549	6856050	8818076	8818629	6293320	548501	1962026	8804400	10173111585432584215	11556474665715955660	7120149455446015547
4	2	0	16	0	hpmcounter8_icache_etlink_req	107	110	121	121	121	3	11	0	14	10173111585432584215	11556474665715955660	7120149455446015547
5	2	1	16	1	hpmcounter3_cycles	341205507755088	341205514166574	341205515936370	341205517904908	341205517905430	6411486	1769796	1968538	10150342	3733370285211243026	2789259936799695395	977603938094263748
5	2	1	16	1	hpmcounter4_retired_inst0	19372	17621342	18723293	22127451	22127837	17601970	1101951	3404158	22108465	3733370285211243026	2789259936799695395	977603938094263748
5	2	1	16	1	hpmcounter5_retired_inst1	9828	17610819	18692778	22117841	22118334	17600991	1081959	3425063	22108506	3733370285211243026	2789259936799695395	977603938094263748
5	2	1	16	1	hpmcounter6_l2_miss_req	1251	1281	132558	132832	132832	30	131277	274	131581	3733370285211243026	2789259936799695395	977603938094263748
5	2	1	16	1	hpmcounter7_minion_icache_req	15022	6309000	6872221	8834717	8835096	6293978	563221	1962496	8820074	3733370285211243026	2789259936799695395	977603938094263748
5	2	1	16	1	hpmcounter8_icache_etlink_req	92	95	106	106	106	3	11	0	14	3733370285211243026	2789259936799695395	977603938094263748
0	0	0	16	1	hpmcounter3_cycles	341205507755096	341205514164444	341205515912934	341205517874092	341205517874760	6409348	1748490	1961158	10119664	0	2527238375027122635	17820662788963462863
0	0	0	16	1	hpmcounter4_retired_inst0	19243	17618408	18690481	22096093	22097239	17599165	1072073	3405612	22077996	0	2527238375027122635	17820662788963462863
0	0	0	16	1	hpmcounter5_retired_inst1	8795	17605560	18673563	22064847	22066077	17596765	1068003	3391284	22057282	0	2527238375027122635	17820662788963462863
0	0	0	16	1	hpmcounter6_l2_miss_req	1251	1268	131544	132815	132816	17	130276	1271	131565	0	2527238375027122635	17820662788963462863
0	0	0	16	1	hpmcounter7_minion_icache_req	14233	6306337	6853410	8805778	8806520	6292104	547073	1952368	8792287	0	2527238375027122635	17820662788963462863
0	0	0	16	1	hpmcounter8_icache_etlink_req	107	110	117	121	121	3	7	4	14	0	2527238375027122635	17820662788963462863
7	3	1	16	1	hpmcounter3_cycles	341205507755084	341205514166489	341205515930234	341205517890964	341205517891488	6411405	1763745	1960730	10136404	8089956253623200435	15132495912859706930	10190238337947716657
7	3	1	16	1	hpmcounter4_retired_inst0	19370	17621260	18714575	22117568	22117941	17601890	1093315	3402993	22098571	8089956253623200435	15132495912859706930	10190238337947716657
7	3	1	16	1	hpmcounter5_retired_inst1	9822	17610720	18685406	22097191	22098215	17600898	1074686	3411785	22088393	8089956253623200435	15132495912859706930	10190238337947716657
7	3	1	16	1	hpmcounter6_l2_miss_req	1251	1280	132368	132825	132825	29	131088	457	131574	8089956253623200435	15132495912859706930	10190238337947716657
7	3	1	16	1	hpmcounter7_minion_icache_req	15021	6308944	6866666	8822948	8823444	6293923	557722	1956282	8808423	8089956253623200435	15132495912859706930	10190238337947716657
7	3	1	16	1	hpmcounter8_icache_etlink_req	92	95	106	106	106	3	11	0	14	8089956253623200435	15132495912859706930	10190238337947716657
8	4	0	16	1	hpmcounter3_cycles	341205507755082	341205514166742	341205515957316	341205517925277	341205517925844	6411660	1790574	1967961	10170762	6415386050652049090	0	0
8	4	0	16	1	hpmcounter4_retired_inst0	19225	17621351	18751211	22141896	22142151	17602126	1129860	3390685	22122926	6415386050652049090	0	0
8	4	0	16	1	hpmcounter5_retired_inst1	8776	17609975	18720061	22131482	22131734	17601199	1110086	3411421	22122958	6415386050652049090	0	0
8	4	0	16	1	hpmcounter6_l2_miss_req	1251	1281	132812	132838	132839	30	131531	26	131588	6415386050652049090	0	0
8	4	0	16	1	hpmcounter7_minion_icache_req	14226	6308344	6891218	8847173	0	6294118	582874	1955955	18446744073709537390	6415386050652049090	0	0
8	4	0	16	1	hpmcounter8_icache_etlink_req	107	110	121	121	0	3	11	0	18446744073709551509	6415386050652049090	0	0
9	4	1	16	1	hpmcounter3_cycles	341205507755072	341205514166155	341205515956686	341205517925324	341205517925891	6411083	1790531	1968638	10170819	3778123300372443612	1920020604184704602	10144774648509138117
9	4	1	16	1	hpmcounter4_retired_inst0	19361	17620892	18750389	22142058	22142311	17601531	1129497	3391669	22122950	3778123300372443612	1920020604184704602	10144774648509138117
9	4	1	16	1	hpmcounter5_retired_inst1	9819	17610115	18720140	22132538	22132792	17600296	1110025	3412398	22122973	3778123300372443612	1920020604184704602	10144774648509138117
9	4	1	16	1	hpmcounter6_l2_miss_req	1251	1276	132807	132838	132839	25	131531	31	131588	3778123300372443612	1920020604184704602	10144774648509138117
9	4	1	16	1	hpmcounter7_minion_icache_req	15019	6308675	6891461	8847988	8848231	6293656	582786	1956527	8833212	3778123300372443612	1920020604184704602	10144774648509138117
9	4	1	16	1	hpmcounter8_icache_etlink_req	92	95	106	106	106	3	11	0	14	3778123300372443612	1920020604184704602	10144774648509138117
10	5	0	16	0	hpmcounter3_cycles	341205507755085	341205514164431	341205515954767	341205517923983	341205517924551	6409346	1790336	1969216	10169466	266584443049538944	3476132753167990945	14692559488704808460
10	5	0	16	0	hpmcounter4_retired_inst0	19224	17618394	18747419	22141003	22141380	17599170	1129025	3393584	22122156	266584443049538944	3476132753167990945	14692559488704808460
10	5	0	16	0	hpmcounter5_retired_inst1	8776	17605528	18715933	22130722	22131123	17596752	1110405	3414789	22122347	266584443049538944	3476132753167990945	14692559488704808460
10	5	0	16	0	hpmcounter6_l2_miss_req	1251	1268	132796	132835	132836	17	131528	39	131585	266584443049538944	3476132753167990945	14692559488704808460
10	5	0	16	0	hpmcounter7_minion_icache_req	14227	6306316	6888660	8846476	8846816	6292089	582344	1957816	8832589	266584443049538944	3476132753167990945	14692559488704808460
10	5	0	16	0	hpmcounter8_icache_etlink_req	107	110	121	121	121	3	11	0	14	266584443049538944	3476132753167990945	14692559488704808460
11	5	1	16	1	hpmcounter3_cycles	341205507755071	341205514164026	341205515954043	341205517923375	341205517923944	6408955	1790017	1969332	10168873	16111703808661640339	59667244875559301	4182374658355509206
11	5	1	16	1	hpmcounter4_retired_inst0	19344	17617769	18746648	22140709	22141118	17598425	1128879	3394061	22121774	16111703808661640339	59667244875559301	4182374658355509206
11	5	1	16	1	hpmcounter5_retired_inst1	9796	17605506	18716116	22131357	22131738	17595710	1110610	3415241	22121942	16111703808661640339	59667244875559301	4182374658355509206
11	5	1	16	1	hpmcounter6_l2_miss_req	1251	1265	132792	132833	132835	14	131527	41	131584	16111703808661640339	59667244875559301	4182374658355509206
11	5	1	16	1	hpmcounter7_minion_icache_req	15010	6306752	6888783	8846909	8847251	6291742	582031	1958126	8832241	16111703808661640339	59667244875559301	4182374658355509206
11	5	1	16	1	hpmcounter8_icache_etlink_req	92	95	106	106	106	3	11	0	14	16111703808661640339	59667244875559301	4182374658355509206
12	6	0	16	0	hpmcounter3_cycles	341205507755081	341205514163532	341205515911750	341205517881784	341205517882401	6408451	1748218	1970034	10127320	1604548584310291307	10990510833083040415	5229054597577556482
12	6	0	16	0	hpmcounter4_retired_inst0	19220	17616384	18689749	22108254	22109183	17597164	1073365	3418505	22089963	1604548584310291307	10990510833083040415	5229054597577556482
12	6	0	16	0	hpmcounter5_retired_inst1	8769	17603394	18672780	22078611	22079618	17594625	1069386	3405831	22070849	1604548584310291307	10990510833083040415	5229054597577556482
12	6	0	16	0	hpmcounter6_l2_miss_req	1251	1262	131472	132818	132819	11	130210	1346	131568	1604548584310291307	10990510833083040415	5229054597577556482
12	6	0	16	0	hpmcounter7_minion_icache_req	14087	6305463	6852886	8813406	8814025	6291376	547423	1960520	8799938	1604548584310291307	10990510833083040415	5229054597577556482
12	6	0	16	0	hpmcounter8_icache_etlink_req	107	110	112	121	121	3	2	9	14	1604548584310291307	10990510833083040415	5229054597577556482
13	6	1	16	1	hpmcounter3_cycles	341205507755071	341205514168161	341205515928815	341205517897682	341205517898211	6413090	1760654	1968867	10143140	32910520393117189	10491749858596875198	17977220632018516894
13	6	1	16	1	hpmcounter4_retired_inst0	19356	17622247	18712498	22122284	22122657	17602891	1090251	3409786	22103301	32910520393117189	10491749858596875198	17977220632018516894
13	6	1	16	1	hpmcounter5_retired_inst1	9809	17612005	18684341	22108999	22109897	17602196	1072336	3424658	22100088	32910520393117189	10491749858596875198	17977220632018516894
13	6	1	16	1	hpmcounter6_l2_miss_req	1251	1284	132314	132827	132827	33	131030	513	131576	32910520393117189	10491749858596875198	17977220632018516894
13	6	1	16	1	hpmcounter7_minion_icache_req	15015	6310095	6865481	8829065	8829555	6295080	555386	1963584	8814540	32910520393117189	10491749858596875198	17977220632018516894
13	6	1	16	1	hpmcounter8_icache_etlink_req	92	95	106	106	106	3	11	0	14	32910520393117189	10491749858596875198	17977220632018516894
14	7	0	16	1	hpmcounter3_cycles	341205507755080	341205514163841	341205515913375	341205517881904	341205517882371	6408761	1749534	1968529	10127291	0	10679204054863750053	8119852841275145329
14	7	0	16	1	hpmcounter4_retired_inst0	19218	17617494	18690867	22108454	22109329	17598276	1073373	3417587	22090111	0	10679204054863750053	8119852841275145329
14	7	0	16	1	hpmcounter5_retired_inst1	8769	17604423	18673832	22078728	22079907	17595654	1069409	3404896	22071138	0	10679204054863750053	8119852841275145329
14	7	0	16	1	hpmcounter6_l2_miss_req	1251	1265	131570	132818	132819	14	130305	1248	131568	0	10679204054863750053	8119852841275145329
14	7	0	16	1	hpmcounter7_minion_icache_req	14225	6305889	6853637	8813524	8814120	6291664	547748	1959887	8799895	0	10679204054863750053	8119852841275145329
14	7	0	16	1	hpmcounter8_icache_etlink_req	107	110	119	121	121	3	9	2	14	0	10679204054863750053	8119852841275145329
15	7	1	16	1	hpmcounter3_cycles	341205507755074	341205514165457	341205515930547	341205517899169	341205517899695	6410383	1765090	1968622	10144621	5253801512011426181	15673560273136619253	6487278922980764402
15	7	1	16	1	hpmcounter4_retired_inst0	19352	17620048	18715038	22123339	22123712	17600696	1094990	3408301	22104360	5253801512011426181	15673560273136619253	6487278922980764402
15	7	1	16	1	hpmcounter5_retired_inst1	9803	17608853	18685722	22111458	22112229	17599050	1076869	3425736	22102426	5253801512011426181	15673560273136619253	6487278922980764402
15	7	1	16	1	hpmcounter6_l2_miss_req	1251	1271	132378	132828	132828	20	131107	450	131577	5253801512011426181	15673560273136619253	6487278922980764402
15	7	1	16	1	hpmcounter7_minion_icache_req	15016	6308027	6866953	8830380	8830827	6293011	558926	1963427	8815811	5253801512011426181	15673560273136619253	6487278922980764402
15	7	1	16	1	hpmcounter8_icache_etlink_req	92	95	106	106	106	3	11	0	14	5253801512011426181	15673560273136619253	6487278922980764402
