idx	kind	block	pmc	shire	hart	value	hex_value	is_error_ff
0	SC	0	0	0	0	475012428243	0x6e98f271d3	0
1	SC	0	1	0	0	14964676	0xe457c4	0
2	SC	0	2	0	0	2417769	0x24e469	0
3	SC	0	3	0	0	18446744073709551615	0xffffffffffffffff	1
4	SC	1	0	0	0	475012435932	0x6e98f28fdc	0
5	SC	1	1	0	0	17223715	0x106d023	0
6	SC	1	2	0	0	3103201	0x2f59e1	0
7	SC	1	3	0	0	18446744073709551615	0xffffffffffffffff	1
8	SC	2	0	0	0	475012439356	0x6e98f29d3c	0
9	SC	2	1	0	0	13604890	0xcf981a	0
10	SC	2	2	0	0	2651253	0x287475	0
11	SC	2	3	0	0	18446744073709551615	0xffffffffffffffff	1
12	SC	3	0	0	0	475012444689	0x6e98f2b211	0
13	SC	3	1	0	0	23300507	0x163899b	0
14	SC	3	2	0	0	2573108	0x274334	0
15	SC	3	3	0	0	18446744073709551615	0xffffffffffffffff	1
16	MS	0	0	0	0	785350866031	0xb6da8f346f	0
17	MS	0	1	0	0	1875001	0x1c9c39	0
18	MS	0	2	0	0	4242491	0x40bc3b	0
19	MS	0	3	0	0	18446744073709551615	0xffffffffffffffff	1
20	MS	1	0	0	0	780846747706	0xb5ce17d03a	0
21	MS	1	1	0	0	2323793	0x237551	0
22	MS	1	2	0	0	3678037	0x381f55	0
23	MS	1	3	0	0	18446744073709551615	0xffffffffffffffff	1
24	MS	2	0	0	0	771846069253	0xb3b59c5c05	0
25	MS	2	1	0	0	1361199	0x14c52f	0
26	MS	2	2	0	0	3674094	0x380fee	0
27	MS	2	3	0	0	18446744073709551615	0xffffffffffffffff	1
28	MS	3	0	0	0	767341967221	0xb2a9253775	0
29	MS	3	1	0	0	2319171	0x236343	0
30	MS	3	2	0	0	3674005	0x380f95	0
31	MS	3	3	0	0	18446744073709551615	0xffffffffffffffff	1
32	MS	4	0	0	0	789855549447	0xb7e70f3807	0
33	MS	4	1	0	0	1345712	0x1488b0	0
34	MS	4	2	0	0	3654061	0x37c1ad	0
35	MS	4	3	0	0	18446744073709551615	0xffffffffffffffff	1
36	MS	5	0	0	0	785351129326	0xb6da9338ee	0
37	MS	5	1	0	0	2295129	0x230559	0
38	MS	5	2	0	0	3653478	0x37bf66	0
39	MS	5	3	0	0	18446744073709551615	0xffffffffffffffff	1
40	MS	6	0	0	0	780846795524	0xb5ce188b04	0
41	MS	6	1	0	0	1344584	0x148448	0
42	MS	6	2	0	0	3652846	0x37bcee	0
43	MS	6	3	0	0	18446744073709551615	0xffffffffffffffff	1
44	MS	7	0	0	0	771846113501	0xb3b59d08dd	0
45	MS	7	1	0	0	2294894	0x23046e	0
46	MS	7	2	0	0	3653013	0x37bd95	0
47	MS	7	3	0	0	18446744073709551615	0xffffffffffffffff	1
