a_tile1_baseline_1h	baseline	1	1
a_tile1_o3_1h	o3	1	1
a_tile1_ofast_1h	ofast	1	1
a_tile1_ofast_rename_1h	ofast_rename	1	1
a_tile1_ofast_rename_unroll_1h	ofast_rename_unroll	1	1
a_tile1_o3_unroll_1h	o3_unroll	1	1
a_tile1_ofast_noipa_1h	ofast_noipa	1	1
a_tile1_ofast_align64_1h	ofast_align64	1	1
a_tile4_baseline_1h	baseline	4	1
a_tile4_o3_1h	o3	4	1
a_tile4_ofast_1h	ofast	4	1
a_tile4_ofast_rename_1h	ofast_rename	4	1
a_tile4_ofast_rename_unroll_1h	ofast_rename_unroll	4	1
a_tile4_o3_unroll_1h	o3_unroll	4	1
a_tile4_ofast_noipa_1h	ofast_noipa	4	1
a_tile4_ofast_align64_1h	ofast_align64	4	1
