variant	tag	harts	kernel_wait_s	gops	summary_ok	done_count	active_mask	output_sum	slot_checksum_sum	ops	hpm_cycles_max	hpm_cycles_sum_active	hpm_inst_dedup	hpm_l2_miss_max	hpm_l2_miss_sum_active	hpm_icache_req_max	hpm_icache_req_sum_active	hpm_icache_etlink_max	hpm_icache_etlink_sum_active	sc_cycles_sum	sc_cycles_max	sc_reads_sum	sc_reads_max	sc_writes_sum	sc_writes_max	ms_cycles_sum	ms_cycles_max	ms_reads_sum	ms_reads_max	ms_writes_sum	ms_writes_max	cycles_per_op_max	inst_per_op_dedup	sc_reads_per_kop	sc_writes_per_kop	ms_reads_per_kop	ms_writes_per_kop
baseline_o2_full_evict	dncnn3_bench_1h	1	33.122	0.014246096250226437	1	1	0x1	514785	514785	471859200	20244038214	20244038214	18446744073709551261	3	3	0	0	0	0	80967904149	20241976362	82769562	20901471	1662778	427965	251803409090	31476056748	269419	41335	378015	56678	42.902709566752115	39093746765.36889	175.41156768798828	3.5238859388563366	0.5709732903374566	0.8011182149251302
baseline_o2_full_evict	dncnn3_bench_2h	2	18.2516	0.025853032062942427	1	2	0x3	514785	514785	471859200	13434399342	26868798671	18446744073709550867	18446744073709551596	18446744073709551658	18446744073709551049	18446744073709551049	18446744073709551597	18446744073709551597	53732122217	13433030709	82801501	20912958	1694903	461181	167102405625	20888219202	252442	39555	362101	54998	28.47120357513428	39093746765.36889	175.47925525241428	3.5919676886664496	0.5349943372938368	0.7673920525444878
baseline_o2_full_evict	dncnn3_bench_4h	4	9.74217	0.04843471218424643	1	4	0xf	514785	514785	471859200	10430650747	31291952220	1410	18446744073709551594	36893488147419103197	373	737	18446744073709551606	36893488147419103212	41718351955	10429588142	82769248	20899999	1662704	429303	129740586960	16217898032	249320	39198	357406	54484	22.105430490705704	2.9881795247395833e-06	175.41090223524304	3.5237291124131946	0.5283779568142362	0.7574420505099826
baseline_o2_full_evict	dncnn3_bench_8h	8	4.71056	0.10017051051255052	1	8	0xff	514785	514785	471859200	7427051944	44562311615	3598	18446744073709551603	73786976294838206418	921	3672	24	96	29705179272	7426294886	82768698	20899666	1662110	428751	92380622055	11547809144	242991	38528	350980	53799	15.739974856906468	7.625155978732639e-06	175.40973663330078	3.5224702623155384	0.5149650573730469	0.7438235812717013
baseline_o2_full_evict	dncnn3_bench_16h	16	2.38513	0.19783374491117883	1	16	0xffff	514785	514785	471859200	3906283296	46875399368	147573952589676408903	18446744073709551614	221360928884514619336	18446744073709551479	147573952589676411714	18446744073709551590	147573952589676412720	15623541484	3905885423	82800973	20911576	1694553	460750	48587906425	6073609874	238927	38066	345212	53164	8.27849344889323	312749974122.9511	175.47813627454968	3.5912259419759116	0.5063523186577691	0.7315995958116319
window_o3	dncnn3_bench_window_1h	1	9.91087	0.04761027033953629	1	1	0x1	514785	514785	471859200	6324551148	6324551148	304	60	60	0	0	0	0	25295627819	6323907088	82867668	20923472	1722254	464783	78667285407	9833607671	240805	38285	348618	53528	13.403471094767253	6.442599826388889e-07	175.6194814046224	3.6499320136176214	0.5103323194715712	0.7388178507486979
window_o3	dncnn3_bench_window_2h	2	5.87076	0.08037446599758806	1	2	0x3	514785	514785	471859200	3891108598	7782217179	18446744073709551675	18446744073709551608	36893488147419103206	18446744073709551044	18446744073709551044	18446744073709551580	18446744073709551580	15562849240	3890712402	83001904	21004083	1781424	485540	48399159346	6050015964	235758	37762	343435	52995	8.246334071689182	39093746765.36889	175.90396457248264	3.77532958984375	0.49963633219401044	0.7278336418999566
window_o3	dncnn3_bench_window_4h	4	2.9584	0.15949810708491075	1	4	0xf	514785	514785	471859200	2139066119	6417198343	36893488147419102427	18446744073709551615	55340232221128654767	18446744073709550954	36893488147419101891	18446744073709551588	36893488147419103176	8555392943	2138848347	82924990	20964451	1783516	485307	26606555515	3325885938	232104	37375	339755	52600	4.533272041744656	78187493530.73778	175.74096255832248	3.77976311577691	0.4918924967447917	0.7200347052680122
window_o3	dncnn3_bench_window_8h	8	1.47542	0.3198134768404929	1	8	0xff	514785	514785	471859200	1259572417	7557434455	110680464442257307407	18446744073709551605	36893488147419103366	1025	4098	18446744073709551600	73786976294838206400	5037776380	1259444142	82907028	20964893	1732283	463654	15667062096	1958421974	230239	37152	337608	52366	2.6693819194369848	234562480592.21332	175.70289611816406	3.671186235215929	0.48794004652235246	0.715484619140625
window_o3	dncnn3_bench_window_16h	16	0.735361	0.6416701456835485	1	16	0xffff	514785	514785	471859200	801368212	9616418387	14372	76	552	18446744073709550766	147573952589676405960	18446744073709551584	147573952589676412672	3205147093	801286794	82883394	20959657	1735672	466861	9967738981	1245992214	229326	37079	336925	52299	1.6983206261528863	3.0458238389756945e-05	175.6528091430664	3.6783684624565973	0.48600514729817706	0.7140371534559462
window_no_prebar_o3	dncnn3_bench_noprebar_1h	1	9.9108	0.04761060661096985	1	1	0x1	514785	514785	471859200	6314480652	6314480652	18446744073709550960	48	48	0	0	0	0	25255349757	6313837496	82868108	20923448	1722660	465204	78542015963	9817948734	240811	38292	348830	53573	13.382128931681315	39093746765.36889	175.6204138861762	3.650792439778646	0.5103450351291232	0.7392671373155382
window_no_prebar_o3	dncnn3_bench_noprebar_2h	2	5.68821	0.08295389938135196	1	2	0x3	514785	514785	471859200	3781972255	7563944492	36893488147419102881	18446744073709551601	36893488147419103196	111	111	6	6	15126348202	3781587118	82960434	20997796	1781075	484967	47041677259	5880327440	235533	37738	343339	52983	8.015044011010064	78187493530.73778	175.81607818603516	3.7745899624294705	0.4991594950358073	0.7276301913791232
window_no_prebar_o3	dncnn3_bench_noprebar_4h	4	3.01793	0.15635193659230004	1	4	0xf	514785	514785	471859200	2165003532	6495010574	36893488147419103092	86	122	794	1582	18446744073709551555	36893488147419103110	8659132578	2164783234	82924990	20964471	1783396	485144	26929178811	3366214568	231941	37356	339835	52612	4.588240585327148	78187493530.73778	175.74096255832248	3.779508802625868	0.49154705471462673	0.7202042473687066
window_no_prebar_o3	dncnn3_bench_noprebar_8h	8	1.46622	0.32182019069443873	1	8	0xff	514785	514785	471859200	1235930944	7415585557	73786976294838204297	76	248	18446744073709551363	73786976294838205441	18446744073709551565	73786976294838206260	4943222788	1235805727	82907147	20964783	1732633	464025	15373009855	1921664478	230226	37177	337840	52399	2.619279106987847	156374987061.47556	175.70314831203885	3.671927981906467	0.48791249593098956	0.7159762912326388
window_no_prebar_o3	dncnn3_bench_noprebar_16h	16	0.738707	0.638763677615076	1	16	0xffff	514785	514785	471859200	798481037	9581772255	73786976294838208003	18446744073709551612	221360928884514619104	18446744073709551018	147573952589676408028	18446744073709551587	147573952589676412696	3193599071	798399864	82883274	20959688	1735588	466776	9931823861	1241502819	229330	37082	336831	52277	1.6922019047207302	156374987061.47556	175.65255482991537	3.678190443250868	0.48601362440321183	0.7138379414876302
nhwc_no_prebar_o3	dncnn3_bench_nhwc_1h	1	6.85406	0.06884375100305512	1	1	0x1	514785	514785	471859200	4481641207	4481641207	1091	18446744073709551590	18446744073709551590	0	0	0	0	17924739703	4481184974	38487009	17296170	1914503	536677	55744439394	6968194477	236754	37868	344415	53100	9.49783580991957	2.3121303982204863e-06	81.56460444132487	4.0573607550726996	0.5017471313476562	0.7299105326334635
nhwc_no_prebar_o3	dncnn3_bench_nhwc_2h	2	4.70146	0.10036439744249659	1	2	0x3	514785	514785	471859200	3199360197	6398720261	18446744073709551967	34	49	124	124	18446744073709551597	18446744073709551597	12796137234	3199034364	43296265	22051253	2505374	1091457	39794915586	4974464076	234234	37601	341859	52820	6.780328108469646	39093746765.36889	91.75674650404189	5.309579637315538	0.49640655517578125	0.724493662516276
nhwc_no_prebar_o3	dncnn3_bench_nhwc_4h	4	2.33378	0.20218666712372205	1	4	0xf	514785	514785	471859200	1780101768	5340305279	2015	18446744073709551569	55340232221128654639	18446744073709551421	36893488147419102836	18446744073709551585	36893488147419103170	7119680976	1779920286	38520479	17328031	1883383	494260	22141609245	2767756645	231342	37292	338742	52495	3.772527414957682	4.2703416612413195e-06	81.63553661770291	3.9914088779025607	0.49027760823567706	0.7178878784179688
nhwc_no_prebar_o3	dncnn3_bench_nhwc_8h	8	1.20304	0.39222236999601007	1	8	0xff	514785	514785	471859200	1100687716	6604126215	5412	42	172	800	3181	18446744073709551593	73786976294838206372	4402302996	1100575772	38602266	17337936	1911231	507999	13690793161	1711383297	229937	37147	337581	52376	2.3326613447401257	1.1469523111979167e-05	81.80886586507161	4.050426483154297	0.4873000250922309	0.7154273986816406
nhwc_no_prebar_o3	dncnn3_bench_nhwc_16h	16	0.75188	0.627572484971006	1	16	0xffff	514785	514785	471859200	809053884	9708646586	221360928884514611076	18446744073709551588	221360928884514619000	876	6945	18446744073709551571	147573952589676412568	3235884270	808971091	81077364	24880328	3955841	1565091	10063327442	1257941143	229352	37086	336977	52310	1.7146086883544922	469124961184.42664	171.82533264160156	8.383519914415148	0.4860602484809028	0.7141473558213975
nhwc_interior_direct_o3	dncnn3_bench_interior_1h	1	4.6559	0.10134650658304517	1	1	0x1	514785	514785	471859200	3163520729	3163520729	1672	18446744073709551609	18446744073709551609	0	0	0	0	12652794571	3163198688	15283133	4927818	1955470	515100	39349130994	4918739902	234255	37598	342073	52844	6.704374374813503	3.543429904513889e-06	32.38918092515733	4.144181145562066	0.49645105997721356	0.7249471876356337
nhwc_interior_direct_o3	dncnn3_bench_interior_2h	2	3.35984	0.14044097337968475	1	2	0x3	514785	514785	471859200	2384879651	4769759296	18446744073709551991	18446744073709551577	18446744073709551585	18446744073709550331	18446744073709550331	18446744073709551540	18446744073709551540	9538544211	2384636102	12803779	4006694	1948634	524162	29664072780	3708083480	232573	37423	340275	52658	5.054218824174669	39093746765.36889	27.134744856092667	4.129693773057726	0.49288643731011283	0.721136728922526
nhwc_interior_direct_o3	dncnn3_bench_interior_4h	4	1.77074	0.2664757107198121	1	4	0xf	514785	514785	471859200	1420836759	4262510266	18446744073709552008	18446744073709551564	36893488147419103141	18446744073709551361	36893488147419102714	43	86	5682768209	1420692114	12848683	4757266	1955439	573898	17672934538	2209161105	230591	37208	338168	52416	3.011145610809326	39093746765.36889	27.229908837212456	4.144115447998047	0.488686031765408	0.7166714138454862
nhwc_interior_direct_o3	dncnn3_bench_interior_8h	8	0.90109	0.5236537970679954	1	8	0xff	514785	514785	471859200	898661343	5391968024	73786976294838201849	18446744073709551595	73786976294838206384	1287	5133	20	80	3594280302	898570118	12884638	4772186	1983886	590401	11177911425	1397266717	229502	37097	337119	52321	1.9045116488138836	156374987061.47556	27.306107415093315	4.204402499728733	0.48637813991970485	0.7144482930501302
nhwc_interior_direct_o3	dncnn3_bench_interior_16h	16	0.447631	1.0541253845243068	1	16	0xffff	514785	514785	471859200	631557414	7578688555	147573952589676415654	18446744073709551613	147573952589676412944	18446744073709551575	147573952589676412421	18446744073709551568	147573952589676412544	2525972041	631493034	13989807	4599669	2075342	572808	7855560586	981964654	228954	37037	336562	52263	1.3384446334838866	312749974122.9511	29.648265838623047	4.398223029242621	0.48521677652994794	0.7132678561740451
nhwc_all_channels_o3_rejected	dncnn3_bench_allch_1h	1	5.61175	0.0840841448745935	1	1	0x1	514785	514785	471859200	3736352638	3736352638	18446744073709550736	14	14	0	0	0	0	14943886434	3735971690	40641065	12221297	4962483	3261858	46474235048	5809395823	235366	37725	343085	52957	7.9183634397718645	39093746765.36889	86.12964418199327	10.51687240600586	0.49880557590060765	0.7270918952094184
nhwc_all_channels_o3_rejected	dncnn3_bench_allch_2h	2	4.12409	0.11441534981050366	1	2	0x3	514785	514785	471859200	2829067392	5658134777	18446744073709551978	18446744073709551592	36893488147419103160	18446744073709550156	18446744073709550156	44	44	11315114889	2828778790	40591994	10623549	5064945	1783761	35189057369	4398720373	233349	37506	341006	52738	5.995575358072917	39093746765.36889	86.02564917670355	10.734017690022787	0.49453099568684894	0.7226859198676215
nhwc_all_channels_o3_rejected	dncnn3_bench_allch_4h	4	2.05534	0.22957719890626369	1	4	0xf	514785	514785	471859200	1602269616	4806808842	1375	57	155	169	331	18446744073709551540	36893488147419103080	6408424010	1602106053	40900125	10596546	5142910	1674413	19929661469	2491257531	230980	37254	338620	52479	3.3956519571940103	2.9140048556857637e-06	86.67866388956706	10.899247063530815	0.4895104302300347	0.7176293267144097
nhwc_all_channels_o3_rejected	dncnn3_bench_allch_8h	8	1.01686	0.46403556045079947	1	8	0xff	514785	514785	471859200	971906311	5831437850	73786976294838204203	18446744073709551601	110680464442257309558	812	3223	23	92	3887226913	971806754	40896139	10593154	5142277	1672637	12088948263	1511148785	229477	37096	336948	52299	2.0597379705641004	156374987061.47556	86.67021645439996	10.897905561659071	0.48632515801323783	0.7140858968098959
nhwc_all_channels_o3_rejected	dncnn3_bench_allch_16h	16	0.507786	0.9292481478418075	1	16	0xffff	514785	514785	471859200	672609508	8071313983	6125	18446744073709551595	147573952589676413004	18446744073709551254	147573952589676409969	18446744073709551608	147573952589676412864	2690163841	672540980	40667875	10601897	4923503	1640863	8366183133	1045793775	229049	37059	336657	52279	1.4254453616672091	1.2980567084418402e-05	86.1864619784885	10.434263017442492	0.48541810777452254	0.7134691874186198
best	dncnn3_bench_best_1h	1	4.6559	0.10134650658304517	1	1	0x1	514785	514785	471859200	3167174687	3167174687	331	46	46	0	0	0	0	12667407318	3166851898	15282585	4927780	1955061	515108	39394575132	4924420561	234248	37599	342032	52848	6.71211812125312	7.014804416232639e-07	32.38801956176758	4.143314361572266	0.4964362250434028	0.7248602973090278
best	dncnn3_bench_best_2h	2	3.35995	0.1404363755413027	1	2	0x3	514785	514785	471859200	2379211300	4758422599	792	18446744073709551613	36893488147419103226	18446744073709551572	18446744073709551572	41	41	9515876284	2378969089	12803957	4006705	1948800	524154	29593578805	3699271338	232723	37438	340479	52680	5.042206022474501	1.678466796875e-06	27.13512208726671	4.130045572916667	0.49320432874891496	0.7215690612792969
best	dncnn3_bench_best_4h	4	1.77106	0.2664275631542692	1	4	0xf	514785	514785	471859200	1421088678	4263266000	1604	41	101	38	71	22	44	5683773370	1420943395	12848059	4757204	1955453	573935	17676057737	2209551533	230510	37204	338174	52436	3.0116794967651366	3.399319118923611e-06	27.22858640882704	4.144145117865668	0.48851437038845485	0.7166841295030382
best	dncnn3_bench_best_8h	8	0.900719	0.5238694864880168	1	8	0xff	514785	514785	471859200	894616545	5367699166	110680464442257308494	18446744073709551601	73786976294838206488	18446744073709551281	73786976294838205090	18446744073709551585	73786976294838206340	3578101194	894525313	12884171	4772314	1983586	590063	11127593981	1390977073	229537	37092	337174	52325	1.8959396044413248	234562480592.21332	27.305117713080513	4.203766716851129	0.4864523145887587	0.7145648532443576
best	dncnn3_bench_best_16h	16	0.447677	1.0540170703431269	1	16	0xffff	514785	514785	471859200	631623944	7579485898	221360928884514607424	18446744073709551608	221360928884514619208	375	2938	18446744073709551571	147573952589676412568	2526237254	631559338	13988556	4599836	2074941	572304	7856385075	982067712	228812	37033	336446	52254	1.3385856289333766	469124961184.42664	29.645614624023438	4.397373199462891	0.4849158393012153	0.7130220201280382
boundary_only_cacheops	dncnn3_bench_boundary_1h	1	4.77839	0.09874857431059415	1	1	0x1	514785	514785	471859200	3224664696	3224664696	18446744073709550543	18446744073709551615	18446744073709551615	0	0	0	0	12897343016	3224335836	13404857	4889684	1939167	514069	40109655951	5013807540	271349	41198	360672	54649	6.833955332438151	39093746765.36889	28.408595191107857	4.109630584716797	0.57506349351671	0.7643636067708334
boundary_only_cacheops	dncnn3_bench_boundary_2h	2	3.63974	0.12964090841653525	1	2	0x3	514785	514785	471859200	2538443394	5076886775	36893488147419101779	18446744073709551615	36893488147419103220	68	68	59	59	10152738698	2538184687	13444571	4939287	1972223	515140	31574166807	3946849970	232965	37476	340610	52709	5.379662818908692	78187493530.73778	28.492760128445095	4.1796853807237415	0.4937171936035156	0.721846686469184
boundary_only_cacheops	dncnn3_bench_boundary_4h	4	1.79649	0.2626561795501227	1	4	0xf	514785	514785	471859200	1429140889	4287422618	18446744073709551907	14	26	633	1258	18446744073709551579	36893488147419103158	5715979774	1428994982	13431356	4750062	1964026	515227	17776217682	2222071631	230629	37222	337988	52418	3.0287443563673233	39093746765.36889	28.46475389268663	4.162313673231337	0.48876656426323783	0.7162899441189237
boundary_only_cacheops	dncnn3_bench_boundary_8h	8	0.909676	0.5187112774218513	1	8	0xff	514785	514785	471859200	902030576	5412183386	5130	18446744073709551601	73786976294838206440	1246	4965	18446744073709551602	73786976294838206408	3607751535	901937895	13216248	4194866	2006826	530687	11219800982	1402503314	229314	37083	336886	52311	1.9116519843207465	1.087188720703125e-05	28.008880615234375	4.253018697102864	0.48597971598307294	0.7139545016818576
boundary_only_cacheops	dncnn3_bench_boundary_16h	16	0.462958	1.0192267981112757	1	16	0xffff	514785	514785	471859200	639185688	7670228100	147573952589676414010	18446744073709551610	147573952589676413048	18446744073709550491	147573952589676403057	18446744073709551600	147573952589676412800	2556481146	639120312	13460393	4964463	1983125	527351	7950441887	993825214	228985	37041	336570	52260	1.3546110534667968	312749974122.9511	28.52629131740994	4.202789730495876	0.485282474093967	0.7132848103841146
hidden_unroll	dncnn3_bench_unroll_1h	1	4.70866	0.10021093049827338	1	1	0x1	514785	514785	471859200	3182227222	3182227222	18446744073709551440	18446744073709551574	18446744073709551574	0	0	0	0	12727610203	3181902680	15394709	4516202	1970985	528029	39581801721	4947824485	296151	43599	373481	55886	6.744018601311578	39093746765.36889	32.62564129299588	4.177061716715495	0.6276257832845052	0.7915094163682725
hidden_unroll	dncnn3_bench_unroll_2h	2	3.35244	0.14075097540895587	1	2	0x3	514785	514785	471859200	2370701586	4741403044	18446744073709551324	18446744073709551597	18446744073709551616	18446744073709550340	18446744073709550340	12	12	9481841187	2370460346	16786014	4948135	2008577	603016	29487731906	3686040257	232602	37429	340336	52666	5.02417158762614	39093746765.36889	35.57420094807943	4.256729549831814	0.49294789632161456	0.7212660047743056
hidden_unroll	dncnn3_bench_unroll_4h	4	1.69119	0.2790101644404236	1	4	0xf	514785	514785	471859200	1368637879	4105913630	36893488147419101464	18446744073709551583	18446744073709551591	18446744073709551594	36893488147419103180	18446744073709551580	36893488147419103160	5473994086	1368498564	16741350	4936810	1988432	576379	17023662525	2128000391	230547	37206	338231	52438	2.900521763695611	78187493530.73778	35.47954559326172	4.214036729600695	0.48859278361002606	0.716804928249783
hidden_unroll	dncnn3_bench_unroll_8h	8	0.865099	0.5454395392897229	1	8	0xff	514785	514785	471859200	875126085	5250756485	2179	18446744073709551593	73786976294838206424	638	2525	18446744073709551602	73786976294838206408	3500149132	875037308	15294448	4520835	1971784	574242	10885170764	1360673417	229493	37104	337098	52325	1.8546339352925618	4.617902967664931e-06	32.41316053602431	4.17875501844618	0.48635906643337673	0.7144037882486979
hidden_unroll	dncnn3_bench_unroll_16h	16	0.452458	1.0428795600917653	1	16	0xffff	514785	514785	471859200	632760135	7593121466	110680464442257313359	18446744073709551612	147573952589676412940	18446744073709550748	147573952589676404974	18446744073709551562	147573952589676412496	2530781787	632695461	17332140	4932282	3079335	1651229	7870516785	983834396	228765	37019	336380	52245	1.3409935315450032	234562480592.21335	36.7315928141276	6.525961558024089	0.4848162333170573	0.7128821478949653
skip_final_barrier	dncnn3_bench_skip_finalbar_1h	1	4.82937	0.09770616043086365	1	1	0x1	514785	514785	471859200	3264090377	3264090377	42	3	3	0	0	0	0	13055031551	3263757984	15274965	4918706	1939072	514913	40600054518	5075108540	234404	37619	342170	52862	6.9175092421637645	8.900960286458334e-08	32.37187067667643	4.109429253472222	0.4967668321397569	0.7251527574327257
skip_final_barrier	dncnn3_bench_skip_finalbar_2h	2	3.67214	0.1284970616588692	1	2	0x3	514785	514785	471859200	2557448962	5114897920	18446744073709552028	5	5	18446744073709550958	18446744073709550958	18446744073709551592	18446744073709551592	10228750130	2557187592	16139182	4536979	2010582	556289	31810553782	3976399020	232932	37461	340617	52694	5.41994086795383	39093746765.36889	34.203385247124565	4.260978698730469	0.4936472574869792	0.7218615214029948
skip_final_barrier	dncnn3_bench_skip_finalbar_4h	4	1.81477	0.26001046964629126	1	4	0xf	514785	514785	471859200	1443822754	4331468207	55340232221128652008	2	6	787	1565	58	116	5774701317	1443675405	12903540	4774954	1962717	573852	17958836667	2244899579	230648	37224	338268	52450	3.0598592842949763	117281240296.10666	27.346165974934895	4.159539540608724	0.4888068305121528	0.7168833414713541
skip_final_barrier	dncnn3_bench_skip_finalbar_8h	8	0.908638	0.5193038371716789	1	8	0xff	514785	514785	471859200	899760245	5398561413	110680464442257306870	18446744073709551614	110680464442257309650	378	1498	15	60	3598676202	899669127	12887557	4773920	1980396	589800	11191582164	1398975579	229536	37101	337131	52323	1.9068405257331	234562480592.21332	27.312293582492405	4.1970062255859375	0.4864501953125	0.7144737243652344
skip_final_barrier	dncnn3_bench_skip_finalbar_16h	16	0.466575	1.011325510368108	1	16	0xffff	514785	514785	471859200	635919090	7631028908	8822	18446744073709551613	73786976294838206508	867	5967	58	464	2543416849	635854228	12907732	4775549	1965203	575061	7909811897	988746256	228958	37040	336561	52262	1.3476882298787436	1.869625515407986e-05	27.355049981011284	4.164808061387804	0.48522525363498265	0.7132657368977865
no_layer_barriers_unsafe	dncnn3_bench_nolayerbar_1h	1	4.82926	0.0977083859638951	1	1	0x1	514785	514785	471859200	3251735432	3251735432	289	18	18	0	0	0	0	13005615599	3251403925	15274855	4918769	1938938	514926	40446374701	5055898045	234415	37627	342118	52855	6.89132570054796	6.124708387586806e-07	32.37163755628798	4.109145270453559	0.49679014417860246	0.7250425550672743
no_layer_barriers_unsafe	dncnn3_bench_nolayerbar_2h	2	3.62447	0.13018708942272939	1	2	0x3	514785	514785	471859200	2529398537	5058797071	18446744073709551589	18446744073709551614	18446744073709551616	18446744073709551226	18446744073709551226	18446744073709551600	18446744073709551600	10116561853	2529140536	14038816	4617286	2051384	577776	31461658621	3932786155	232916	37457	340352	52669	5.36049426820543	39093746765.36889	29.75212944878472	4.347449408637153	0.4936133490668403	0.7212999131944444
no_layer_barriers_unsafe	dncnn3_bench_nolayerbar_4h	4	1.85095	0.2549281179934628	1	4	0xf	514681	514681	471859200	1464146711	4392440110	1292	18446744073709551529	36893488147419103067	425	845	18446744073709551575	36893488147419103150	5855989221	1463997391	14247865	4917608	1953733	564933	18211634767	2276499901	230720	37217	338387	52454	3.1029313638475204	2.7381049262152776e-06	30.195162031385635	4.140499962700738	0.4889594184027778	0.7171355353461372
no_layer_barriers_unsafe	dncnn3_bench_nolayerbar_8h	8	0.0013067	0.0	0	0	0x0	0	0	0	348481751	2090889816	110680464442257307701	18446744073709551601	36893488147419103298	18446744073709550545	73786976294838202152	40	160	1393783430	348445870	73338	31130	48018	25365	4334548306	541829323	230938	37580	328792	51564						
no_layer_barriers_unsafe	dncnn3_bench_nolayerbar_16h	16	0.479259	0.9845599143678053	1	16	0xffff	514410	514410	471859200	654514938	7854179189	13554	18446744073709551597	147573952589676412784	756	6010	22	176	2617792822	654448213	14252677	4918353	1958535	568145	8141114942	1017659694	228816	37027	336660	52273	1.3870979690551757	2.872467041015625e-05	30.205359988742405	4.150676727294922	0.48492431640625	0.7134755452473959
fused_halo	dncnn3_bench_fused_halo_1h	1	4.88057	0.0966811663391776	1	1	0x1	514785	514785	471859200	3282719593	3282719593	18446744073709551474	54	54	0	0	0	0	13129541425	3282385389	9581148	2492026	1937089	544890	40831774561	5104074021	234363	37606	342390	52888	6.956989697350396	39093746765.36889	20.305099487304688	4.1052267286512585	0.49667994181315106	0.7256189982096354
fused_halo	dncnn3_bench_fused_halo_2h	2	3.73609	0.12629759989721875	1	2	0x3	514785	514785	471859200	2597345900	5194691798	1432	18446744073709551615	18446744073709551637	631	631	18446744073709551541	18446744073709551541	10388324648	2597081218	10076233	2593839	2011235	521160	32306819298	4038433272	232868	37467	340442	52708	5.504493501451281	3.0348036024305556e-06	21.35432137383355	4.262362586127387	0.4935116238064236	0.7214906480577257
fused_halo	dncnn3_bench_fused_halo_4h	4	2.16196	0.21825528686932227	1	4	0xf	514521	514521	471859200	1652393611	4957180813	2511	18446744073709551606	36893488147419103275	363	723	18446744073709551591	36893488147419103182	6608902685	1652225699	11494384	3007583	2378265	615594	20553124185	2569192068	231084	37265	338730	52497	3.501878549787733	5.321502685546875e-06	24.35977511935764	5.040200551350911	0.4897308349609375	0.7178624471028646
fused_halo	dncnn3_bench_fused_halo_8h	8	1.32362	0.3564914401414303	1	8	0xff	514458	514458	471859200	1151155641	6906933806	110680464442257307568	18446744073709551590	110680464442257309496	18446744073709550831	73786976294838203303	18446744073709551581	73786976294838206324	4604151708	1151038005	13967538	3661070	2902476	752666	14318524869	1789851466	230044	37161	337652	52383	2.4396168200174966	234562480592.21332	29.60107167561849	6.1511484781901045	0.4875267876519097	0.7155778672960069
fused_halo	dncnn3_bench_fused_halo_16h	16	0.884589	0.5334219620637382	1	16	0xffff	514589	514589	471859200	889566489	10674797674	11457	35	284	18446744073709550858	147573952589676406014	18446744073709551538	147573952589676412304	3557902111	889475607	18900722	4982298	3947525	1025784	11064775911	1383124813	229487	37089	337103	52319	1.8852371406555175	2.4280548095703126e-05	40.05585140652127	8.36589601304796	0.48634635077582467	0.7144143846299913
fused_halo_unroll	dncnn3_bench_fused_halo_unroll_1h	1	4.65345	0.1013998646165748	1	1	0x1	514785	514785	471859200	3149894060	3149894060	969	13	13	0	0	0	0	12598291421	3149572895	11939465	4154032	1891155	498565	39179630886	4897551902	234192	37596	341868	52827	6.675495698716905	2.0535786946614583e-06	25.30302471584744	4.007879892985026	0.4963175455729167	0.7245127360026041
fused_halo_unroll	dncnn3_bench_fused_halo_unroll_2h	2	3.44612	0.13692477336830985	1	2	0x3	514785	514785	471859200	2426217096	4852434186	562	18446744073709551594	18446744073709551607	18446744073709551545	18446744073709551545	71	71	9703879705	2425969996	12654746	4436822	3206304	1692389	30178253337	3772357126	232720	37439	340368	52665	5.1418242899576825	1.1910332573784723e-06	26.818902757432724	6.7950439453125	0.4931979709201389	0.7213338216145834
fused_halo_unroll	dncnn3_bench_fused_halo_unroll_4h	4	2.00404	0.23545398295443207	1	4	0xf	514573	514573	471859200	1547471745	4642415217	55340232221128651870	18446744073709551576	36893488147419103164	18446744073709551560	36893488147419103113	18446744073709551608	36893488147419103216	6189254287	1547313596	17104282	5106016	3552889	1828791	19248061354	2406055899	230927	37250	338570	52473	3.279520130157471	117281240296.10666	36.24869876437717	7.5295533074273004	0.48939810858832467	0.7175233629014757
fused_halo_unroll	dncnn3_bench_fused_halo_unroll_8h	8	1.24845	0.37795602547158474	1	8	0xff	514544	514544	471859200	1112202342	6673213996	36893488147419105092	18446744073709551588	73786976294838206378	195	769	1	4	4448355922	1112089071	20795981	6200019	4336840	2226094	13834014744	1729286368	229979	37151	337599	52376	2.3570640182495115	78187493530.73778	44.07242880927192	9.19096204969618	0.4873890346950955	0.7154655456542969
fused_halo_unroll	dncnn3_bench_fused_halo_unroll_16h	16	0.837238	0.5635902813775772	1	16	0xffff	514538	514538	471859200	859517734	10314212601	6319	18446744073709551613	73786976294838206484	18446744073709551400	147573952589676410505	18446744073709551582	147573952589676412656	3437720997	859430274	28143158	8381934	5900186	3020734	10691023381	1336404598	229449	37091	336747	52205	1.8215555275811088	1.339170667860243e-05	59.64312659369575	12.504124111599392	0.4862658182779948	0.713659922281901
model_ch8	dncnn3_bench_ch8_1h	1	1.45522	0.08430573521529391	1	1	0x1	524288	524288	122683392	1231130655	1231130655	18446744073709550697	18446744073709551605	18446744073709551605	0	0	0	0	4924020564	1231005174	6389194	1913753	1030310	264682	15313291383	1914199706	230194	37172	337837	52400	10.03502295567439	150360564482.18802	52.07871983193944	8.398121238773705	1.87632568881043	2.75373051309178
model_ch8	dncnn3_bench_ch8_2h	2	0.988524	0.12410765140755309	1	2	0x3	524288	524288	122683392	949660877	1899321752	36893488147419102230	18446744073709551608	18446744073709551630	5	5	6	6	3798257017	949564335	5973953	1809592	1055234	292452	11812259679	1476561976	229672	37115	337307	52345	7.740745193937904	300721128964.37604	48.69406447451339	8.601278321355837	1.8720708341680021	2.7494104499490852
model_ch8	dncnn3_bench_ch8_4h	4	0.502332	0.24422770597931248	1	4	0xf	524288	524288	122683392	4880390611	14641171823	1886	35	39	83	162	18446744073709551595	36893488147419103190	19519572195	4879893083	5868176	1908018	1037411	288799	60704233961	7588181364	237654	37963	345560	53229	39.78036905761458	1.5372903937967414e-05	47.831869532919335	8.456001933823284	1.9371326153094952	2.816681169037126
model_ch8	dncnn3_bench_ch8_8h	8	0.263278	0.46598421440454574	1	8	0xff	524288	524288	122683392	4733712854	28402277035	36893488147419101933	18446744073709551601	36893488147419103362	18446744073709551406	73786976294838205585	18	72	18932922269	4733230604	5892657	1920274	1047690	295012	58879803261	7360122897	237464	37936	345222	53188	38.584789488050674	300721128964.37604	48.03141569479918	8.539786705603966	1.9355839134281516	2.8139261099008412
model_ch8	dncnn3_bench_ch8_16h	16	0.134848	0.9097902230659707	1	16	0xffff	524288	524288	122683392	4659107405	55909288834	73786976294838217393	18446744073709551590	221360928884514619024	500	3794	8	64	18634529501	4658632463	5888481	1920651	1042708	295348	57951824637	7244123277	237305	37926	345040	53163	37.97667580792027	601442257928.7522	47.99737685765975	8.499178112062634	1.9342878944853432	2.812442616519765
model_ch4	dncnn3_bench_ch4_1h	1	0.411777	0.0802136690490241	1	1	0x1	524288	524288	33030144	4844901466	4844901466	18446744073709550804	18446744073709551584	18446744073709551584	0	0	0	0	19377632813	4844408230	2298902	777895	466812	138448	60262816172	7533002805	237663	37959	345599	53227	146.68120932200597	558482096648.127	69.60012042333209	14.132908412388392	7.195336478097098	10.463139367482018
model_ch4	dncnn3_bench_ch4_2h	2	0.276103	0.11962979033186892	1	2	0x3	524288	524288	33030144	4740835997	9481671978	730	18446744073709551593	18446744073709551604	261	261	25	25	18961412622	4740353225	2147052	755417	452514	133750	58968406318	7371198360	237471	37947	345143	53193	143.53058821057516	2.2101023840525793e-05	65.00280471075149	13.700031098865328	7.189523606073289	10.44933379642547
model_ch4	dncnn3_bench_ch4_4h	4	0.144418	0.2287120995997729	1	4	0xf	524288	524288	33030144	4663193883	13989581630	36893488147419101049	23	67	63	120	38	76	18650874199	4662718581	2131428	795655	440057	144840	58002657481	7250477366	237328	37938	345055	53170	141.17994408380417	1116964193296.254	64.52978224981399	13.322890750945561	7.185194227430555	10.446669563414558
model_ch4	dncnn3_bench_ch4_8h	8	0.075483	0.4375838798139979	1	8	0xff	524288	524288	33030144	406665392	2439992300	36893488147419103711	18446744073709551578	73786976294838206316	387	1534	8	32	1626494808	406623737	2169000	795561	447987	144406	5058260748	632295259	231438	37282	337544	52357	12.311947292751736	1116964193296.254	65.66728864397321	13.562974475678944	7.006872267950149	10.219271220858134
model_ch4	dncnn3_bench_ch4_16h	16	0.04008	0.8241053892215568	1	16	0xffff	524288	524288	33030144	376411939	4516943138	6089	18446744073709551608	221360928884514619248	18446744073709551538	147573952589676412237	20	160	1505491566	376372916	2118994	795489	438164	143785	4681950774	585255576	228441	36989	336032	52212	11.396012654380193	0.00018434675913008431	64.15333823552207	13.265579465835813	6.916136968703497	10.173494853670634
