timestamp	step	index	op_type	node	elem_count	full_elem_count	tile_offset	src_count	original_src_count	compacted_source	wait_s	host_max_abs	audit_pass	mem_size	required_bytes	hpm3_cycles	hpm4_inst0	hpm5_inst1	hpm6_l2_miss_req	hpm7_icache_req	hpm8_icache_etlink_req	report
20260505-163601	3	0	Transpose	/encoder/Transpose	576000	576000	0	576000	576000	False	0.139634	0.0	True	16777216	9238528	3567234	1951416	1951413	657125	630512	15	local-artifacts/erbium_amp_probe/whisper-real/phase0/encoder_data_ops_audit_runs/run_20260505-163601/encoder_data_ops_audit_report.json
20260505-163601	3	1	Split	Split_of_/encoder/blocks.0/attn/query/MatMul_and_/encoder/blocks.0/attn/key/MatMul_and_/encoder/blocks.0/attn/value/MatMul	576000	576000	0	1728000	1728000	False	0.135926	0.0	True	16777216	13846528	1598442	1951421	1951408	108024	598966	627629	local-artifacts/erbium_amp_probe/whisper-real/phase0/encoder_data_ops_audit_runs/run_20260505-163601/encoder_data_ops_audit_report.json
20260505-163601	3	1	Split	Split_of_/encoder/blocks.0/attn/query/MatMul_and_/encoder/blocks.0/attn/key/MatMul_and_/encoder/blocks.0/attn/value/MatMul	576000	576000	0	1728000	1728000	False	0.136156	0.0	True	16777216	13846528	1614397	1951421	1951408	108024	599370	15	local-artifacts/erbium_amp_probe/whisper-real/phase0/encoder_data_ops_audit_runs/run_20260505-163601/encoder_data_ops_audit_report.json
20260505-163601	3	1	Split	Split_of_/encoder/blocks.0/attn/query/MatMul_and_/encoder/blocks.0/attn/key/MatMul_and_/encoder/blocks.0/attn/value/MatMul	576000	576000	0	1728000	1728000	False	0.136157	0.0	True	16777216	13846528	1596687	1951421	1951408	108024	79514	15	local-artifacts/erbium_amp_probe/whisper-real/phase0/encoder_data_ops_audit_runs/run_20260505-163601/encoder_data_ops_audit_report.json
20260505-163601	3	2	Reshape	/encoder/blocks.0/attn/Reshape_1	576000	576000	0	576000	576000	False	0.136312	0.0	True	16777216	9238528	1589724	1951421	1951408	108024	597932	626719	local-artifacts/erbium_amp_probe/whisper-real/phase0/encoder_data_ops_audit_runs/run_20260505-163601/encoder_data_ops_audit_report.json
20260505-163601	3	3	Reshape	/encoder/blocks.0/attn/Reshape	576000	576000	0	576000	576000	False	0.136236	0.0	True	16777216	9238528	1590959	1951421	1951408	108024	595819	624053	local-artifacts/erbium_amp_probe/whisper-real/phase0/encoder_data_ops_audit_runs/run_20260505-163601/encoder_data_ops_audit_report.json
20260505-163601	3	4	Transpose	/encoder/blocks.0/attn/Transpose_1	576000	576000	0	576000	576000	False	0.147713	0.0	True	16777216	9238528	8412633	1951416	1951413	666035	638934	15	local-artifacts/erbium_amp_probe/whisper-real/phase0/encoder_data_ops_audit_runs/run_20260505-163601/encoder_data_ops_audit_report.json
20260505-163601	3	5	Reshape	/encoder/blocks.0/attn/Reshape_2	576000	576000	0	576000	576000	False	0.136419	0.0	True	16777216	9238528	1589349	1951421	1951408	108024	596752	624704	local-artifacts/erbium_amp_probe/whisper-real/phase0/encoder_data_ops_audit_runs/run_20260505-163601/encoder_data_ops_audit_report.json
20260505-163601	3	6	Transpose	/encoder/blocks.0/attn/Transpose	576000	576000	0	576000	576000	False	0.136531	0.0	True	16777216	9238528	1635692	1951421	1951408	108024	599751	627709	local-artifacts/erbium_amp_probe/whisper-real/phase0/encoder_data_ops_audit_runs/run_20260505-163601/encoder_data_ops_audit_report.json
20260505-163601	3	7	Transpose	/encoder/blocks.0/attn/Transpose_2	576000	576000	0	576000	576000	False	0.136404	0.0	True	16777216	9238528	1637014	1951421	1951408	108024	600498	628208	local-artifacts/erbium_amp_probe/whisper-real/phase0/encoder_data_ops_audit_runs/run_20260505-163601/encoder_data_ops_audit_report.json
20260505-163601	3	8	Transpose	/encoder/blocks.0/attn/Transpose_3	576000	576000	0	576000	576000	False	0.136367	0.0	True	16777216	9238528	1598556	1951421	1951408	108024	599613	627538	local-artifacts/erbium_amp_probe/whisper-real/phase0/encoder_data_ops_audit_runs/run_20260505-163601/encoder_data_ops_audit_report.json
20260505-163601	3	9	Reshape	/encoder/blocks.0/attn/Reshape_3	576000	576000	0	576000	576000	False	0.136249	0.0	True	16777216	9238528	1589019	1951421	1951408	108024	597347	625269	local-artifacts/erbium_amp_probe/whisper-real/phase0/encoder_data_ops_audit_runs/run_20260505-163601/encoder_data_ops_audit_report.json
20260505-163601	3	10	Split	Split_of_/encoder/blocks.1/attn/query/MatMul_and_/encoder/blocks.1/attn/key/MatMul_and_/encoder/blocks.1/attn/value/MatMul	576000	576000	0	1728000	1728000	False	0.136145	0.0	True	16777216	13846528	1597511	1951421	1951408	108024	598539	627206	local-artifacts/erbium_amp_probe/whisper-real/phase0/encoder_data_ops_audit_runs/run_20260505-163601/encoder_data_ops_audit_report.json
20260505-163601	3	10	Split	Split_of_/encoder/blocks.1/attn/query/MatMul_and_/encoder/blocks.1/attn/key/MatMul_and_/encoder/blocks.1/attn/value/MatMul	576000	576000	0	1728000	1728000	False	0.136122	0.0	True	16777216	13846528	1611832	1951421	1951408	108024	599136	15	local-artifacts/erbium_amp_probe/whisper-real/phase0/encoder_data_ops_audit_runs/run_20260505-163601/encoder_data_ops_audit_report.json
20260505-163601	3	10	Split	Split_of_/encoder/blocks.1/attn/query/MatMul_and_/encoder/blocks.1/attn/key/MatMul_and_/encoder/blocks.1/attn/value/MatMul	576000	576000	0	1728000	1728000	False	0.136062	0.0	True	16777216	13846528	1599758	1951421	1951408	108024	599166	627849	local-artifacts/erbium_amp_probe/whisper-real/phase0/encoder_data_ops_audit_runs/run_20260505-163601/encoder_data_ops_audit_report.json
20260505-163601	3	11	Reshape	/encoder/blocks.1/attn/Reshape_1	576000	576000	0	576000	576000	False	0.136211	0.0	True	16777216	9238528	1589150	1951421	1951408	108024	596639	625104	local-artifacts/erbium_amp_probe/whisper-real/phase0/encoder_data_ops_audit_runs/run_20260505-163601/encoder_data_ops_audit_report.json
20260505-163601	3	12	Reshape	/encoder/blocks.1/attn/Reshape	576000	576000	0	576000	576000	False	0.136389	0.0	True	16777216	9238528	1619846	1951421	1951408	108024	597388	624893	local-artifacts/erbium_amp_probe/whisper-real/phase0/encoder_data_ops_audit_runs/run_20260505-163601/encoder_data_ops_audit_report.json
20260505-163601	3	13	Transpose	/encoder/blocks.1/attn/Transpose_1	576000	576000	0	576000	576000	False	0.147762	0.0	True	16777216	9238528	8436899	1951416	1951413	666035	638516	15	local-artifacts/erbium_amp_probe/whisper-real/phase0/encoder_data_ops_audit_runs/run_20260505-163601/encoder_data_ops_audit_report.json
20260505-163601	3	14	Reshape	/encoder/blocks.1/attn/Reshape_2	576000	576000	0	576000	576000	False	0.136373	0.0	True	16777216	9238528	1616650	1951421	1951408	108024	597041	624455	local-artifacts/erbium_amp_probe/whisper-real/phase0/encoder_data_ops_audit_runs/run_20260505-163601/encoder_data_ops_audit_report.json
20260505-163601	3	15	Transpose	/encoder/blocks.1/attn/Transpose	576000	576000	0	576000	576000	False	0.136465	0.0	True	16777216	9238528	1678880	1951421	1951408	108024	600271	627484	local-artifacts/erbium_amp_probe/whisper-real/phase0/encoder_data_ops_audit_runs/run_20260505-163601/encoder_data_ops_audit_report.json
20260505-163601	3	16	Transpose	/encoder/blocks.1/attn/Transpose_2	576000	576000	0	576000	576000	False	0.136455	0.0	True	16777216	9238528	1659379	1951421	1951408	108024	80761	15	local-artifacts/erbium_amp_probe/whisper-real/phase0/encoder_data_ops_audit_runs/run_20260505-163601/encoder_data_ops_audit_report.json
20260505-163601	3	17	Transpose	/encoder/blocks.1/attn/Transpose_3	576000	576000	0	576000	576000	False	0.136401	0.0	True	16777216	9238528	1637409	1951421	1951408	108024	600481	628257	local-artifacts/erbium_amp_probe/whisper-real/phase0/encoder_data_ops_audit_runs/run_20260505-163601/encoder_data_ops_audit_report.json
20260505-163601	3	18	Reshape	/encoder/blocks.1/attn/Reshape_3	576000	576000	0	576000	576000	False	0.136318	0.0	True	16777216	9238528	1618288	1951421	1951408	108024	596498	623695	local-artifacts/erbium_amp_probe/whisper-real/phase0/encoder_data_ops_audit_runs/run_20260505-163601/encoder_data_ops_audit_report.json
20260505-163601	3	19	Split	Split_of_/encoder/blocks.2/attn/query/MatMul_and_/encoder/blocks.2/attn/key/MatMul_and_/encoder/blocks.2/attn/value/MatMul	576000	576000	0	1728000	1728000	False	0.13599	0.0	True	16777216	13846528	1615716	1951421	1951408	108024	598697	626517	local-artifacts/erbium_amp_probe/whisper-real/phase0/encoder_data_ops_audit_runs/run_20260505-163601/encoder_data_ops_audit_report.json
20260505-163601	3	19	Split	Split_of_/encoder/blocks.2/attn/query/MatMul_and_/encoder/blocks.2/attn/key/MatMul_and_/encoder/blocks.2/attn/value/MatMul	576000	576000	0	1728000	1728000	False	0.13616	0.0	True	16777216	13846528	1637570	1951421	1951408	108024	599695	628417	local-artifacts/erbium_amp_probe/whisper-real/phase0/encoder_data_ops_audit_runs/run_20260505-163601/encoder_data_ops_audit_report.json
20260505-163601	3	19	Split	Split_of_/encoder/blocks.2/attn/query/MatMul_and_/encoder/blocks.2/attn/key/MatMul_and_/encoder/blocks.2/attn/value/MatMul	576000	576000	0	1728000	1728000	False	0.136043	0.0	True	16777216	13846528	1622572	1951416	1951413	108024	599469	628283	local-artifacts/erbium_amp_probe/whisper-real/phase0/encoder_data_ops_audit_runs/run_20260505-163601/encoder_data_ops_audit_report.json
20260505-163601	3	20	Reshape	/encoder/blocks.2/attn/Reshape_1	576000	576000	0	576000	576000	False	0.13638	0.0	True	16777216	9238528	1662655	1951421	1951408	108024	598342	626124	local-artifacts/erbium_amp_probe/whisper-real/phase0/encoder_data_ops_audit_runs/run_20260505-163601/encoder_data_ops_audit_report.json
20260505-163601	3	21	Reshape	/encoder/blocks.2/attn/Reshape	576000	576000	0	576000	576000	False	0.136443	0.0	True	16777216	9238528	1600131	1951421	1951408	108024	598463	625987	local-artifacts/erbium_amp_probe/whisper-real/phase0/encoder_data_ops_audit_runs/run_20260505-163601/encoder_data_ops_audit_report.json
20260505-163601	3	22	Transpose	/encoder/blocks.2/attn/Transpose_1	576000	576000	0	576000	576000	False	0.147712	0.0	True	16777216	9238528	8414138	1951416	1951413	666035	638740	15	local-artifacts/erbium_amp_probe/whisper-real/phase0/encoder_data_ops_audit_runs/run_20260505-163601/encoder_data_ops_audit_report.json
20260505-163601	3	23	Reshape	/encoder/blocks.2/attn/Reshape_2	576000	576000	0	576000	576000	False	0.136378	0.0	True	16777216	9238528	1594012	1951421	1951408	108024	597705	625316	local-artifacts/erbium_amp_probe/whisper-real/phase0/encoder_data_ops_audit_runs/run_20260505-163601/encoder_data_ops_audit_report.json
20260505-163601	3	24	Transpose	/encoder/blocks.2/attn/Transpose	576000	576000	0	576000	576000	False	0.13638	0.0	True	16777216	9238528	1634891	1951421	1951408	108024	600444	628489	local-artifacts/erbium_amp_probe/whisper-real/phase0/encoder_data_ops_audit_runs/run_20260505-163601/encoder_data_ops_audit_report.json
20260505-163601	3	25	Transpose	/encoder/blocks.2/attn/Transpose_2	576000	576000	0	576000	576000	False	0.136457	0.0	True	16777216	9238528	1634810	1951421	1951408	108024	600288	627781	local-artifacts/erbium_amp_probe/whisper-real/phase0/encoder_data_ops_audit_runs/run_20260505-163601/encoder_data_ops_audit_report.json
20260505-163601	3	26	Transpose	/encoder/blocks.2/attn/Transpose_3	576000	576000	0	576000	576000	False	0.136329	0.0	True	16777216	9238528	1599586	1951416	1951413	108024	599709	627148	local-artifacts/erbium_amp_probe/whisper-real/phase0/encoder_data_ops_audit_runs/run_20260505-163601/encoder_data_ops_audit_report.json
20260505-163601	3	27	Reshape	/encoder/blocks.2/attn/Reshape_3	576000	576000	0	576000	576000	False	0.136411	0.0	True	16777216	9238528	1591289	1951421	1951408	108024	597003	625117	local-artifacts/erbium_amp_probe/whisper-real/phase0/encoder_data_ops_audit_runs/run_20260505-163601/encoder_data_ops_audit_report.json
20260505-163601	3	28	Split	Split_of_/encoder/blocks.3/attn/query/MatMul_and_/encoder/blocks.3/attn/key/MatMul_and_/encoder/blocks.3/attn/value/MatMul	576000	576000	0	1728000	1728000	False	0.136118	0.0	True	16777216	13846528	1597939	1951421	1951408	108024	80472	15	local-artifacts/erbium_amp_probe/whisper-real/phase0/encoder_data_ops_audit_runs/run_20260505-163601/encoder_data_ops_audit_report.json
20260505-163601	3	28	Split	Split_of_/encoder/blocks.3/attn/query/MatMul_and_/encoder/blocks.3/attn/key/MatMul_and_/encoder/blocks.3/attn/value/MatMul	576000	576000	0	1728000	1728000	False	0.136102	0.0	True	16777216	13846528	1614430	1951421	1951408	108024	599400	627473	local-artifacts/erbium_amp_probe/whisper-real/phase0/encoder_data_ops_audit_runs/run_20260505-163601/encoder_data_ops_audit_report.json
20260505-163601	3	28	Split	Split_of_/encoder/blocks.3/attn/query/MatMul_and_/encoder/blocks.3/attn/key/MatMul_and_/encoder/blocks.3/attn/value/MatMul	576000	576000	0	1728000	1728000	False	0.136071	0.0	True	16777216	13846528	1597018	1951421	1951408	108024	598880	627802	local-artifacts/erbium_amp_probe/whisper-real/phase0/encoder_data_ops_audit_runs/run_20260505-163601/encoder_data_ops_audit_report.json
20260505-163601	3	29	Reshape	/encoder/blocks.3/attn/Reshape_1	576000	576000	0	576000	576000	False	0.136344	0.0	True	16777216	9238528	1589889	1951421	1951408	108024	595972	624038	local-artifacts/erbium_amp_probe/whisper-real/phase0/encoder_data_ops_audit_runs/run_20260505-163601/encoder_data_ops_audit_report.json
20260505-163601	3	30	Reshape	/encoder/blocks.3/attn/Reshape	576000	576000	0	576000	576000	False	0.136299	0.0	True	16777216	9238528	1594400	1951421	1951408	108024	597311	624541	local-artifacts/erbium_amp_probe/whisper-real/phase0/encoder_data_ops_audit_runs/run_20260505-163601/encoder_data_ops_audit_report.json
20260505-163601	3	31	Transpose	/encoder/blocks.3/attn/Transpose_1	576000	576000	0	576000	576000	False	0.147682	0.0	True	16777216	9238528	8409998	1951416	1951413	666029	639077	15	local-artifacts/erbium_amp_probe/whisper-real/phase0/encoder_data_ops_audit_runs/run_20260505-163601/encoder_data_ops_audit_report.json
20260505-163601	3	32	Reshape	/encoder/blocks.3/attn/Reshape_2	576000	576000	0	576000	576000	False	0.136427	0.0	True	16777216	9238528	1589951	1951421	1951408	108024	596893	623853	local-artifacts/erbium_amp_probe/whisper-real/phase0/encoder_data_ops_audit_runs/run_20260505-163601/encoder_data_ops_audit_report.json
20260505-163601	3	33	Transpose	/encoder/blocks.3/attn/Transpose	576000	576000	0	576000	576000	False	0.136323	0.0	True	16777216	9238528	1636288	1951421	1951408	108024	600764	629292	local-artifacts/erbium_amp_probe/whisper-real/phase0/encoder_data_ops_audit_runs/run_20260505-163601/encoder_data_ops_audit_report.json
20260505-163601	3	34	Transpose	/encoder/blocks.3/attn/Transpose_2	576000	576000	0	576000	576000	False	0.136314	0.0	True	16777216	9238528	1639074	1951421	1951408	108024	599926	627337	local-artifacts/erbium_amp_probe/whisper-real/phase0/encoder_data_ops_audit_runs/run_20260505-163601/encoder_data_ops_audit_report.json
20260505-163601	3	35	Transpose	/encoder/blocks.3/attn/Transpose_3	576000	576000	0	576000	576000	False	0.13632	0.0	True	16777216	9238528	1600213	1951416	1951413	108024	599994	627496	local-artifacts/erbium_amp_probe/whisper-real/phase0/encoder_data_ops_audit_runs/run_20260505-163601/encoder_data_ops_audit_report.json
20260505-163601	3	36	Reshape	/encoder/blocks.3/attn/Reshape_3	576000	576000	0	576000	576000	False	0.136292	0.0	True	16777216	9238528	1589312	1951421	1951408	108024	597163	625282	local-artifacts/erbium_amp_probe/whisper-real/phase0/encoder_data_ops_audit_runs/run_20260505-163601/encoder_data_ops_audit_report.json
20260505-163601	3	37	Transpose	/0/Transpose	96000	96000	0	96000	96000	False	0.0232791	0.0	True	16777216	1555456	958138	325792	325789	111026	111026	14	local-artifacts/erbium_amp_probe/whisper-real/phase0/encoder_data_ops_audit_runs/run_20260505-163601/encoder_data_ops_audit_report.json
20260505-163601	3	38	Transpose	/0/Transpose_1	96000	96000	0	96000	96000	False	0.0232625	0.0	True	16777216	1555456	957983	325792	325789	111026	111026	14	local-artifacts/erbium_amp_probe/whisper-real/phase0/encoder_data_ops_audit_runs/run_20260505-163601/encoder_data_ops_audit_report.json
20260505-163601	3	39	Transpose	/0/Transpose_2	96000	96000	0	96000	96000	False	0.0232342	0.0	True	16777216	1555456	957850	325792	325789	111026	111026	14	local-artifacts/erbium_amp_probe/whisper-real/phase0/encoder_data_ops_audit_runs/run_20260505-163601/encoder_data_ops_audit_report.json
20260505-163601	3	40	Transpose	/0/Transpose_3	96000	96000	0	96000	96000	False	0.0231789	0.0	True	16777216	1555456	958021	325792	325789	111029	111029	14	local-artifacts/erbium_amp_probe/whisper-real/phase0/encoder_data_ops_audit_runs/run_20260505-163601/encoder_data_ops_audit_report.json
20260505-163601	3	41	Transpose	/0/Transpose_4	96000	96000	0	96000	96000	False	0.0232014	0.0	True	16777216	1555456	958080	325792	325789	111028	111028	14	local-artifacts/erbium_amp_probe/whisper-real/phase0/encoder_data_ops_audit_runs/run_20260505-163601/encoder_data_ops_audit_report.json
20260505-163601	3	42	Transpose	/0/Transpose_5	96000	96000	0	96000	96000	False	0.0233016	0.0	True	16777216	1555456	957909	325792	325789	111026	111026	14	local-artifacts/erbium_amp_probe/whisper-real/phase0/encoder_data_ops_audit_runs/run_20260505-163601/encoder_data_ops_audit_report.json
20260505-163601	3	43	Transpose	/1/Transpose	96000	96000	0	96000	96000	False	0.0231582	0.0	True	16777216	1555456	957403	325792	325789	111026	111026	14	local-artifacts/erbium_amp_probe/whisper-real/phase0/encoder_data_ops_audit_runs/run_20260505-163601/encoder_data_ops_audit_report.json
20260505-163601	3	44	Transpose	/1/Transpose_1	96000	96000	0	96000	96000	False	0.0233268	0.0	True	16777216	1555456	957826	325792	325789	111027	111027	14	local-artifacts/erbium_amp_probe/whisper-real/phase0/encoder_data_ops_audit_runs/run_20260505-163601/encoder_data_ops_audit_report.json
20260505-163601	3	45	Transpose	/1/Transpose_2	96000	96000	0	96000	96000	False	0.0232586	0.0	True	16777216	1555456	957685	325792	325789	111027	111027	14	local-artifacts/erbium_amp_probe/whisper-real/phase0/encoder_data_ops_audit_runs/run_20260505-163601/encoder_data_ops_audit_report.json
20260505-163601	3	46	Transpose	/1/Transpose_3	96000	96000	0	96000	96000	False	0.0232572	0.0	True	16777216	1555456	957853	325792	325789	111025	111025	14	local-artifacts/erbium_amp_probe/whisper-real/phase0/encoder_data_ops_audit_runs/run_20260505-163601/encoder_data_ops_audit_report.json
20260505-163601	3	47	Transpose	/1/Transpose_4	96000	96000	0	96000	96000	False	0.0232265	0.0	True	16777216	1555456	958177	325792	325789	111027	111027	14	local-artifacts/erbium_amp_probe/whisper-real/phase0/encoder_data_ops_audit_runs/run_20260505-163601/encoder_data_ops_audit_report.json
20260505-163601	3	48	Transpose	/1/Transpose_5	96000	96000	0	96000	96000	False	0.0231827	0.0	True	16777216	1555456	957771	325792	325789	111025	111025	14	local-artifacts/erbium_amp_probe/whisper-real/phase0/encoder_data_ops_audit_runs/run_20260505-163601/encoder_data_ops_audit_report.json
20260505-163601	3	49	Transpose	/2/Transpose	96000	96000	0	96000	96000	False	0.0232419	0.0	True	16777216	1555456	959027	325792	325789	111026	111026	14	local-artifacts/erbium_amp_probe/whisper-real/phase0/encoder_data_ops_audit_runs/run_20260505-163601/encoder_data_ops_audit_report.json
20260505-163601	3	50	Transpose	/2/Transpose_1	96000	96000	0	96000	96000	False	0.0232677	0.0	True	16777216	1555456	958150	325792	325789	111025	111025	14	local-artifacts/erbium_amp_probe/whisper-real/phase0/encoder_data_ops_audit_runs/run_20260505-163601/encoder_data_ops_audit_report.json
20260505-163601	3	51	Transpose	/2/Transpose_2	96000	96000	0	96000	96000	False	0.0231646	0.0	True	16777216	1555456	957908	325792	325789	111026	111026	14	local-artifacts/erbium_amp_probe/whisper-real/phase0/encoder_data_ops_audit_runs/run_20260505-163601/encoder_data_ops_audit_report.json
20260505-163601	3	52	Transpose	/2/Transpose_3	96000	96000	0	96000	96000	False	0.0232301	0.0	True	16777216	1555456	957767	325792	325789	111026	111026	14	local-artifacts/erbium_amp_probe/whisper-real/phase0/encoder_data_ops_audit_runs/run_20260505-163601/encoder_data_ops_audit_report.json
20260505-163601	3	53	Transpose	/2/Transpose_4	96000	96000	0	96000	96000	False	0.0232545	0.0	True	16777216	1555456	958553	325792	325789	111026	111026	14	local-artifacts/erbium_amp_probe/whisper-real/phase0/encoder_data_ops_audit_runs/run_20260505-163601/encoder_data_ops_audit_report.json
20260505-163601	3	54	Transpose	/2/Transpose_5	96000	96000	0	96000	96000	False	0.023145	0.0	True	16777216	1555456	959086	325792	325789	111028	111028	14	local-artifacts/erbium_amp_probe/whisper-real/phase0/encoder_data_ops_audit_runs/run_20260505-163601/encoder_data_ops_audit_report.json
20260505-163601	3	55	Transpose	/3/Transpose	96000	96000	0	96000	96000	False	0.0231512	0.0	True	16777216	1555456	957964	325792	325789	111027	111027	14	local-artifacts/erbium_amp_probe/whisper-real/phase0/encoder_data_ops_audit_runs/run_20260505-163601/encoder_data_ops_audit_report.json
20260505-163601	3	56	Transpose	/3/Transpose_1	96000	96000	0	96000	96000	False	0.0231913	0.0	True	16777216	1555456	958049	325792	325789	111025	111025	14	local-artifacts/erbium_amp_probe/whisper-real/phase0/encoder_data_ops_audit_runs/run_20260505-163601/encoder_data_ops_audit_report.json
20260505-163601	3	57	Transpose	/3/Transpose_2	96000	96000	0	96000	96000	False	0.0233013	0.0	True	16777216	1555456	958132	325792	325789	111025	111025	14	local-artifacts/erbium_amp_probe/whisper-real/phase0/encoder_data_ops_audit_runs/run_20260505-163601/encoder_data_ops_audit_report.json
20260505-163601	3	58	Transpose	/3/Transpose_3	96000	96000	0	96000	96000	False	0.0231349	0.0	True	16777216	1555456	957961	325792	325789	111028	111028	14	local-artifacts/erbium_amp_probe/whisper-real/phase0/encoder_data_ops_audit_runs/run_20260505-163601/encoder_data_ops_audit_report.json
20260505-163601	3	59	Transpose	/3/Transpose_4	96000	96000	0	96000	96000	False	0.0232196	0.0	True	16777216	1555456	957901	325792	325789	111026	111026	14	local-artifacts/erbium_amp_probe/whisper-real/phase0/encoder_data_ops_audit_runs/run_20260505-163601/encoder_data_ops_audit_report.json
20260505-163601	3	60	Transpose	/3/Transpose_5	96000	96000	0	96000	96000	False	0.0231419	0.0	True	16777216	1555456	957765	325792	325789	111025	111025	14	local-artifacts/erbium_amp_probe/whisper-real/phase0/encoder_data_ops_audit_runs/run_20260505-163601/encoder_data_ops_audit_report.json
20260505-163601	3	61	Concat	/0/Concat	576000	576000	0	576000	576000	False	0.136381	0.0	True	16777216	9238528	1591285	1951421	1951408	108024	596697	624208	local-artifacts/erbium_amp_probe/whisper-real/phase0/encoder_data_ops_audit_runs/run_20260505-163601/encoder_data_ops_audit_report.json
20260505-163601	3	62	Concat	/1/Concat	576000	576000	0	576000	576000	False	0.136306	0.0	True	16777216	9238528	1591549	1951421	1951408	108024	597616	625096	local-artifacts/erbium_amp_probe/whisper-real/phase0/encoder_data_ops_audit_runs/run_20260505-163601/encoder_data_ops_audit_report.json
20260505-163601	3	63	Concat	/2/Concat	576000	576000	0	576000	576000	False	0.136282	0.0	True	16777216	9238528	1590978	1951421	1951408	108024	597417	625133	local-artifacts/erbium_amp_probe/whisper-real/phase0/encoder_data_ops_audit_runs/run_20260505-163601/encoder_data_ops_audit_report.json
20260505-163601	3	64	Concat	/3/Concat	576000	576000	0	576000	576000	False	0.136519	0.0	True	16777216	9238528	1719254	1951421	1951408	108024	598321	625951	local-artifacts/erbium_amp_probe/whisper-real/phase0/encoder_data_ops_audit_runs/run_20260505-163601/encoder_data_ops_audit_report.json
20260505-163601	3	65	Concat	/0_1/Concat	576000	576000	0	576000	576000	False	0.136568	0.0	True	16777216	9238528	1728462	1951421	1951408	108024	597581	625614	local-artifacts/erbium_amp_probe/whisper-real/phase0/encoder_data_ops_audit_runs/run_20260505-163601/encoder_data_ops_audit_report.json
20260505-163601	3	66	Concat	/1_1/Concat	576000	576000	0	576000	576000	False	0.136429	0.0	True	16777216	9238528	1625625	1951421	1951408	108024	597854	625759	local-artifacts/erbium_amp_probe/whisper-real/phase0/encoder_data_ops_audit_runs/run_20260505-163601/encoder_data_ops_audit_report.json
20260505-163601	3	67	Concat	/2_1/Concat	576000	576000	0	576000	576000	False	0.136491	0.0	True	16777216	9238528	1722251	1951416	1951413	108024	598252	626336	local-artifacts/erbium_amp_probe/whisper-real/phase0/encoder_data_ops_audit_runs/run_20260505-163601/encoder_data_ops_audit_report.json
20260505-163601	3	68	Concat	/3_1/Concat	576000	576000	0	576000	576000	False	0.136397	0.0	True	16777216	9238528	1592939	1951421	1951408	108024	597723	625520	local-artifacts/erbium_amp_probe/whisper-real/phase0/encoder_data_ops_audit_runs/run_20260505-163601/encoder_data_ops_audit_report.json
20260505-163601	3	69	Unsqueeze	/Unsqueeze	576000	576000	0	576000	576000	False	0.136359	0.0	True	16777216	9238528	1590598	1951421	1951408	108024	597999	625570	local-artifacts/erbium_amp_probe/whisper-real/phase0/encoder_data_ops_audit_runs/run_20260505-163601/encoder_data_ops_audit_report.json
20260505-163601	3	70	Unsqueeze	/Unsqueeze_1	576000	576000	0	576000	576000	False	0.136354	0.0	True	16777216	9238528	1587848	1951421	1951408	108024	597497	625582	local-artifacts/erbium_amp_probe/whisper-real/phase0/encoder_data_ops_audit_runs/run_20260505-163601/encoder_data_ops_audit_report.json
20260505-163601	3	71	Unsqueeze	/Unsqueeze_2	576000	576000	0	576000	576000	False	0.136448	0.0	True	16777216	9238528	1591005	1951421	1951408	108024	596994	624529	local-artifacts/erbium_amp_probe/whisper-real/phase0/encoder_data_ops_audit_runs/run_20260505-163601/encoder_data_ops_audit_report.json
20260505-163601	3	72	Unsqueeze	/Unsqueeze_3	576000	576000	0	576000	576000	False	0.13627	0.0	True	16777216	9238528	1590850	1951421	1951408	108024	597006	625092	local-artifacts/erbium_amp_probe/whisper-real/phase0/encoder_data_ops_audit_runs/run_20260505-163601/encoder_data_ops_audit_report.json
20260505-163601	3	73	Unsqueeze	/Unsqueeze_4	576000	576000	0	576000	576000	False	0.136396	0.0	True	16777216	9238528	1589661	1951421	1951408	108024	597627	625468	local-artifacts/erbium_amp_probe/whisper-real/phase0/encoder_data_ops_audit_runs/run_20260505-163601/encoder_data_ops_audit_report.json
20260505-163601	3	74	Unsqueeze	/Unsqueeze_5	576000	576000	0	576000	576000	False	0.136249	0.0	True	16777216	9238528	1589774	1951421	1951408	108024	596673	624741	local-artifacts/erbium_amp_probe/whisper-real/phase0/encoder_data_ops_audit_runs/run_20260505-163601/encoder_data_ops_audit_report.json
20260505-163601	3	75	Unsqueeze	/Unsqueeze_6	576000	576000	0	576000	576000	False	0.136254	0.0	True	16777216	9238528	1588801	1951421	1951408	108024	596934	16	local-artifacts/erbium_amp_probe/whisper-real/phase0/encoder_data_ops_audit_runs/run_20260505-163601/encoder_data_ops_audit_report.json
20260505-163601	3	76	Unsqueeze	/Unsqueeze_7	576000	576000	0	576000	576000	False	0.13637	0.0	True	16777216	9238528	1588726	1951421	1951408	108024	596897	625127	local-artifacts/erbium_amp_probe/whisper-real/phase0/encoder_data_ops_audit_runs/run_20260505-163601/encoder_data_ops_audit_report.json
20260505-163601	3	77	Concat	/Concat	262144	2304000	0	2304000	2304000	False	0.0620591	0.0	True	16777216	12378112	935732	888521	888512	49176	283659	302768	local-artifacts/erbium_amp_probe/whisper-real/phase0/encoder_data_ops_audit_runs/run_20260505-163601/encoder_data_ops_audit_report.json
20260505-163601	3	77	Concat	/Concat	262144	2304000	262144	2304000	2304000	False	0.0620896	0.0	True	16777216	12378112	935224	888521	888512	49176	280361	15	local-artifacts/erbium_amp_probe/whisper-real/phase0/encoder_data_ops_audit_runs/run_20260505-163601/encoder_data_ops_audit_report.json
20260505-163601	3	77	Concat	/Concat	262144	2304000	524288	2304000	2304000	False	0.0621269	0.0	True	16777216	12378112	936079	888521	888512	49176	279426	15	local-artifacts/erbium_amp_probe/whisper-real/phase0/encoder_data_ops_audit_runs/run_20260505-163601/encoder_data_ops_audit_report.json
20260505-163601	3	77	Concat	/Concat	262144	2304000	786432	2304000	2304000	False	0.062101	0.0	True	16777216	12378112	935472	888521	888512	49176	30325	15	local-artifacts/erbium_amp_probe/whisper-real/phase0/encoder_data_ops_audit_runs/run_20260505-163601/encoder_data_ops_audit_report.json
20260505-163601	3	77	Concat	/Concat	262144	2304000	1048576	2304000	2304000	False	0.0621559	0.0	True	16777216	12378112	935543	888516	888517	49176	31653	15	local-artifacts/erbium_amp_probe/whisper-real/phase0/encoder_data_ops_audit_runs/run_20260505-163601/encoder_data_ops_audit_report.json
20260505-163601	3	77	Concat	/Concat	262144	2304000	1310720	2304000	2304000	False	0.0621869	0.0	True	16777216	12378112	935538	888516	888517	49176	31485	15	local-artifacts/erbium_amp_probe/whisper-real/phase0/encoder_data_ops_audit_runs/run_20260505-163601/encoder_data_ops_audit_report.json
20260505-163601	3	77	Concat	/Concat	262144	2304000	1572864	2304000	2304000	False	0.0621249	0.0	True	16777216	12378112	933971	888521	888512	49176	279159	15	local-artifacts/erbium_amp_probe/whisper-real/phase0/encoder_data_ops_audit_runs/run_20260505-163601/encoder_data_ops_audit_report.json
20260505-163601	3	77	Concat	/Concat	262144	2304000	1835008	2304000	2304000	False	0.0622379	0.0	True	16777216	12378112	935995	888516	888517	49176	31515	18446744073709533212	local-artifacts/erbium_amp_probe/whisper-real/phase0/encoder_data_ops_audit_runs/run_20260505-163601/encoder_data_ops_audit_report.json
20260505-163601	3	77	Concat	/Concat	206848	2304000	2097152	2304000	2304000	False	0.0485041	0.0	True	16777216	11714560	568855	701304	701301	38808	215050	231553	local-artifacts/erbium_amp_probe/whisper-real/phase0/encoder_data_ops_audit_runs/run_20260505-163601/encoder_data_ops_audit_report.json
20260505-163601	3	78	Concat	/Concat_1	262144	2304000	0	2304000	2304000	False	0.0621928	0.0	True	16777216	12378112	935864	888521	888512	49176	280246	18446744073709532633	local-artifacts/erbium_amp_probe/whisper-real/phase0/encoder_data_ops_audit_runs/run_20260505-163601/encoder_data_ops_audit_report.json
20260505-163601	3	78	Concat	/Concat_1	262144	2304000	262144	2304000	2304000	False	0.0621444	0.0	True	16777216	12378112	936334	888521	888512	49176	296300	15	local-artifacts/erbium_amp_probe/whisper-real/phase0/encoder_data_ops_audit_runs/run_20260505-163601/encoder_data_ops_audit_report.json
20260505-163601	3	78	Concat	/Concat_1	262144	2304000	524288	2304000	2304000	False	0.062093	0.0	True	16777216	12378112	936092	888521	888512	49176	31765	15	local-artifacts/erbium_amp_probe/whisper-real/phase0/encoder_data_ops_audit_runs/run_20260505-163601/encoder_data_ops_audit_report.json
20260505-163601	3	78	Concat	/Concat_1	262144	2304000	786432	2304000	2304000	False	0.0621167	0.0	True	16777216	12378112	937059	888649	888512	49176	274104	15	local-artifacts/erbium_amp_probe/whisper-real/phase0/encoder_data_ops_audit_runs/run_20260505-163601/encoder_data_ops_audit_report.json
20260505-163601	3	78	Concat	/Concat_1	262144	2304000	1048576	2304000	2304000	False	0.0622604	0.0	True	16777216	12378112	934986	888516	888517	49176	30724	18446744073709532450	local-artifacts/erbium_amp_probe/whisper-real/phase0/encoder_data_ops_audit_runs/run_20260505-163601/encoder_data_ops_audit_report.json
20260505-163601	3	78	Concat	/Concat_1	262144	2304000	1310720	2304000	2304000	False	0.062068	0.0	True	16777216	12378112	936311	888516	888517	49176	279467	15	local-artifacts/erbium_amp_probe/whisper-real/phase0/encoder_data_ops_audit_runs/run_20260505-163601/encoder_data_ops_audit_report.json
20260505-163601	3	78	Concat	/Concat_1	262144	2304000	1572864	2304000	2304000	False	0.0622859	0.0	True	16777216	12378112	936987	888516	888517	49176	281057	15	local-artifacts/erbium_amp_probe/whisper-real/phase0/encoder_data_ops_audit_runs/run_20260505-163601/encoder_data_ops_audit_report.json
20260505-163601	3	78	Concat	/Concat_1	262144	2304000	1835008	2304000	2304000	False	0.0622618	0.0	True	16777216	12378112	936002	888521	888512	49176	31630	18446744073709533336	local-artifacts/erbium_amp_probe/whisper-real/phase0/encoder_data_ops_audit_runs/run_20260505-163601/encoder_data_ops_audit_report.json
20260505-163601	3	78	Concat	/Concat_1	206848	2304000	2097152	2304000	2304000	False	0.0483186	0.0	True	16777216	11714560	569536	701304	701301	38808	214292	15	local-artifacts/erbium_amp_probe/whisper-real/phase0/encoder_data_ops_audit_runs/run_20260505-163601/encoder_data_ops_audit_report.json
