timestamp	variant	onnx_node	act_name	weight_name	rows	k_dim	n_cols	tiles	tile_rows	active_harts	total_wait_s	ops	gops	max_abs	mean_abs	p99_abs	allclose_1e4	allclose_1e3	tile_ok	remote_work	local_run_dir
20260504-104251	mlp0_full_stitched_o3_unroll	/encoder/blocks.0/mlp/0/MatMul			1500	384	1536	12	128		2.3727479999999996	1769472000	0.7457479681786688	3.814697265625e-06	1.3349009009289148e-07	5.960464477539062e-07	True	True	True	/root/afonso/zephyr-u-mode/zephyr-emlearn-silicon-v2/erbium-amp-probe/whisper-real/mlp0_full_stitched_o3_unroll_20260504-104251	/home/afonso/zephyr/local-artifacts/erbium_amp_probe/whisper-real/phase0/runs/mlp0_full_stitched_o3_unroll_20260504-104251
20260504-104948	mlp2_full_stitched_o3_unroll	/encoder/blocks.0/mlp/2/MatMul_output_0	/encoder/blocks.0/mlp/1/Mul_1_output_0	onnx::MatMul_783	1500	1536	384	12	128	16	1.806589	1769472000	0.9794546518328187	1.430511474609375e-06	5.2007781192742186e-08	2.682209014892578e-07	True	True	True	/root/afonso/zephyr-u-mode/zephyr-emlearn-silicon-v2/erbium-amp-probe/whisper-real/mlp2_full_stitched_o3_unroll_20260504-104948	/home/afonso/zephyr/local-artifacts/erbium_amp_probe/whisper-real/phase0/runs/mlp2_full_stitched_o3_unroll_20260504-104948
20260504-105253	block0_qkv_full_stitched_o3_unroll	_v_649	/encoder/blocks.0/attn_ln/LayerNormalization_output_0	_v_648	1500	384	1152	12	128	16	1.7725579999999999	1327104000	0.7486942599339487	6.67572021484375e-06	2.188643009048974e-07	1.430511474609375e-06	True	True	True	/root/afonso/zephyr-u-mode/zephyr-emlearn-silicon-v2/erbium-amp-probe/whisper-real/block0_qkv_full_stitched_o3_unroll_20260504-105253	/home/afonso/zephyr/local-artifacts/erbium_amp_probe/whisper-real/phase0/runs/block0_qkv_full_stitched_o3_unroll_20260504-105253
20260504-105641	block0_attn_out_full_stitched_o3_unroll	/encoder/blocks.0/attn/out/MatMul_output_0	/encoder/blocks.0/attn/Reshape_3_output_0	onnx::MatMul_777	1500	384	384	12	128	16	0.6036993000000002	442368000	0.7327621549337557	2.0265579223632812e-06	1.0076684020532412e-07	5.960464477539062e-07	True	True	True	/root/afonso/zephyr-u-mode/zephyr-emlearn-silicon-v2/erbium-amp-probe/whisper-real/block0_attn_out_full_stitched_o3_unroll_20260504-105641	/home/afonso/zephyr/local-artifacts/erbium_amp_probe/whisper-real/phase0/runs/block0_attn_out_full_stitched_o3_unroll_20260504-105641
20260504-105916	block0_attn_score_h0_full_stitched_o3_unroll	/encoder/blocks.0/attn/MatMul_output_0	/encoder/blocks.0/attn/Mul_output_0	/encoder/blocks.0/attn/Mul_1_output_0	1500	64	1500	12	128	16	0.9987311999999998	288000000	0.28836587862680174	7.62939453125e-06	4.467678706987499e-07	1.9073486328125e-06	True	True	True	/root/afonso/zephyr-u-mode/zephyr-emlearn-silicon-v2/erbium-amp-probe/whisper-real/block0_attn_score_h0_full_stitched_o3_unroll_20260504-105916	/home/afonso/zephyr/local-artifacts/erbium_amp_probe/whisper-real/phase0/runs/block0_attn_score_h0_full_stitched_o3_unroll_20260504-105916
20260504-110235	block0_attn_value_h0_full_stitched_o3_unroll	/encoder/blocks.0/attn/MatMul_1_output_0	/encoder/blocks.0/attn/Softmax_output_0	/encoder/blocks.0/attn/Transpose_2_output_0	1500	1504	64	12	128	16	0.2945999	288768000	0.9802039987114727	4.291534423828125e-06	1.789141634844782e-07	1.1920928955078125e-06	True	True	True	/root/afonso/zephyr-u-mode/zephyr-emlearn-silicon-v2/erbium-amp-probe/whisper-real/block0_attn_value_h0_full_stitched_o3_unroll_20260504-110235	/home/afonso/zephyr/local-artifacts/erbium_amp_probe/whisper-real/phase0/runs/block0_attn_value_h0_full_stitched_o3_unroll_20260504-110235
20260504-110356	block0_attn_score_h1_full_stitched_o3_unroll	/encoder/blocks.0/attn/MatMul_output_0	/encoder/blocks.0/attn/Mul_output_0	/encoder/blocks.0/attn/Mul_1_output_0	1500	64	1500	12	128	16	0.9972104999999999	288000000	0.2888056232861568	1.1444091796875e-05	4.927481427330349e-07	2.384185791015625e-06	True	True	True	/root/afonso/zephyr-u-mode/zephyr-emlearn-silicon-v2/erbium-amp-probe/whisper-real/block0_attn_score_h1_full_stitched_o3_unroll_20260504-110356	/home/afonso/zephyr/local-artifacts/erbium_amp_probe/whisper-real/phase0/runs/block0_attn_score_h1_full_stitched_o3_unroll_20260504-110356
20260504-110720	block0_attn_score_h2_full_stitched_o3_unroll	/encoder/blocks.0/attn/MatMul_output_0	/encoder/blocks.0/attn/Mul_output_0	/encoder/blocks.0/attn/Mul_1_output_0	1500	64	1500	12	128	16	1.0017047000000001	288000000	0.2875098819043177	4.76837158203125e-06	3.366110661318089e-07	1.430511474609375e-06	True	True	True	/root/afonso/zephyr-u-mode/zephyr-emlearn-silicon-v2/erbium-amp-probe/whisper-real/block0_attn_score_h2_full_stitched_o3_unroll_20260504-110720	/home/afonso/zephyr/local-artifacts/erbium_amp_probe/whisper-real/phase0/runs/block0_attn_score_h2_full_stitched_o3_unroll_20260504-110720
20260504-111034	block0_attn_score_h3_full_stitched_o3_unroll	/encoder/blocks.0/attn/MatMul_output_0	/encoder/blocks.0/attn/Mul_output_0	/encoder/blocks.0/attn/Mul_1_output_0	1500	64	1500	12	128	16	1.0052309	288000000	0.2865013401398624	2.384185791015625e-06	1.982633506258935e-07	7.152557373046875e-07	True	True	True	/root/afonso/zephyr-u-mode/zephyr-emlearn-silicon-v2/erbium-amp-probe/whisper-real/block0_attn_score_h3_full_stitched_o3_unroll_20260504-111034	/home/afonso/zephyr/local-artifacts/erbium_amp_probe/whisper-real/phase0/runs/block0_attn_score_h3_full_stitched_o3_unroll_20260504-111034
20260504-111339	block0_attn_score_h4_full_stitched_o3_unroll	/encoder/blocks.0/attn/MatMul_output_0	/encoder/blocks.0/attn/Mul_output_0	/encoder/blocks.0/attn/Mul_1_output_0	1500	64	1500	12	128	16	0.9982385000000001	288000000	0.28850820720699505	1.52587890625e-05	1.2180806834294344e-06	5.7220458984375e-06	True	True	True	/root/afonso/zephyr-u-mode/zephyr-emlearn-silicon-v2/erbium-amp-probe/whisper-real/block0_attn_score_h4_full_stitched_o3_unroll_20260504-111339	/home/afonso/zephyr/local-artifacts/erbium_amp_probe/whisper-real/phase0/runs/block0_attn_score_h4_full_stitched_o3_unroll_20260504-111339
20260504-111709	block0_attn_score_h5_full_stitched_o3_unroll	/encoder/blocks.0/attn/MatMul_output_0	/encoder/blocks.0/attn/Mul_output_0	/encoder/blocks.0/attn/Mul_1_output_0	1500	64	1500	12	128	16	0.9942916	288000000	0.2896534577984969	4.76837158203125e-06	3.777093411372334e-07	1.9073486328125e-06	True	True	True	/root/afonso/zephyr-u-mode/zephyr-emlearn-silicon-v2/erbium-amp-probe/whisper-real/block0_attn_score_h5_full_stitched_o3_unroll_20260504-111709	/home/afonso/zephyr/local-artifacts/erbium_amp_probe/whisper-real/phase0/runs/block0_attn_score_h5_full_stitched_o3_unroll_20260504-111709
20260504-112023	block0_attn_value_h1_full_stitched_o3_unroll	/encoder/blocks.0/attn/MatMul_1_output_0	/encoder/blocks.0/attn/Softmax_output_0	/encoder/blocks.0/attn/Transpose_2_output_0	1500	1504	64	12	128	16	0.29430120000000004	288768000	0.9811988534195578	3.0994415283203125e-06	1.6011479431199405e-07	9.5367431640625e-07	True	True	True	/root/afonso/zephyr-u-mode/zephyr-emlearn-silicon-v2/erbium-amp-probe/whisper-real/block0_attn_value_h1_full_stitched_o3_unroll_20260504-112023	/home/afonso/zephyr/local-artifacts/erbium_amp_probe/whisper-real/phase0/runs/block0_attn_value_h1_full_stitched_o3_unroll_20260504-112023
20260504-112101	block0_attn_value_h2_full_stitched_o3_unroll	/encoder/blocks.0/attn/MatMul_1_output_0	/encoder/blocks.0/attn/Softmax_output_0	/encoder/blocks.0/attn/Transpose_2_output_0	1500	1504	64	12	128	16	0.29518120000000003	288768000	0.9782736840964126	9.5367431640625e-07	2.2290192802643105e-08	2.384185791015625e-07	True	True	True	/root/afonso/zephyr-u-mode/zephyr-emlearn-silicon-v2/erbium-amp-probe/whisper-real/block0_attn_value_h2_full_stitched_o3_unroll_20260504-112101	/home/afonso/zephyr/local-artifacts/erbium_amp_probe/whisper-real/phase0/runs/block0_attn_value_h2_full_stitched_o3_unroll_20260504-112101
20260504-112204	block0_attn_value_h3_full_stitched_o3_unroll	/encoder/blocks.0/attn/MatMul_1_output_0	/encoder/blocks.0/attn/Softmax_output_0	/encoder/blocks.0/attn/Transpose_2_output_0	1500	1504	64	12	128	16	0.29473320000000003	288768000	0.979760678471241	1.430511474609375e-06	4.3319168696598354e-08	3.5762786865234375e-07	True	True	True	/root/afonso/zephyr-u-mode/zephyr-emlearn-silicon-v2/erbium-amp-probe/whisper-real/block0_attn_value_h3_full_stitched_o3_unroll_20260504-112204	/home/afonso/zephyr/local-artifacts/erbium_amp_probe/whisper-real/phase0/runs/block0_attn_value_h3_full_stitched_o3_unroll_20260504-112204
20260504-112242	block0_attn_value_h4_full_stitched_o3_unroll	/encoder/blocks.0/attn/MatMul_1_output_0	/encoder/blocks.0/attn/Softmax_output_0	/encoder/blocks.0/attn/Transpose_2_output_0	1500	1504	64	12	128	16	0.2951944	288768000	0.9782299393213421	2.1457672119140625e-06	1.0925798932248654e-07	7.152557373046875e-07	True	True	True	/root/afonso/zephyr-u-mode/zephyr-emlearn-silicon-v2/erbium-amp-probe/whisper-real/block0_attn_value_h4_full_stitched_o3_unroll_20260504-112242	/home/afonso/zephyr/local-artifacts/erbium_amp_probe/whisper-real/phase0/runs/block0_attn_value_h4_full_stitched_o3_unroll_20260504-112242
20260504-112321	block0_attn_value_h5_full_stitched_o3_unroll	/encoder/blocks.0/attn/MatMul_1_output_0	/encoder/blocks.0/attn/Softmax_output_0	/encoder/blocks.0/attn/Transpose_2_output_0	1500	1504	64	12	128	16	0.29521830000000004	288768000	0.9781507447200933	6.67572021484375e-06	8.215892677299053e-08	9.5367431640625e-07	True	True	True	/root/afonso/zephyr-u-mode/zephyr-emlearn-silicon-v2/erbium-amp-probe/whisper-real/block0_attn_value_h5_full_stitched_o3_unroll_20260504-112321	/home/afonso/zephyr/local-artifacts/erbium_amp_probe/whisper-real/phase0/runs/block0_attn_value_h5_full_stitched_o3_unroll_20260504-112321
20260504-112551	opt10_mlp2_tr128_ah16	/encoder/blocks.0/mlp/2/MatMul_output_0	/encoder/blocks.0/mlp/1/Mul_1_output_0	onnx::MatMul_783	1500	1536	384	12	128	16	1.790357	1769472000	0.9883347287719713	1.430511474609375e-06	5.2007781192742186e-08	2.682209014892578e-07	True	True	True	/root/afonso/zephyr-u-mode/zephyr-emlearn-silicon-v2/erbium-amp-probe/whisper-real/opt10_mlp2_tr128_ah16_20260504-112551	/home/afonso/zephyr/local-artifacts/erbium_amp_probe/whisper-real/phase0/runs/opt10_mlp2_tr128_ah16_20260504-112551
20260504-112727	opt10_mlp2_tr256_ah16	/encoder/blocks.0/mlp/2/MatMul_output_0	/encoder/blocks.0/mlp/1/Mul_1_output_0	onnx::MatMul_783	1500	1536	384	6	256	16	1.6838409999999997	1769472000	1.0508545640591958	1.430511474609375e-06	5.2007781192742186e-08	2.682209014892578e-07	True	True	True	/root/afonso/zephyr-u-mode/zephyr-emlearn-silicon-v2/erbium-amp-probe/whisper-real/opt10_mlp2_tr256_ah16_20260504-112727	/home/afonso/zephyr/local-artifacts/erbium_amp_probe/whisper-real/phase0/runs/opt10_mlp2_tr256_ah16_20260504-112727
20260504-112838	opt10_mlp2_tr512_ah16	/encoder/blocks.0/mlp/2/MatMul_output_0	/encoder/blocks.0/mlp/1/Mul_1_output_0	onnx::MatMul_783	1500	1536	384	3	512	16	1.660121	1769472000	1.065869295069456	1.430511474609375e-06	5.2007781192742186e-08	2.682209014892578e-07	True	True	True	/root/afonso/zephyr-u-mode/zephyr-emlearn-silicon-v2/erbium-amp-probe/whisper-real/opt10_mlp2_tr512_ah16_20260504-112838	/home/afonso/zephyr/local-artifacts/erbium_amp_probe/whisper-real/phase0/runs/opt10_mlp2_tr512_ah16_20260504-112838
20260504-112955	opt10_mlp2_tr128_ah8	/encoder/blocks.0/mlp/2/MatMul_output_0	/encoder/blocks.0/mlp/1/Mul_1_output_0	onnx::MatMul_783	1500	1536	384	12	128	8	3.139395	1769472000	0.5636347130577707	1.430511474609375e-06	5.2007781192742186e-08	2.682209014892578e-07	True	True	True	/root/afonso/zephyr-u-mode/zephyr-emlearn-silicon-v2/erbium-amp-probe/whisper-real/opt10_mlp2_tr128_ah8_20260504-112955	/home/afonso/zephyr/local-artifacts/erbium_amp_probe/whisper-real/phase0/runs/opt10_mlp2_tr128_ah8_20260504-112955
20260504-113134	opt10_mlp2_tr256_ah8	/encoder/blocks.0/mlp/2/MatMul_output_0	/encoder/blocks.0/mlp/1/Mul_1_output_0	onnx::MatMul_783	1500	1536	384	6	256	8	3.0162509999999996	1769472000	0.586646137871152	1.430511474609375e-06	5.2007781192742186e-08	2.682209014892578e-07	True	True	True	/root/afonso/zephyr-u-mode/zephyr-emlearn-silicon-v2/erbium-amp-probe/whisper-real/opt10_mlp2_tr256_ah8_20260504-113134	/home/afonso/zephyr/local-artifacts/erbium_amp_probe/whisper-real/phase0/runs/opt10_mlp2_tr256_ah8_20260504-113134
20260504-113258	opt10_mlp2_tr512_ah8	/encoder/blocks.0/mlp/2/MatMul_output_0	/encoder/blocks.0/mlp/1/Mul_1_output_0	onnx::MatMul_783	1500	1536	384	3	512	8	3.070468	1769472000	0.5762873933224513	1.430511474609375e-06	5.2007781192742186e-08	2.682209014892578e-07	True	True	True	/root/afonso/zephyr-u-mode/zephyr-emlearn-silicon-v2/erbium-amp-probe/whisper-real/opt10_mlp2_tr512_ah8_20260504-113258	/home/afonso/zephyr/local-artifacts/erbium_amp_probe/whisper-real/phase0/runs/opt10_mlp2_tr512_ah8_20260504-113258
20260504-113410	opt10_qkv_tr256_ah16	_v_649	/encoder/blocks.0/attn_ln/LayerNormalization_output_0	_v_648	1500	384	1152	6	256	16	1.710595	1327104000	0.7758142634580365	6.67572021484375e-06	2.188643009048974e-07	1.430511474609375e-06	True	True	True	/root/afonso/zephyr-u-mode/zephyr-emlearn-silicon-v2/erbium-amp-probe/whisper-real/opt10_qkv_tr256_ah16_20260504-113410	/home/afonso/zephyr/local-artifacts/erbium_amp_probe/whisper-real/phase0/runs/opt10_qkv_tr256_ah16_20260504-113410
20260504-113628	opt10_scoreh0_tr256_ah16	/encoder/blocks.0/attn/MatMul_output_0	/encoder/blocks.0/attn/Mul_output_0	/encoder/blocks.0/attn/Mul_1_output_0	1500	64	1500	6	256	16	0.9572639999999999	288000000	0.3008574437145866	7.62939453125e-06	4.467678706987499e-07	1.9073486328125e-06	True	True	True	/root/afonso/zephyr-u-mode/zephyr-emlearn-silicon-v2/erbium-amp-probe/whisper-real/opt10_scoreh0_tr256_ah16_20260504-113628	/home/afonso/zephyr/local-artifacts/erbium_amp_probe/whisper-real/phase0/runs/opt10_scoreh0_tr256_ah16_20260504-113628
20260504-113946	opt10_scoreh0_tr512_ah16	/encoder/blocks.0/attn/MatMul_output_0	/encoder/blocks.0/attn/Mul_output_0	/encoder/blocks.0/attn/Mul_1_output_0	1500	64	1500	3	512	16	0.9478139999999999	288000000	0.3038570858839393	7.62939453125e-06	4.467678706987499e-07	1.9073486328125e-06	True	True	True	/root/afonso/zephyr-u-mode/zephyr-emlearn-silicon-v2/erbium-amp-probe/whisper-real/opt10_scoreh0_tr512_ah16_20260504-113946	/home/afonso/zephyr/local-artifacts/erbium_amp_probe/whisper-real/phase0/runs/opt10_scoreh0_tr512_ah16_20260504-113946
20260504-114407	opt10_valueh0_tr256_ah16	/encoder/blocks.0/attn/MatMul_1_output_0	/encoder/blocks.0/attn/Softmax_output_0	/encoder/blocks.0/attn/Transpose_2_output_0	1500	1504	64	6	256	16	0.27039480000000005	288768000	1.0679495315738319	4.291534423828125e-06	1.789141634844782e-07	1.1920928955078125e-06	True	True	True	/root/afonso/zephyr-u-mode/zephyr-emlearn-silicon-v2/erbium-amp-probe/whisper-real/opt10_valueh0_tr256_ah16_20260504-114407	/home/afonso/zephyr/local-artifacts/erbium_amp_probe/whisper-real/phase0/runs/opt10_valueh0_tr256_ah16_20260504-114407
20260504-114621	opt100_i001_mlp2_tr768_ah16	/encoder/blocks.0/mlp/2/MatMul_output_0	/encoder/blocks.0/mlp/1/Mul_1_output_0	onnx::MatMul_783	1500	1536	384	2	768	16	1.6323159999999999	1769472000	1.0840253970432197	1.430511474609375e-06	5.2007781192742186e-08	2.682209014892578e-07	True	True	True	/root/afonso/zephyr-u-mode/zephyr-emlearn-silicon-v2/erbium-amp-probe/whisper-real/opt100_i001_mlp2_tr768_ah16_20260504-114621	/home/afonso/zephyr/local-artifacts/erbium_amp_probe/whisper-real/phase0/runs/opt100_i001_mlp2_tr768_ah16_20260504-114621
20260504-114736	opt100_i002_mlp2_tr1024_ah16	/encoder/blocks.0/mlp/2/MatMul_output_0	/encoder/blocks.0/mlp/1/Mul_1_output_0	onnx::MatMul_783	1500	1536	384	2	1024	16	1.703995	1769472000	1.0384255822346897	1.430511474609375e-06	5.2007781192742186e-08	2.682209014892578e-07	True	True	True	/root/afonso/zephyr-u-mode/zephyr-emlearn-silicon-v2/erbium-amp-probe/whisper-real/opt100_i002_mlp2_tr1024_ah16_20260504-114736	/home/afonso/zephyr/local-artifacts/erbium_amp_probe/whisper-real/phase0/runs/opt100_i002_mlp2_tr1024_ah16_20260504-114736
20260504-114850	opt100_i003_mlp2_tr1280_ah16	/encoder/blocks.0/mlp/2/MatMul_output_0	/encoder/blocks.0/mlp/1/Mul_1_output_0	onnx::MatMul_783	1500	1536	384	2	1280	16	1.626899	1769472000	1.0876348193710856	1.430511474609375e-06	5.2007781192742186e-08	2.682209014892578e-07	True	True	True	/root/afonso/zephyr-u-mode/zephyr-emlearn-silicon-v2/erbium-amp-probe/whisper-real/opt100_i003_mlp2_tr1280_ah16_20260504-114850	/home/afonso/zephyr/local-artifacts/erbium_amp_probe/whisper-real/phase0/runs/opt100_i003_mlp2_tr1280_ah16_20260504-114850
20260504-114958	opt100_i004_mlp2_tr1500_ah16	/encoder/blocks.0/mlp/2/MatMul_output_0	/encoder/blocks.0/mlp/1/Mul_1_output_0	onnx::MatMul_783	1500	1536	384	1	1500	16	1.66852	1769472000	1.0605039196413588	1.430511474609375e-06	5.2007781192742186e-08	2.682209014892578e-07	True	True	True	/root/afonso/zephyr-u-mode/zephyr-emlearn-silicon-v2/erbium-amp-probe/whisper-real/opt100_i004_mlp2_tr1500_ah16_20260504-114958	/home/afonso/zephyr/local-artifacts/erbium_amp_probe/whisper-real/phase0/runs/opt100_i004_mlp2_tr1500_ah16_20260504-114958
20260504-115101	opt100_i005_mlp0_tr512_ah16	/encoder/blocks.0/mlp/0/MatMul_output_0	/encoder/blocks.0/mlp_ln/LayerNormalization_output_0	onnx::MatMul_780	1500	384	1536	3	512	16	2.234709	1769472000	0.7918131622506555	3.814697265625e-06	1.3349009009289148e-07	5.960464477539062e-07	True	True	True	/root/afonso/zephyr-u-mode/zephyr-emlearn-silicon-v2/erbium-amp-probe/whisper-real/opt100_i005_mlp0_tr512_ah16_20260504-115101	/home/afonso/zephyr/local-artifacts/erbium_amp_probe/whisper-real/phase0/runs/opt100_i005_mlp0_tr512_ah16_20260504-115101
20260504-115414	opt100_i006_mlp0_tr768_ah16	/encoder/blocks.0/mlp/0/MatMul_output_0	/encoder/blocks.0/mlp_ln/LayerNormalization_output_0	onnx::MatMul_780	1500	384	1536	2	768	16	2.20396	1769472000	0.8028603059946642	3.814697265625e-06	1.3349009009289148e-07	5.960464477539062e-07	True	True	True	/root/afonso/zephyr-u-mode/zephyr-emlearn-silicon-v2/erbium-amp-probe/whisper-real/opt100_i006_mlp0_tr768_ah16_20260504-115414	/home/afonso/zephyr/local-artifacts/erbium_amp_probe/whisper-real/phase0/runs/opt100_i006_mlp0_tr768_ah16_20260504-115414
20260504-115711	opt100_i007_mlp0_tr1024_ah16	/encoder/blocks.0/mlp/0/MatMul_output_0	/encoder/blocks.0/mlp_ln/LayerNormalization_output_0	onnx::MatMul_780	1500	384	1536	2	1024	16	2.198593	1769472000	0.8048201736292258	3.814697265625e-06	1.3349009009289148e-07	5.960464477539062e-07	True	True	True	/root/afonso/zephyr-u-mode/zephyr-emlearn-silicon-v2/erbium-amp-probe/whisper-real/opt100_i007_mlp0_tr1024_ah16_20260504-115711	/home/afonso/zephyr/local-artifacts/erbium_amp_probe/whisper-real/phase0/runs/opt100_i007_mlp0_tr1024_ah16_20260504-115711
20260504-120008	opt100_i008_qkv_tr512_ah16	_v_649	/encoder/blocks.0/attn_ln/LayerNormalization_output_0	_v_648	1500	384	1152	3	512	16	1.671541	1327104000	0.7939404417839587	6.67572021484375e-06	2.188643009048974e-07	1.430511474609375e-06	True	True	True	/root/afonso/zephyr-u-mode/zephyr-emlearn-silicon-v2/erbium-amp-probe/whisper-real/opt100_i008_qkv_tr512_ah16_20260504-120008	/home/afonso/zephyr/local-artifacts/erbium_amp_probe/whisper-real/phase0/runs/opt100_i008_qkv_tr512_ah16_20260504-120008
20260504-120244	opt100_i009_qkv_tr768_ah16	_v_649	/encoder/blocks.0/attn_ln/LayerNormalization_output_0	_v_648	1500	384	1152	2	768	16	1.658792	1327104000	0.8000424405229829	6.67572021484375e-06	2.188643009048974e-07	1.430511474609375e-06	True	True	True	/root/afonso/zephyr-u-mode/zephyr-emlearn-silicon-v2/erbium-amp-probe/whisper-real/opt100_i009_qkv_tr768_ah16_20260504-120244	/home/afonso/zephyr/local-artifacts/erbium_amp_probe/whisper-real/phase0/runs/opt100_i009_qkv_tr768_ah16_20260504-120244
20260504-120513	opt100_i010_qkv_tr1024_ah16	_v_649	/encoder/blocks.0/attn_ln/LayerNormalization_output_0	_v_648	1500	384	1152	2	1024	16	1.6492749999999998	1327104000	0.8046590168407332	6.67572021484375e-06	2.188643009048974e-07	1.430511474609375e-06	True	True	True	/root/afonso/zephyr-u-mode/zephyr-emlearn-silicon-v2/erbium-amp-probe/whisper-real/opt100_i010_qkv_tr1024_ah16_20260504-120513	/home/afonso/zephyr/local-artifacts/erbium_amp_probe/whisper-real/phase0/runs/opt100_i010_qkv_tr1024_ah16_20260504-120513
20260504-120746	opt100_i011_qkv_tr1280_ah16	_v_649	/encoder/blocks.0/attn_ln/LayerNormalization_output_0	_v_648	1500	384	1152	2	1280	16	1.658353	1327104000	0.800254228140812	6.67572021484375e-06	2.188643009048974e-07	1.430511474609375e-06	True	True	True	/root/afonso/zephyr-u-mode/zephyr-emlearn-silicon-v2/erbium-amp-probe/whisper-real/opt100_i011_qkv_tr1280_ah16_20260504-120746	/home/afonso/zephyr/local-artifacts/erbium_amp_probe/whisper-real/phase0/runs/opt100_i011_qkv_tr1280_ah16_20260504-120746
20260504-121008	opt100_i012_scoreh0_tr768_ah16	/encoder/blocks.0/attn/MatMul_output_0	/encoder/blocks.0/attn/Mul_output_0	/encoder/blocks.0/attn/Mul_1_output_0	1500	64	1500	2	768	16	0.9502459999999999	288000000	0.30307941312039205	7.62939453125e-06	4.467678706987499e-07	1.9073486328125e-06	True	True	True	/root/afonso/zephyr-u-mode/zephyr-emlearn-silicon-v2/erbium-amp-probe/whisper-real/opt100_i012_scoreh0_tr768_ah16_20260504-121008	/home/afonso/zephyr/local-artifacts/erbium_amp_probe/whisper-real/phase0/runs/opt100_i012_scoreh0_tr768_ah16_20260504-121008
20260504-121315	opt100_i013_scoreh0_tr1024_ah16	/encoder/blocks.0/attn/MatMul_output_0	/encoder/blocks.0/attn/Mul_output_0	/encoder/blocks.0/attn/Mul_1_output_0	1500	64	1500	2	1024	16	0.934652	288000000	0.30813607631503487	7.62939453125e-06	4.467678706987499e-07	1.9073486328125e-06	True	True	True	/root/afonso/zephyr-u-mode/zephyr-emlearn-silicon-v2/erbium-amp-probe/whisper-real/opt100_i013_scoreh0_tr1024_ah16_20260504-121315	/home/afonso/zephyr/local-artifacts/erbium_amp_probe/whisper-real/phase0/runs/opt100_i013_scoreh0_tr1024_ah16_20260504-121315
20260504-121607	opt100_i014_scoreh0_tr1280_ah16	/encoder/blocks.0/attn/MatMul_output_0	/encoder/blocks.0/attn/Mul_output_0	/encoder/blocks.0/attn/Mul_1_output_0	1500	64	1500	2	1280	16	0.972627	288000000	0.29610529010607356	7.62939453125e-06	4.467678706987499e-07	1.9073486328125e-06	True	True	True	/root/afonso/zephyr-u-mode/zephyr-emlearn-silicon-v2/erbium-amp-probe/whisper-real/opt100_i014_scoreh0_tr1280_ah16_20260504-121607	/home/afonso/zephyr/local-artifacts/erbium_amp_probe/whisper-real/phase0/runs/opt100_i014_scoreh0_tr1280_ah16_20260504-121607
20260504-121904	opt100_i015_valueh0_tr512_ah16	/encoder/blocks.0/attn/MatMul_1_output_0	/encoder/blocks.0/attn/Softmax_output_0	/encoder/blocks.0/attn/Transpose_2_output_0	1500	1504	64	3	512	16	0.2618666	288768000	1.1027294049718444	4.291534423828125e-06	1.789141634844782e-07	1.1920928955078125e-06	True	True	True	/root/afonso/zephyr-u-mode/zephyr-emlearn-silicon-v2/erbium-amp-probe/whisper-real/opt100_i015_valueh0_tr512_ah16_20260504-121904	/home/afonso/zephyr/local-artifacts/erbium_amp_probe/whisper-real/phase0/runs/opt100_i015_valueh0_tr512_ah16_20260504-121904
20260504-121941	opt100_i016_valueh0_tr768_ah16	/encoder/blocks.0/attn/MatMul_1_output_0	/encoder/blocks.0/attn/Softmax_output_0	/encoder/blocks.0/attn/Transpose_2_output_0	1500	1504	64	2	768	16	0.268014	288768000	1.0774362533300499	4.291534423828125e-06	1.789141634844782e-07	1.1920928955078125e-06	True	True	True	/root/afonso/zephyr-u-mode/zephyr-emlearn-silicon-v2/erbium-amp-probe/whisper-real/opt100_i016_valueh0_tr768_ah16_20260504-121941	/home/afonso/zephyr/local-artifacts/erbium_amp_probe/whisper-real/phase0/runs/opt100_i016_valueh0_tr768_ah16_20260504-121941
20260504-122014	opt100_i017_valueh0_tr1024_ah16	/encoder/blocks.0/attn/MatMul_1_output_0	/encoder/blocks.0/attn/Softmax_output_0	/encoder/blocks.0/attn/Transpose_2_output_0	1500	1504	64	2	1024	16	0.2644756	288768000	1.0918511953465653	4.291534423828125e-06	1.789141634844782e-07	1.1920928955078125e-06	True	True	True	/root/afonso/zephyr-u-mode/zephyr-emlearn-silicon-v2/erbium-amp-probe/whisper-real/opt100_i017_valueh0_tr1024_ah16_20260504-122014	/home/afonso/zephyr/local-artifacts/erbium_amp_probe/whisper-real/phase0/runs/opt100_i017_valueh0_tr1024_ah16_20260504-122014
20260504-122049	opt100_i018_valueh0_tr1280_ah16	/encoder/blocks.0/attn/MatMul_1_output_0	/encoder/blocks.0/attn/Softmax_output_0	/encoder/blocks.0/attn/Transpose_2_output_0	1500	1504	64	2	1280	16	0.2965379	288768000	0.9737979529766684	4.291534423828125e-06	1.789141634844782e-07	1.1920928955078125e-06	True	True	True	/root/afonso/zephyr-u-mode/zephyr-emlearn-silicon-v2/erbium-amp-probe/whisper-real/opt100_i018_valueh0_tr1280_ah16_20260504-122049	/home/afonso/zephyr/local-artifacts/erbium_amp_probe/whisper-real/phase0/runs/opt100_i018_valueh0_tr1280_ah16_20260504-122049
20260504-122127	opt100_i019_valueh0_tr1500_ah16	/encoder/blocks.0/attn/MatMul_1_output_0	/encoder/blocks.0/attn/Softmax_output_0	/encoder/blocks.0/attn/Transpose_2_output_0	1500	1504	64	1	1500	16	0.266552	288768000	1.0833458387106454	4.291534423828125e-06	1.789141634844782e-07	1.1920928955078125e-06	True	True	True	/root/afonso/zephyr-u-mode/zephyr-emlearn-silicon-v2/erbium-amp-probe/whisper-real/opt100_i019_valueh0_tr1500_ah16_20260504-122127	/home/afonso/zephyr/local-artifacts/erbium_amp_probe/whisper-real/phase0/runs/opt100_i019_valueh0_tr1500_ah16_20260504-122127
20260504-122322	opt_struct_dot4_valueh0_tr512_ah16	/encoder/blocks.0/attn/MatMul_1_output_0	/encoder/blocks.0/attn/Softmax_output_0	/encoder/blocks.0/attn/Transpose_2_output_0	1500	1504	64	3	512	16	0.2955024	288768000	0.9772103373779706	4.291534423828125e-06	1.789141634844782e-07	1.1920928955078125e-06	True	True	True	/root/afonso/zephyr-u-mode/zephyr-emlearn-silicon-v2/erbium-amp-probe/whisper-real/opt_struct_dot4_valueh0_tr512_ah16_20260504-122322	/home/afonso/zephyr/local-artifacts/erbium_amp_probe/whisper-real/phase0/runs/opt_struct_dot4_valueh0_tr512_ah16_20260504-122322
20260504-122410	opt_struct_dot4_scoreh0_tr1024_ah16	/encoder/blocks.0/attn/MatMul_output_0	/encoder/blocks.0/attn/Mul_output_0	/encoder/blocks.0/attn/Mul_1_output_0	1500	64	1500	2	1024	16	0.97339	288000000	0.2958731854652297	7.62939453125e-06	4.467678706987499e-07	1.9073486328125e-06	True	True	True	/root/afonso/zephyr-u-mode/zephyr-emlearn-silicon-v2/erbium-amp-probe/whisper-real/opt_struct_dot4_scoreh0_tr1024_ah16_20260504-122410	/home/afonso/zephyr/local-artifacts/erbium_amp_probe/whisper-real/phase0/runs/opt_struct_dot4_scoreh0_tr1024_ah16_20260504-122410
20260504-122728	opt100_i020_mlp2_align_tr1280_ah16	/encoder/blocks.0/mlp/2/MatMul_output_0	/encoder/blocks.0/mlp/1/Mul_1_output_0	onnx::MatMul_783	1500	1536	384	2	1280	16	1.6814049999999998	1769472000	1.0523770299243789	1.430511474609375e-06	5.2007781192742186e-08	2.682209014892578e-07	True	True	True	/root/afonso/zephyr-u-mode/zephyr-emlearn-silicon-v2/erbium-amp-probe/whisper-real/opt100_i020_mlp2_align_tr1280_ah16_20260504-122728	/home/afonso/zephyr/local-artifacts/erbium_amp_probe/whisper-real/phase0/runs/opt100_i020_mlp2_align_tr1280_ah16_20260504-122728
20260504-122833	opt100_i021_mlp2_novec_tr1280_ah16	/encoder/blocks.0/mlp/2/MatMul_output_0	/encoder/blocks.0/mlp/1/Mul_1_output_0	onnx::MatMul_783	1500	1536	384	2	1280	16	1.857434	1769472000	0.9526432702319436	1.430511474609375e-06	5.2007781192742186e-08	2.682209014892578e-07	True	True	True	/root/afonso/zephyr-u-mode/zephyr-emlearn-silicon-v2/erbium-amp-probe/whisper-real/opt100_i021_mlp2_novec_tr1280_ah16_20260504-122833	/home/afonso/zephyr/local-artifacts/erbium_amp_probe/whisper-real/phase0/runs/opt100_i021_mlp2_novec_tr1280_ah16_20260504-122833
20260504-122948	opt100_i022_mlp2_align_novec_tr1280_ah16	/encoder/blocks.0/mlp/2/MatMul_output_0	/encoder/blocks.0/mlp/1/Mul_1_output_0	onnx::MatMul_783	1500	1536	384	2	1280	16	1.856398	1769472000	0.9531749118454125	1.430511474609375e-06	5.2007781192742186e-08	2.682209014892578e-07	True	True	True	/root/afonso/zephyr-u-mode/zephyr-emlearn-silicon-v2/erbium-amp-probe/whisper-real/opt100_i022_mlp2_align_novec_tr1280_ah16_20260504-122948	/home/afonso/zephyr/local-artifacts/erbium_amp_probe/whisper-real/phase0/runs/opt100_i022_mlp2_align_novec_tr1280_ah16_20260504-122948
20260504-123100	opt100_i023_mlp2_ofast_align_novec_tr1280_ah16	/encoder/blocks.0/mlp/2/MatMul_output_0	/encoder/blocks.0/mlp/1/Mul_1_output_0	onnx::MatMul_783	1500	1536	384	2	1280	16	1.7611700000000001	1769472000	1.004713911774559	1.430511474609375e-06	5.2007781192742186e-08	2.682209014892578e-07	True	True	True	/root/afonso/zephyr-u-mode/zephyr-emlearn-silicon-v2/erbium-amp-probe/whisper-real/opt100_i023_mlp2_ofast_align_novec_tr1280_ah16_20260504-123100	/home/afonso/zephyr/local-artifacts/erbium_amp_probe/whisper-real/phase0/runs/opt100_i023_mlp2_ofast_align_novec_tr1280_ah16_20260504-123100
20260504-123206	opt100_i024_valueh0_align_novec_tr512_ah16	/encoder/blocks.0/attn/MatMul_1_output_0	/encoder/blocks.0/attn/Softmax_output_0	/encoder/blocks.0/attn/Transpose_2_output_0	1500	1504	64	3	512	16	0.40253700000000003	288768000	0.7173700802659133	4.291534423828125e-06	1.789141634844782e-07	1.1920928955078125e-06	True	True	True	/root/afonso/zephyr-u-mode/zephyr-emlearn-silicon-v2/erbium-amp-probe/whisper-real/opt100_i024_valueh0_align_novec_tr512_ah16_20260504-123206	/home/afonso/zephyr/local-artifacts/erbium_amp_probe/whisper-real/phase0/runs/opt100_i024_valueh0_align_novec_tr512_ah16_20260504-123206
20260504-123237	opt100_i025_qkv_align_novec_tr1024_ah16	_v_649	/encoder/blocks.0/attn_ln/LayerNormalization_output_0	_v_648	1500	384	1152	2	1024	16	1.828167	1327104000	0.7259205532098544	6.67572021484375e-06	2.188643009048974e-07	1.430511474609375e-06	True	True	True	/root/afonso/zephyr-u-mode/zephyr-emlearn-silicon-v2/erbium-amp-probe/whisper-real/opt100_i025_qkv_align_novec_tr1024_ah16_20260504-123237	/home/afonso/zephyr/local-artifacts/erbium_amp_probe/whisper-real/phase0/runs/opt100_i025_qkv_align_novec_tr1024_ah16_20260504-123237
20260504-123501	opt100_i026_scoreh0_align_novec_tr1024_ah16	/encoder/blocks.0/attn/MatMul_output_0	/encoder/blocks.0/attn/Mul_output_0	/encoder/blocks.0/attn/Mul_1_output_0	1500	64	1500	2	1024	16	1.070583	288000000	0.26901230451071984	7.62939453125e-06	4.467678706987499e-07	1.9073486328125e-06	True	True	True	/root/afonso/zephyr-u-mode/zephyr-emlearn-silicon-v2/erbium-amp-probe/whisper-real/opt100_i026_scoreh0_align_novec_tr1024_ah16_20260504-123501	/home/afonso/zephyr/local-artifacts/erbium_amp_probe/whisper-real/phase0/runs/opt100_i026_scoreh0_align_novec_tr1024_ah16_20260504-123501
20260504-123736	opt100_i027_mlp0_align_novec_tr1024_ah16	/encoder/blocks.0/mlp/0/MatMul_output_0	/encoder/blocks.0/mlp_ln/LayerNormalization_output_0	onnx::MatMul_780	1500	384	1536	2	1024	16	2.409093	1769472000	0.7344971738326416	3.814697265625e-06	1.3349009009289148e-07	5.960464477539062e-07	True	True	True	/root/afonso/zephyr-u-mode/zephyr-emlearn-silicon-v2/erbium-amp-probe/whisper-real/opt100_i027_mlp0_align_novec_tr1024_ah16_20260504-123736	/home/afonso/zephyr/local-artifacts/erbium_amp_probe/whisper-real/phase0/runs/opt100_i027_mlp0_align_novec_tr1024_ah16_20260504-123736
20260504-124137	opt_struct_fullk_valueh0_tr512_ah16	/encoder/blocks.0/attn/MatMul_1_output_0	/encoder/blocks.0/attn/Softmax_output_0	/encoder/blocks.0/attn/Transpose_2_output_0	1500	1504	64	3	512	16	0.2254701	288768000	1.2807374458963738	3.337860107421875e-06	1.6781385170361318e-07	1.0728836059570312e-06	True	True	True	/root/afonso/zephyr-u-mode/zephyr-emlearn-silicon-v2/erbium-amp-probe/whisper-real/opt_struct_fullk_valueh0_tr512_ah16_20260504-124137	/home/afonso/zephyr/local-artifacts/erbium_amp_probe/whisper-real/phase0/runs/opt_struct_fullk_valueh0_tr512_ah16_20260504-124137
20260504-124232	opt100_i028_mlp2_fullk_tr1280_ah16	/encoder/blocks.0/mlp/2/MatMul_output_0	/encoder/blocks.0/mlp/1/Mul_1_output_0	onnx::MatMul_783	1500	1536	384	2	1280	16	1.389616	1769472000	1.2733532141253412	1.0728836059570312e-06	4.855572655060314e-08	2.384185791015625e-07	True	True	True	/root/afonso/zephyr-u-mode/zephyr-emlearn-silicon-v2/erbium-amp-probe/whisper-real/opt100_i028_mlp2_fullk_tr1280_ah16_20260504-124232	/home/afonso/zephyr/local-artifacts/erbium_amp_probe/whisper-real/phase0/runs/opt100_i028_mlp2_fullk_tr1280_ah16_20260504-124232
20260504-124334	opt100_i029_mlp0_fullk_tr1024_ah16	/encoder/blocks.0/mlp/0/MatMul_output_0	/encoder/blocks.0/mlp_ln/LayerNormalization_output_0	onnx::MatMul_780	1500	384	1536	2	1024	16	1.971431	1769472000	0.8975571551832147	3.0994415283203125e-06	1.3695044742689788e-07	5.960464477539062e-07	True	True	True	/root/afonso/zephyr-u-mode/zephyr-emlearn-silicon-v2/erbium-amp-probe/whisper-real/opt100_i029_mlp0_fullk_tr1024_ah16_20260504-124334	/home/afonso/zephyr/local-artifacts/erbium_amp_probe/whisper-real/phase0/runs/opt100_i029_mlp0_fullk_tr1024_ah16_20260504-124334
20260504-124635	opt100_i030_qkv_fullk_tr1024_ah16	_v_649	/encoder/blocks.0/attn_ln/LayerNormalization_output_0	_v_648	1500	384	1152	2	1024	16	1.4857440000000002	1327104000	0.8932252124188285	6.198883056640625e-06	2.2147560230223462e-07	1.430511474609375e-06	True	True	True	/root/afonso/zephyr-u-mode/zephyr-emlearn-silicon-v2/erbium-amp-probe/whisper-real/opt100_i030_qkv_fullk_tr1024_ah16_20260504-124635	/home/afonso/zephyr/local-artifacts/erbium_amp_probe/whisper-real/phase0/runs/opt100_i030_qkv_fullk_tr1024_ah16_20260504-124635
20260504-124842	opt100_i031_scoreh0_fullk_tr1024_ah16	/encoder/blocks.0/attn/MatMul_output_0	/encoder/blocks.0/attn/Mul_output_0	/encoder/blocks.0/attn/Mul_1_output_0	1500	64	1500	2	1024	16	0.942195	288000000	0.3056692086033146	7.62939453125e-06	4.498098178373766e-07	1.9073486328125e-06	True	True	True	/root/afonso/zephyr-u-mode/zephyr-emlearn-silicon-v2/erbium-amp-probe/whisper-real/opt100_i031_scoreh0_fullk_tr1024_ah16_20260504-124842	/home/afonso/zephyr/local-artifacts/erbium_amp_probe/whisper-real/phase0/runs/opt100_i031_scoreh0_fullk_tr1024_ah16_20260504-124842
20260504-125149	opt100_i032_mlp2_fullk_tr512_ah16	/encoder/blocks.0/mlp/2/MatMul_output_0	/encoder/blocks.0/mlp/1/Mul_1_output_0	onnx::MatMul_783	1500	1536	384	3	512	16	1.438223	1769472000	1.2303182468921718	1.0728836059570312e-06	4.855572655060314e-08	2.384185791015625e-07	True	True	True	/root/afonso/zephyr-u-mode/zephyr-emlearn-silicon-v2/erbium-amp-probe/whisper-real/opt100_i032_mlp2_fullk_tr512_ah16_20260504-125149	/home/afonso/zephyr/local-artifacts/erbium_amp_probe/whisper-real/phase0/runs/opt100_i032_mlp2_fullk_tr512_ah16_20260504-125149
20260504-125302	opt100_i033_mlp2_fullk_tr768_ah16	/encoder/blocks.0/mlp/2/MatMul_output_0	/encoder/blocks.0/mlp/1/Mul_1_output_0	onnx::MatMul_783	1500	1536	384	2	768	16	1.387407	1769472000	1.2753806201064286	1.0728836059570312e-06	4.855572655060314e-08	2.384185791015625e-07	True	True	True	/root/afonso/zephyr-u-mode/zephyr-emlearn-silicon-v2/erbium-amp-probe/whisper-real/opt100_i033_mlp2_fullk_tr768_ah16_20260504-125302	/home/afonso/zephyr/local-artifacts/erbium_amp_probe/whisper-real/phase0/runs/opt100_i033_mlp2_fullk_tr768_ah16_20260504-125302
20260504-125437	opt100_i034_mlp2_fullk_tr1024_ah16	/encoder/blocks.0/mlp/2/MatMul_output_0	/encoder/blocks.0/mlp/1/Mul_1_output_0	onnx::MatMul_783	1500	1536	384	2	1024	16	1.457895	1769472000	1.2137170372351918	1.0728836059570312e-06	4.855572655060314e-08	2.384185791015625e-07	True	True	True	/root/afonso/zephyr-u-mode/zephyr-emlearn-silicon-v2/erbium-amp-probe/whisper-real/opt100_i034_mlp2_fullk_tr1024_ah16_20260504-125437	/home/afonso/zephyr/local-artifacts/erbium_amp_probe/whisper-real/phase0/runs/opt100_i034_mlp2_fullk_tr1024_ah16_20260504-125437
20260504-125601	opt100_i035_mlp2_fullk_tr1500_ah16	/encoder/blocks.0/mlp/2/MatMul_output_0	/encoder/blocks.0/mlp/1/Mul_1_output_0	onnx::MatMul_783	1500	1536	384	1	1500	16	1.39753	1769472000	1.2661424083919488	1.0728836059570312e-06	4.855572655060314e-08	2.384185791015625e-07	True	True	True	/root/afonso/zephyr-u-mode/zephyr-emlearn-silicon-v2/erbium-amp-probe/whisper-real/opt100_i035_mlp2_fullk_tr1500_ah16_20260504-125601	/home/afonso/zephyr/local-artifacts/erbium_amp_probe/whisper-real/phase0/runs/opt100_i035_mlp2_fullk_tr1500_ah16_20260504-125601
20260504-125721	opt100_i036_valueh0_fullk_tr256_ah16	/encoder/blocks.0/attn/MatMul_1_output_0	/encoder/blocks.0/attn/Softmax_output_0	/encoder/blocks.0/attn/Transpose_2_output_0	1500	1504	64	6	256	16	0.23215180000000002	288768000	1.2438757743855529	3.337860107421875e-06	1.6781385170361318e-07	1.0728836059570312e-06	True	True	True	/root/afonso/zephyr-u-mode/zephyr-emlearn-silicon-v2/erbium-amp-probe/whisper-real/opt100_i036_valueh0_fullk_tr256_ah16_20260504-125721	/home/afonso/zephyr/local-artifacts/erbium_amp_probe/whisper-real/phase0/runs/opt100_i036_valueh0_fullk_tr256_ah16_20260504-125721
20260504-125804	opt100_i037_valueh0_fullk_tr768_ah16	/encoder/blocks.0/attn/MatMul_1_output_0	/encoder/blocks.0/attn/Softmax_output_0	/encoder/blocks.0/attn/Transpose_2_output_0	1500	1504	64	2	768	16	0.231819	288768000	1.245661485900638	3.337860107421875e-06	1.6781385170361318e-07	1.0728836059570312e-06	True	True	True	/root/afonso/zephyr-u-mode/zephyr-emlearn-silicon-v2/erbium-amp-probe/whisper-real/opt100_i037_valueh0_fullk_tr768_ah16_20260504-125804	/home/afonso/zephyr/local-artifacts/erbium_amp_probe/whisper-real/phase0/runs/opt100_i037_valueh0_fullk_tr768_ah16_20260504-125804
20260504-125921	opt100_i038_valueh0_fullk_tr1024_ah16	/encoder/blocks.0/attn/MatMul_1_output_0	/encoder/blocks.0/attn/Softmax_output_0	/encoder/blocks.0/attn/Transpose_2_output_0	1500	1504	64	2	1024	16	0.22924450000000002	288768000	1.2596507222637836	3.337860107421875e-06	1.6781385170361318e-07	1.0728836059570312e-06	True	True	True	/root/afonso/zephyr-u-mode/zephyr-emlearn-silicon-v2/erbium-amp-probe/whisper-real/opt100_i038_valueh0_fullk_tr1024_ah16_20260504-125921	/home/afonso/zephyr/local-artifacts/erbium_amp_probe/whisper-real/phase0/runs/opt100_i038_valueh0_fullk_tr1024_ah16_20260504-125921
20260504-130012	opt100_i039_valueh0_fullk_tr1280_ah16	/encoder/blocks.0/attn/MatMul_1_output_0	/encoder/blocks.0/attn/Softmax_output_0	/encoder/blocks.0/attn/Transpose_2_output_0	1500	1504	64	2	1280	16	0.22725479999999998	288768000	1.2706794311935328	3.337860107421875e-06	1.6781385170361318e-07	1.0728836059570312e-06	True	True	True	/root/afonso/zephyr-u-mode/zephyr-emlearn-silicon-v2/erbium-amp-probe/whisper-real/opt100_i039_valueh0_fullk_tr1280_ah16_20260504-130012	/home/afonso/zephyr/local-artifacts/erbium_amp_probe/whisper-real/phase0/runs/opt100_i039_valueh0_fullk_tr1280_ah16_20260504-130012
20260504-130043	opt100_i040_valueh0_fullk_tr1500_ah16	/encoder/blocks.0/attn/MatMul_1_output_0	/encoder/blocks.0/attn/Softmax_output_0	/encoder/blocks.0/attn/Transpose_2_output_0	1500	1504	64	1	1500	16	0.229697	288768000	1.2571692272863815	3.337860107421875e-06	1.6781385170361318e-07	1.0728836059570312e-06	True	True	True	/root/afonso/zephyr-u-mode/zephyr-emlearn-silicon-v2/erbium-amp-probe/whisper-real/opt100_i040_valueh0_fullk_tr1500_ah16_20260504-130043	/home/afonso/zephyr/local-artifacts/erbium_amp_probe/whisper-real/phase0/runs/opt100_i040_valueh0_fullk_tr1500_ah16_20260504-130043
20260504-130141	opt100_i041_qkv_fullk_tr512_ah16	_v_649	/encoder/blocks.0/attn_ln/LayerNormalization_output_0	_v_648	1500	384	1152	3	512	16	1.5057369999999999	1327104000	0.8813650723864792	6.198883056640625e-06	2.2147560230223462e-07	1.430511474609375e-06	True	True	True	/root/afonso/zephyr-u-mode/zephyr-emlearn-silicon-v2/erbium-amp-probe/whisper-real/opt100_i041_qkv_fullk_tr512_ah16_20260504-130141	/home/afonso/zephyr/local-artifacts/erbium_amp_probe/whisper-real/phase0/runs/opt100_i041_qkv_fullk_tr512_ah16_20260504-130141
20260504-130431	opt100_i042_qkv_fullk_tr768_ah16	_v_649	/encoder/blocks.0/attn_ln/LayerNormalization_output_0	_v_648	1500	384	1152	2	768	16	1.483581	1327104000	0.8945274979930318	6.198883056640625e-06	2.2147560230223462e-07	1.430511474609375e-06	True	True	True	/root/afonso/zephyr-u-mode/zephyr-emlearn-silicon-v2/erbium-amp-probe/whisper-real/opt100_i042_qkv_fullk_tr768_ah16_20260504-130431	/home/afonso/zephyr/local-artifacts/erbium_amp_probe/whisper-real/phase0/runs/opt100_i042_qkv_fullk_tr768_ah16_20260504-130431
20260504-130700	opt100_i043_qkv_fullk_tr1280_ah16	_v_649	/encoder/blocks.0/attn_ln/LayerNormalization_output_0	_v_648	1500	384	1152	2	1280	16	1.475239	1327104000	0.8995857620358465	6.198883056640625e-06	2.2147560230223462e-07	1.430511474609375e-06	True	True	True	/root/afonso/zephyr-u-mode/zephyr-emlearn-silicon-v2/erbium-amp-probe/whisper-real/opt100_i043_qkv_fullk_tr1280_ah16_20260504-130700	/home/afonso/zephyr/local-artifacts/erbium_amp_probe/whisper-real/phase0/runs/opt100_i043_qkv_fullk_tr1280_ah16_20260504-130700
20260504-130947	opt100_i044_mlp0_fullk_tr512_ah16	/encoder/blocks.0/mlp/0/MatMul_output_0	/encoder/blocks.0/mlp_ln/LayerNormalization_output_0	onnx::MatMul_780	1500	384	1536	3	512	16	2.0418890000000003	1769472000	0.8665857938408991	3.0994415283203125e-06	1.3695044742689788e-07	5.960464477539062e-07	True	True	True	/root/afonso/zephyr-u-mode/zephyr-emlearn-silicon-v2/erbium-amp-probe/whisper-real/opt100_i044_mlp0_fullk_tr512_ah16_20260504-130947	/home/afonso/zephyr/local-artifacts/erbium_amp_probe/whisper-real/phase0/runs/opt100_i044_mlp0_fullk_tr512_ah16_20260504-130947
20260504-131325	opt100_i045_mlp0_fullk_tr768_ah16	/encoder/blocks.0/mlp/0/MatMul_output_0	/encoder/blocks.0/mlp_ln/LayerNormalization_output_0	onnx::MatMul_780	1500	384	1536	2	768	16	1.997555	1769472000	0.8858189136219028	3.0994415283203125e-06	1.3695044742689788e-07	5.960464477539062e-07	True	True	True	/root/afonso/zephyr-u-mode/zephyr-emlearn-silicon-v2/erbium-amp-probe/whisper-real/opt100_i045_mlp0_fullk_tr768_ah16_20260504-131325	/home/afonso/zephyr/local-artifacts/erbium_amp_probe/whisper-real/phase0/runs/opt100_i045_mlp0_fullk_tr768_ah16_20260504-131325
20260504-131649	opt100_i046_scoreh0_fullk_tr512_ah16	/encoder/blocks.0/attn/MatMul_output_0	/encoder/blocks.0/attn/Mul_output_0	/encoder/blocks.0/attn/Mul_1_output_0	1500	64	1500	3	512	16	0.9205619999999999	288000000	0.3128523662719079	7.62939453125e-06	4.498098178373766e-07	1.9073486328125e-06	True	True	True	/root/afonso/zephyr-u-mode/zephyr-emlearn-silicon-v2/erbium-amp-probe/whisper-real/opt100_i046_scoreh0_fullk_tr512_ah16_20260504-131649	/home/afonso/zephyr/local-artifacts/erbium_amp_probe/whisper-real/phase0/runs/opt100_i046_scoreh0_fullk_tr512_ah16_20260504-131649
20260504-131946	opt100_i047_scoreh0_fullk_tr768_ah16	/encoder/blocks.0/attn/MatMul_output_0	/encoder/blocks.0/attn/Mul_output_0	/encoder/blocks.0/attn/Mul_1_output_0	1500	64	1500	2	768	16	0.9292290000000001	288000000	0.3099343649412577	7.62939453125e-06	4.498098178373766e-07	1.9073486328125e-06	True	True	True	/root/afonso/zephyr-u-mode/zephyr-emlearn-silicon-v2/erbium-amp-probe/whisper-real/opt100_i047_scoreh0_fullk_tr768_ah16_20260504-131946	/home/afonso/zephyr/local-artifacts/erbium_amp_probe/whisper-real/phase0/runs/opt100_i047_scoreh0_fullk_tr768_ah16_20260504-131946
20260504-132219	opt100_i048_scoreh0_fullk_tr1280_ah16	/encoder/blocks.0/attn/MatMul_output_0	/encoder/blocks.0/attn/Mul_output_0	/encoder/blocks.0/attn/Mul_1_output_0	1500	64	1500	2	1280	16	0.91872	288000000	0.31347962382445144	7.62939453125e-06	4.498098178373766e-07	1.9073486328125e-06	True	True	True	/root/afonso/zephyr-u-mode/zephyr-emlearn-silicon-v2/erbium-amp-probe/whisper-real/opt100_i048_scoreh0_fullk_tr1280_ah16_20260504-132219	/home/afonso/zephyr/local-artifacts/erbium_amp_probe/whisper-real/phase0/runs/opt100_i048_scoreh0_fullk_tr1280_ah16_20260504-132219
20260504-132539	opt100_i004_block0_score_h1_fullk_tr1280_ah16	/encoder/blocks.0/attn/MatMul_output_0	/encoder/blocks.0/attn/Mul_output_0	/encoder/blocks.0/attn/Mul_1_output_0	1500	64	1500	2	1280	16	0.918476	288000000	0.31356290202465825	1.1444091796875e-05	4.974756393494317e-07	2.384185791015625e-06	True	True	True	/root/afonso/zephyr-u-mode/zephyr-emlearn-silicon-v2/erbium-amp-probe/whisper-real/opt100_i004_block0_score_h1_fullk_tr1280_ah16_20260504-132539	/home/afonso/zephyr/local-artifacts/erbium_amp_probe/whisper-real/phase0/runs/opt100_i004_block0_score_h1_fullk_tr1280_ah16_20260504-132539
20260504-132827	opt100_i005_block0_score_h2_fullk_tr1280_ah16	/encoder/blocks.0/attn/MatMul_output_0	/encoder/blocks.0/attn/Mul_output_0	/encoder/blocks.0/attn/Mul_1_output_0	1500	64	1500	2	1280	16	0.924469	288000000	0.31153018651788217	5.7220458984375e-06	3.4516716596044716e-07	1.430511474609375e-06	True	True	True	/root/afonso/zephyr-u-mode/zephyr-emlearn-silicon-v2/erbium-amp-probe/whisper-real/opt100_i005_block0_score_h2_fullk_tr1280_ah16_20260504-132827	/home/afonso/zephyr/local-artifacts/erbium_amp_probe/whisper-real/phase0/runs/opt100_i005_block0_score_h2_fullk_tr1280_ah16_20260504-132827
20260504-133127	opt100_i006_block0_score_h3_fullk_tr1280_ah16	/encoder/blocks.0/attn/MatMul_output_0	/encoder/blocks.0/attn/Mul_output_0	/encoder/blocks.0/attn/Mul_1_output_0	1500	64	1500	2	1280	16	0.926207	288000000	0.3109456093508255	2.384185791015625e-06	1.9812451057532598e-07	7.152557373046875e-07	True	True	True	/root/afonso/zephyr-u-mode/zephyr-emlearn-silicon-v2/erbium-amp-probe/whisper-real/opt100_i006_block0_score_h3_fullk_tr1280_ah16_20260504-133127	/home/afonso/zephyr/local-artifacts/erbium_amp_probe/whisper-real/phase0/runs/opt100_i006_block0_score_h3_fullk_tr1280_ah16_20260504-133127
20260504-133422	opt100_i007_block0_score_h4_fullk_tr1280_ah16	/encoder/blocks.0/attn/MatMul_output_0	/encoder/blocks.0/attn/Mul_output_0	/encoder/blocks.0/attn/Mul_1_output_0	1500	64	1500	2	1280	16	0.919521	288000000	0.31320654993197544	1.9073486328125e-05	1.2418363439792302e-06	5.7220458984375e-06	True	True	True	/root/afonso/zephyr-u-mode/zephyr-emlearn-silicon-v2/erbium-amp-probe/whisper-real/opt100_i007_block0_score_h4_fullk_tr1280_ah16_20260504-133422	/home/afonso/zephyr/local-artifacts/erbium_amp_probe/whisper-real/phase0/runs/opt100_i007_block0_score_h4_fullk_tr1280_ah16_20260504-133422
20260504-133726	opt100_i008_block0_score_h5_fullk_tr1280_ah16	/encoder/blocks.0/attn/MatMul_output_0	/encoder/blocks.0/attn/Mul_output_0	/encoder/blocks.0/attn/Mul_1_output_0	1500	64	1500	2	1280	16	0.917543	288000000	0.31388174723146495	4.76837158203125e-06	3.817847016307496e-07	1.9073486328125e-06	True	True	True	/root/afonso/zephyr-u-mode/zephyr-emlearn-silicon-v2/erbium-amp-probe/whisper-real/opt100_i008_block0_score_h5_fullk_tr1280_ah16_20260504-133726	/home/afonso/zephyr/local-artifacts/erbium_amp_probe/whisper-real/phase0/runs/opt100_i008_block0_score_h5_fullk_tr1280_ah16_20260504-133726
20260504-134025	opt100_i000_block0_value_h1_fullk_tr512_ah16	/encoder/blocks.0/attn/MatMul_1_output_0	/encoder/blocks.0/attn/Softmax_output_0	/encoder/blocks.0/attn/Transpose_2_output_0	1500	1504	64	3	512	16	0.22643280000000002	288768000	1.275292272144318	3.0994415283203125e-06	1.5107870865449513e-07	9.5367431640625e-07	True	True	True	/root/afonso/zephyr-u-mode/zephyr-emlearn-silicon-v2/erbium-amp-probe/whisper-real/opt100_i000_block0_value_h1_fullk_tr512_ah16_20260504-134025	/home/afonso/zephyr/local-artifacts/erbium_amp_probe/whisper-real/phase0/runs/opt100_i000_block0_value_h1_fullk_tr512_ah16_20260504-134025
20260504-134057	opt100_i001_block0_value_h2_fullk_tr512_ah16	/encoder/blocks.0/attn/MatMul_1_output_0	/encoder/blocks.0/attn/Softmax_output_0	/encoder/blocks.0/attn/Transpose_2_output_0	1500	1504	64	3	512	16	0.2255242	288768000	1.280430215471333	5.960464477539062e-07	1.6854905027230416e-08	1.7881393432617188e-07	True	True	True	/root/afonso/zephyr-u-mode/zephyr-emlearn-silicon-v2/erbium-amp-probe/whisper-real/opt100_i001_block0_value_h2_fullk_tr512_ah16_20260504-134057	/home/afonso/zephyr/local-artifacts/erbium_amp_probe/whisper-real/phase0/runs/opt100_i001_block0_value_h2_fullk_tr512_ah16_20260504-134057
20260504-134145	opt100_i002_block0_value_h3_fullk_tr512_ah16	/encoder/blocks.0/attn/MatMul_1_output_0	/encoder/blocks.0/attn/Softmax_output_0	/encoder/blocks.0/attn/Transpose_2_output_0	1500	1504	64	3	512	16	0.22577010000000003	288768000	1.2790356207487172	8.344650268554688e-07	3.3546754707458604e-08	2.384185791015625e-07	True	True	True	/root/afonso/zephyr-u-mode/zephyr-emlearn-silicon-v2/erbium-amp-probe/whisper-real/opt100_i002_block0_value_h3_fullk_tr512_ah16_20260504-134145	/home/afonso/zephyr/local-artifacts/erbium_amp_probe/whisper-real/phase0/runs/opt100_i002_block0_value_h3_fullk_tr512_ah16_20260504-134145
20260504-134212	opt100_i003_block0_value_h4_fullk_tr512_ah16	/encoder/blocks.0/attn/MatMul_1_output_0	/encoder/blocks.0/attn/Softmax_output_0	/encoder/blocks.0/attn/Transpose_2_output_0	1500	1504	64	3	512	16	0.22488989999999998	288768000	1.2840416577178433	1.9073486328125e-06	8.775773352454053e-08	4.76837158203125e-07	True	True	True	/root/afonso/zephyr-u-mode/zephyr-emlearn-silicon-v2/erbium-amp-probe/whisper-real/opt100_i003_block0_value_h4_fullk_tr512_ah16_20260504-134212	/home/afonso/zephyr/local-artifacts/erbium_amp_probe/whisper-real/phase0/runs/opt100_i003_block0_value_h4_fullk_tr512_ah16_20260504-134212
20260504-134247	opt100_i004_block0_value_h5_fullk_tr512_ah16	/encoder/blocks.0/attn/MatMul_1_output_0	/encoder/blocks.0/attn/Softmax_output_0	/encoder/blocks.0/attn/Transpose_2_output_0	1500	1504	64	3	512	16	0.2253445	288768000	1.2814512890263574	6.67572021484375e-06	7.539726709637762e-08	9.5367431640625e-07	True	True	True	/root/afonso/zephyr-u-mode/zephyr-emlearn-silicon-v2/erbium-amp-probe/whisper-real/opt100_i004_block0_value_h5_fullk_tr512_ah16_20260504-134247	/home/afonso/zephyr/local-artifacts/erbium_amp_probe/whisper-real/phase0/runs/opt100_i004_block0_value_h5_fullk_tr512_ah16_20260504-134247
20260504-134412	optfill_attnout_fullk_tr256_ah16	/encoder/blocks.0/attn/out/MatMul_output_0	/encoder/blocks.0/attn/Reshape_3_output_0	onnx::MatMul_777	1500	384	384	6	256	16	0.4916587	442368000	0.8997461043606062	2.086162567138672e-06	1.0282154505603103e-07	5.960464477539062e-07	True	True	True	/root/afonso/zephyr-u-mode/zephyr-emlearn-silicon-v2/erbium-amp-probe/whisper-real/optfill_attnout_fullk_tr256_ah16_20260504-134412	/home/afonso/zephyr/local-artifacts/erbium_amp_probe/whisper-real/phase0/runs/optfill_attnout_fullk_tr256_ah16_20260504-134412
20260504-134504	optfill_attnout_fullk_tr512_ah16	/encoder/blocks.0/attn/out/MatMul_output_0	/encoder/blocks.0/attn/Reshape_3_output_0	onnx::MatMul_777	1500	384	384	3	512	16	0.46600299999999995	442368000	0.9492814423941478	2.086162567138672e-06	1.0282154505603103e-07	5.960464477539062e-07	True	True	True	/root/afonso/zephyr-u-mode/zephyr-emlearn-silicon-v2/erbium-amp-probe/whisper-real/optfill_attnout_fullk_tr512_ah16_20260504-134504	/home/afonso/zephyr/local-artifacts/erbium_amp_probe/whisper-real/phase0/runs/optfill_attnout_fullk_tr512_ah16_20260504-134504
20260504-134604	optfill_attnout_fullk_tr768_ah16	/encoder/blocks.0/attn/out/MatMul_output_0	/encoder/blocks.0/attn/Reshape_3_output_0	onnx::MatMul_777	1500	384	384	2	768	16	0.467655	442368000	0.9459280880135997	2.086162567138672e-06	1.0282154505603103e-07	5.960464477539062e-07	True	True	True	/root/afonso/zephyr-u-mode/zephyr-emlearn-silicon-v2/erbium-amp-probe/whisper-real/optfill_attnout_fullk_tr768_ah16_20260504-134604	/home/afonso/zephyr/local-artifacts/erbium_amp_probe/whisper-real/phase0/runs/optfill_attnout_fullk_tr768_ah16_20260504-134604
20260504-134704	optfill_attnout_fullk_tr1024_ah16	/encoder/blocks.0/attn/out/MatMul_output_0	/encoder/blocks.0/attn/Reshape_3_output_0	onnx::MatMul_777	1500	384	384	2	1024	16	0.45937800000000006	442368000	0.9629716703890913	2.086162567138672e-06	1.0282154505603103e-07	5.960464477539062e-07	True	True	True	/root/afonso/zephyr-u-mode/zephyr-emlearn-silicon-v2/erbium-amp-probe/whisper-real/optfill_attnout_fullk_tr1024_ah16_20260504-134704	/home/afonso/zephyr/local-artifacts/erbium_amp_probe/whisper-real/phase0/runs/optfill_attnout_fullk_tr1024_ah16_20260504-134704
20260504-134757	optfill_attnout_fullk_tr1500_ah16	/encoder/blocks.0/attn/out/MatMul_output_0	/encoder/blocks.0/attn/Reshape_3_output_0	onnx::MatMul_777	1500	384	384	1	1500	16	0.46827	442368000	0.9446857582164137	2.086162567138672e-06	1.0282154505603103e-07	5.960464477539062e-07	True	True	True	/root/afonso/zephyr-u-mode/zephyr-emlearn-silicon-v2/erbium-amp-probe/whisper-real/optfill_attnout_fullk_tr1500_ah16_20260504-134757	/home/afonso/zephyr/local-artifacts/erbium_amp_probe/whisper-real/phase0/runs/optfill_attnout_fullk_tr1500_ah16_20260504-134757
20260504-134856	optfill_score_h1_fullk_tr512_ah16	/encoder/blocks.0/attn/MatMul_output_0	/encoder/blocks.0/attn/Mul_output_0	/encoder/blocks.0/attn/Mul_1_output_0	1500	64	1500	3	512	16	0.9211870000000001	288000000	0.3126401045607461	1.1444091796875e-05	4.974756393494317e-07	2.384185791015625e-06	True	True	True	/root/afonso/zephyr-u-mode/zephyr-emlearn-silicon-v2/erbium-amp-probe/whisper-real/optfill_score_h1_fullk_tr512_ah16_20260504-134856	/home/afonso/zephyr/local-artifacts/erbium_amp_probe/whisper-real/phase0/runs/optfill_score_h1_fullk_tr512_ah16_20260504-134856
20260504-135142	optfill_score_h2_fullk_tr512_ah16	/encoder/blocks.0/attn/MatMul_output_0	/encoder/blocks.0/attn/Mul_output_0	/encoder/blocks.0/attn/Mul_1_output_0	1500	64	1500	3	512	16	0.9316840000000001	288000000	0.30911768367815695	5.7220458984375e-06	3.4516716596044716e-07	1.430511474609375e-06	True	True	True	/root/afonso/zephyr-u-mode/zephyr-emlearn-silicon-v2/erbium-amp-probe/whisper-real/optfill_score_h2_fullk_tr512_ah16_20260504-135142	/home/afonso/zephyr/local-artifacts/erbium_amp_probe/whisper-real/phase0/runs/optfill_score_h2_fullk_tr512_ah16_20260504-135142
20260504-135447	optfill_score_h3_fullk_tr512_ah16	/encoder/blocks.0/attn/MatMul_output_0	/encoder/blocks.0/attn/Mul_output_0	/encoder/blocks.0/attn/Mul_1_output_0	1500	64	1500	3	512	16	0.928897	288000000	0.3100451395579919	2.384185791015625e-06	1.9812451057532598e-07	7.152557373046875e-07	True	True	True	/root/afonso/zephyr-u-mode/zephyr-emlearn-silicon-v2/erbium-amp-probe/whisper-real/optfill_score_h3_fullk_tr512_ah16_20260504-135447	/home/afonso/zephyr/local-artifacts/erbium_amp_probe/whisper-real/phase0/runs/optfill_score_h3_fullk_tr512_ah16_20260504-135447
20260504-135743	optfill_score_h4_fullk_tr512_ah16	/encoder/blocks.0/attn/MatMul_output_0	/encoder/blocks.0/attn/Mul_output_0	/encoder/blocks.0/attn/Mul_1_output_0	1500	64	1500	3	512	16	0.9228189999999998	288000000	0.3120872023657944	1.9073486328125e-05	1.2418363439792302e-06	5.7220458984375e-06	True	True	True	/root/afonso/zephyr-u-mode/zephyr-emlearn-silicon-v2/erbium-amp-probe/whisper-real/optfill_score_h4_fullk_tr512_ah16_20260504-135743	/home/afonso/zephyr/local-artifacts/erbium_amp_probe/whisper-real/phase0/runs/optfill_score_h4_fullk_tr512_ah16_20260504-135743
20260504-140031	optfill_score_h5_fullk_tr512_ah16	/encoder/blocks.0/attn/MatMul_output_0	/encoder/blocks.0/attn/Mul_output_0	/encoder/blocks.0/attn/Mul_1_output_0	1500	64	1500	3	512	16	0.920009	288000000	0.3130404159089748	4.76837158203125e-06	3.817847016307496e-07	1.9073486328125e-06	True	True	True	/root/afonso/zephyr-u-mode/zephyr-emlearn-silicon-v2/erbium-amp-probe/whisper-real/optfill_score_h5_fullk_tr512_ah16_20260504-140031	/home/afonso/zephyr/local-artifacts/erbium_amp_probe/whisper-real/phase0/runs/optfill_score_h5_fullk_tr512_ah16_20260504-140031
20260504-140340	optfill_value_h1_fullk_tr1280_ah16	/encoder/blocks.0/attn/MatMul_1_output_0	/encoder/blocks.0/attn/Softmax_output_0	/encoder/blocks.0/attn/Transpose_2_output_0	1500	1504	64	2	1280	16	0.22758070000000002	288768000	1.268859793471063	3.0994415283203125e-06	1.5107870865449513e-07	9.5367431640625e-07	True	True	True	/root/afonso/zephyr-u-mode/zephyr-emlearn-silicon-v2/erbium-amp-probe/whisper-real/optfill_value_h1_fullk_tr1280_ah16_20260504-140340	/home/afonso/zephyr/local-artifacts/erbium_amp_probe/whisper-real/phase0/runs/optfill_value_h1_fullk_tr1280_ah16_20260504-140340
20260504-140415	optfill_value_h2_fullk_tr1280_ah16	/encoder/blocks.0/attn/MatMul_1_output_0	/encoder/blocks.0/attn/Softmax_output_0	/encoder/blocks.0/attn/Transpose_2_output_0	1500	1504	64	2	1280	16	0.2276032	288768000	1.268734358743638	5.960464477539062e-07	1.6854905027230416e-08	1.7881393432617188e-07	True	True	True	/root/afonso/zephyr-u-mode/zephyr-emlearn-silicon-v2/erbium-amp-probe/whisper-real/optfill_value_h2_fullk_tr1280_ah16_20260504-140415	/home/afonso/zephyr/local-artifacts/erbium_amp_probe/whisper-real/phase0/runs/optfill_value_h2_fullk_tr1280_ah16_20260504-140415
20260504-140449	optfill_value_h3_fullk_tr1280_ah16	/encoder/blocks.0/attn/MatMul_1_output_0	/encoder/blocks.0/attn/Softmax_output_0	/encoder/blocks.0/attn/Transpose_2_output_0	1500	1504	64	2	1280	16	0.2262597	288768000	1.2762679345902075	8.344650268554688e-07	3.3546754707458604e-08	2.384185791015625e-07	True	True	True	/root/afonso/zephyr-u-mode/zephyr-emlearn-silicon-v2/erbium-amp-probe/whisper-real/optfill_value_h3_fullk_tr1280_ah16_20260504-140449	/home/afonso/zephyr/local-artifacts/erbium_amp_probe/whisper-real/phase0/runs/optfill_value_h3_fullk_tr1280_ah16_20260504-140449
20260505-163314	encoder_conv1_as_matmul_ah16	/encoder/conv1/Conv	audio	conv_weight	3000	256	384	24	128	16	0.7501614	589824000	0.7862627962462478	2.86102294921875e-06	1.0486932922049164e-07	8.344650268554688e-07	True	True	True	/root/afonso/zephyr-u-mode/zephyr-emlearn-silicon-v2/erbium-amp-probe/whisper-real/encoder_conv1_as_matmul_ah16_20260505-163314	/home/afonso/zephyr/local-artifacts/erbium_amp_probe/whisper-real/phase0/runs/encoder_conv1_as_matmul_ah16_20260505-163314
20260505-163513	encoder_conv2_as_matmul_ah16	/encoder/conv2/Conv	/encoder/Mul_1_output_0	conv_weight	1500	1168	384	12	128	16	1.2357565	1345536000	1.088835866936569	1.9073486328125e-06	9.827255098571186e-08	4.76837158203125e-07	True	True	True	/root/afonso/zephyr-u-mode/zephyr-emlearn-silicon-v2/erbium-amp-probe/whisper-real/encoder_conv2_as_matmul_ah16_20260505-163513	/home/afonso/zephyr/local-artifacts/erbium_amp_probe/whisper-real/phase0/runs/encoder_conv2_as_matmul_ah16_20260505-163513
