variant	wait_s	gops	valid	passes	harts	mask	blocks	output_sum	slot_sum	ops	log	dump
y100_o08_ofast_m03_skipread	0.238041	2.257574	1	4	16	0xffff	4	13107200	13107200	537395200	run_y100_o08_ofast_m03_skipread_20260502-045531.log	dump_y100_o08_ofast_m03_skipread_20260502-045531.bin
y100_o08_ofast_m08_skipread_skipfinal	0.238575	2.252521	1	4	16	0xffff	4	13107200	13107200	537395200	run_y100_o08_ofast_m08_skipread_skipfinal_20260502-045531.log	dump_y100_o08_ofast_m08_skipread_skipfinal_20260502-045531.bin
y100_o08_ofast_m00_base	0.240033	2.238839	1	4	16	0xffff	4	13107200	13107200	537395200	run_y100_o08_ofast_m00_base_20260502-045531.log	dump_y100_o08_ofast_m00_base_20260502-045531.bin
y100_o08_ofast_m01_prefw	0.241284	2.227231	1	4	16	0xffff	4	13107200	13107200	537395200	run_y100_o08_ofast_m01_prefw_20260502-045531.log	dump_y100_o08_ofast_m01_prefw_20260502-045531.bin
y100_o08_ofast_m07_boundary_prefw	0.241367	2.226465	1	4	16	0xffff	4	13107200	13107200	537395200	run_y100_o08_ofast_m07_boundary_prefw_20260502-045531.log	dump_y100_o08_ofast_m07_boundary_prefw_20260502-045531.bin
y100_o08_ofast_m09_lastout_skipfinal	0.241744	2.222993	1	4	16	0xffff	4	13107200	13107200	537395200	run_y100_o08_ofast_m09_lastout_skipfinal_20260502-045531.log	dump_y100_o08_ofast_m09_lastout_skipfinal_20260502-045531.bin
y100_o08_ofast_m02_boundary	0.242823	2.213115	1	4	16	0xffff	4	13107200	13107200	537395200	run_y100_o08_ofast_m02_boundary_20260502-045531.log	dump_y100_o08_ofast_m02_boundary_20260502-045531.bin
y100_o08_ofast_m06_boundary_skipfinal	0.242873	2.212659	1	4	16	0xffff	4	13107200	13107200	537395200	run_y100_o08_ofast_m06_boundary_skipfinal_20260502-045531.log	dump_y100_o08_ofast_m06_boundary_skipfinal_20260502-045531.bin
y100_o02_o3_unroll_m00_base	0.242979	2.211694	1	4	16	0xffff	4	13107200	13107200	537395200	run_y100_o02_o3_unroll_m00_base_20260502-045531.log	dump_y100_o02_o3_unroll_m00_base_20260502-045531.bin
y100_o08_ofast_m04_skipfinal	0.243067	2.210893	1	4	16	0xffff	4	13107200	13107200	537395200	run_y100_o08_ofast_m04_skipfinal_20260502-045531.log	dump_y100_o08_ofast_m04_skipfinal_20260502-045531.bin
y100_o02_o3_unroll_m04_skipfinal	0.243899	2.203351	1	4	16	0xffff	4	13107200	13107200	537395200	run_y100_o02_o3_unroll_m04_skipfinal_20260502-045531.log	dump_y100_o02_o3_unroll_m04_skipfinal_20260502-045531.bin
y100_o02_o3_unroll_m09_lastout_skipfinal	0.244583	2.197190	1	4	16	0xffff	4	13107200	13107200	537395200	run_y100_o02_o3_unroll_m09_lastout_skipfinal_20260502-045531.log	dump_y100_o02_o3_unroll_m09_lastout_skipfinal_20260502-045531.bin
y100_o02_o3_unroll_m01_prefw	0.244928	2.194095	1	4	16	0xffff	4	13107200	13107200	537395200	run_y100_o02_o3_unroll_m01_prefw_20260502-045531.log	dump_y100_o02_o3_unroll_m01_prefw_20260502-045531.bin
y100_o02_o3_unroll_m02_boundary	0.246831	2.177179	1	4	16	0xffff	4	13107200	13107200	537395200	run_y100_o02_o3_unroll_m02_boundary_20260502-045531.log	dump_y100_o02_o3_unroll_m02_boundary_20260502-045531.bin
y100_o02_o3_unroll_m03_skipread	0.247207	2.173867	1	4	16	0xffff	4	13107200	13107200	537395200	run_y100_o02_o3_unroll_m03_skipread_20260502-045531.log	dump_y100_o02_o3_unroll_m03_skipread_20260502-045531.bin
y100_o07_o3_notreecopy_m08_skipread_skipfinal	0.248116	2.165903	1	4	16	0xffff	4	13107200	13107200	537395200	run_y100_o07_o3_notreecopy_m08_skipread_skipfinal_20260502-045531.log	dump_y100_o07_o3_notreecopy_m08_skipread_skipfinal_20260502-045531.bin
y100_o03_o3_nounroll_m08_skipread_skipfinal	0.248137	2.165720	1	4	16	0xffff	4	13107200	13107200	537395200	run_y100_o03_o3_nounroll_m08_skipread_skipfinal_20260502-045531.log	dump_y100_o03_o3_nounroll_m08_skipread_skipfinal_20260502-045531.bin
y100_o06_o3_noipa_m08_skipread_skipfinal	0.248161	2.165510	1	4	16	0xffff	4	13107200	13107200	537395200	run_y100_o06_o3_noipa_m08_skipread_skipfinal_20260502-045531.log	dump_y100_o06_o3_noipa_m08_skipread_skipfinal_20260502-045531.bin
y100_o05_o3_align64_m08_skipread_skipfinal	0.248196	2.165205	1	4	16	0xffff	4	13107200	13107200	537395200	run_y100_o05_o3_align64_m08_skipread_skipfinal_20260502-045531.log	dump_y100_o05_o3_align64_m08_skipread_skipfinal_20260502-045531.bin
y100_o00_o3_m08_skipread_skipfinal	0.248322	2.164106	1	4	16	0xffff	4	13107200	13107200	537395200	run_y100_o00_o3_m08_skipread_skipfinal_20260502-045531.log	dump_y100_o00_o3_m08_skipread_skipfinal_20260502-045531.bin
y100_o02_o3_unroll_m07_boundary_prefw	0.248554	2.162086	1	4	16	0xffff	4	13107200	13107200	537395200	run_y100_o02_o3_unroll_m07_boundary_prefw_20260502-045531.log	dump_y100_o02_o3_unroll_m07_boundary_prefw_20260502-045531.bin
y100_o04_o3_align32_m04_skipfinal	0.248564	2.161999	1	4	16	0xffff	4	13107200	13107200	537395200	run_y100_o04_o3_align32_m04_skipfinal_20260502-045531.log	dump_y100_o04_o3_align32_m04_skipfinal_20260502-045531.bin
y100_o06_o3_noipa_m04_skipfinal	0.248579	2.161869	1	4	16	0xffff	4	13107200	13107200	537395200	run_y100_o06_o3_noipa_m04_skipfinal_20260502-045531.log	dump_y100_o06_o3_noipa_m04_skipfinal_20260502-045531.bin
y100_o04_o3_align32_m03_skipread	0.248586	2.161808	1	4	16	0xffff	4	13107200	13107200	537395200	run_y100_o04_o3_align32_m03_skipread_20260502-045531.log	dump_y100_o04_o3_align32_m03_skipread_20260502-045531.bin
y100_o00_o3_m04_skipfinal	0.248738	2.160487	1	4	16	0xffff	4	13107200	13107200	537395200	run_y100_o00_o3_m04_skipfinal_20260502-045531.log	dump_y100_o00_o3_m04_skipfinal_20260502-045531.bin
y100_o07_o3_notreecopy_m04_skipfinal	0.248778	2.160140	1	4	16	0xffff	4	13107200	13107200	537395200	run_y100_o07_o3_notreecopy_m04_skipfinal_20260502-045531.log	dump_y100_o07_o3_notreecopy_m04_skipfinal_20260502-045531.bin
y100_o05_o3_align64_m04_skipfinal	0.248785	2.160079	1	4	16	0xffff	4	13107200	13107200	537395200	run_y100_o05_o3_align64_m04_skipfinal_20260502-045531.log	dump_y100_o05_o3_align64_m04_skipfinal_20260502-045531.bin
y100_o03_o3_nounroll_m04_skipfinal	0.248796	2.159983	1	4	16	0xffff	4	13107200	13107200	537395200	run_y100_o03_o3_nounroll_m04_skipfinal_20260502-045531.log	dump_y100_o03_o3_nounroll_m04_skipfinal_20260502-045531.bin
y100_o04_o3_align32_m08_skipread_skipfinal	0.248816	2.159810	1	4	16	0xffff	4	13107200	13107200	537395200	run_y100_o04_o3_align32_m08_skipread_skipfinal_20260502-045531.log	dump_y100_o04_o3_align32_m08_skipread_skipfinal_20260502-045531.bin
y100_o04_o3_align32_m01_prefw	0.248973	2.158448	1	4	16	0xffff	4	13107200	13107200	537395200	run_y100_o04_o3_align32_m01_prefw_20260502-045531.log	dump_y100_o04_o3_align32_m01_prefw_20260502-045531.bin
y100_o02_o3_unroll_m08_skipread_skipfinal	0.249022	2.158023	1	4	16	0xffff	4	13107200	13107200	537395200	run_y100_o02_o3_unroll_m08_skipread_skipfinal_20260502-045531.log	dump_y100_o02_o3_unroll_m08_skipread_skipfinal_20260502-045531.bin
y100_o02_o3_unroll_m06_boundary_skipfinal	0.249085	2.157477	1	4	16	0xffff	4	13107200	13107200	537395200	run_y100_o02_o3_unroll_m06_boundary_skipfinal_20260502-045531.log	dump_y100_o02_o3_unroll_m06_boundary_skipfinal_20260502-045531.bin
y100_o00_o3_m02_boundary	0.249368	2.155029	1	4	16	0xffff	4	13107200	13107200	537395200	run_y100_o00_o3_m02_boundary_20260502-045531.log	dump_y100_o00_o3_m02_boundary_20260502-045531.bin
y100_o06_o3_noipa_m07_boundary_prefw	0.249370	2.155011	1	4	16	0xffff	4	13107200	13107200	537395200	run_y100_o06_o3_noipa_m07_boundary_prefw_20260502-045531.log	dump_y100_o06_o3_noipa_m07_boundary_prefw_20260502-045531.bin
y100_o03_o3_nounroll_m02_boundary	0.249410	2.154666	1	4	16	0xffff	4	13107200	13107200	537395200	run_y100_o03_o3_nounroll_m02_boundary_20260502-045531.log	dump_y100_o03_o3_nounroll_m02_boundary_20260502-045531.bin
y100_o05_o3_align64_m00_base	0.249440	2.154407	1	4	16	0xffff	4	13107200	13107200	537395200	run_y100_o05_o3_align64_m00_base_20260502-045531.log	dump_y100_o05_o3_align64_m00_base_20260502-045531.bin
y100_o03_o3_nounroll_m07_boundary_prefw	0.249535	2.153586	1	4	16	0xffff	4	13107200	13107200	537395200	run_y100_o03_o3_nounroll_m07_boundary_prefw_20260502-045531.log	dump_y100_o03_o3_nounroll_m07_boundary_prefw_20260502-045531.bin
y100_o06_o3_noipa_m00_base	0.249565	2.153328	1	4	16	0xffff	4	13107200	13107200	537395200	run_y100_o06_o3_noipa_m00_base_20260502-045531.log	dump_y100_o06_o3_noipa_m00_base_20260502-045531.bin
y100_o00_o3_m00_base	0.249580	2.153198	1	4	16	0xffff	4	13107200	13107200	537395200	run_y100_o00_o3_m00_base_20260502-045531.log	dump_y100_o00_o3_m00_base_20260502-045531.bin
y100_o07_o3_notreecopy_m00_base	0.249595	2.153069	1	4	16	0xffff	4	13107200	13107200	537395200	run_y100_o07_o3_notreecopy_m00_base_20260502-045531.log	dump_y100_o07_o3_notreecopy_m00_base_20260502-045531.bin
y100_o07_o3_notreecopy_m02_boundary	0.249610	2.152939	1	4	16	0xffff	4	13107200	13107200	537395200	run_y100_o07_o3_notreecopy_m02_boundary_20260502-045531.log	dump_y100_o07_o3_notreecopy_m02_boundary_20260502-045531.bin
y100_o03_o3_nounroll_m00_base	0.249648	2.152612	1	4	16	0xffff	4	13107200	13107200	537395200	run_y100_o03_o3_nounroll_m00_base_20260502-045531.log	dump_y100_o03_o3_nounroll_m00_base_20260502-045531.bin
y100_o07_o3_notreecopy_m07_boundary_prefw	0.249710	2.152077	1	4	16	0xffff	4	13107200	13107200	537395200	run_y100_o07_o3_notreecopy_m07_boundary_prefw_20260502-045531.log	dump_y100_o07_o3_notreecopy_m07_boundary_prefw_20260502-045531.bin
y100_o00_o3_m07_boundary_prefw	0.249759	2.151655	1	4	16	0xffff	4	13107200	13107200	537395200	run_y100_o00_o3_m07_boundary_prefw_20260502-045531.log	dump_y100_o00_o3_m07_boundary_prefw_20260502-045531.bin
y100_o00_o3_m01_prefw	0.250176	2.148069	1	4	16	0xffff	4	13107200	13107200	537395200	run_y100_o00_o3_m01_prefw_20260502-045531.log	dump_y100_o00_o3_m01_prefw_20260502-045531.bin
y100_o07_o3_notreecopy_m01_prefw	0.250295	2.147047	1	4	16	0xffff	4	13107200	13107200	537395200	run_y100_o07_o3_notreecopy_m01_prefw_20260502-045531.log	dump_y100_o07_o3_notreecopy_m01_prefw_20260502-045531.bin
y100_o06_o3_noipa_m01_prefw	0.250336	2.146696	1	4	16	0xffff	4	13107200	13107200	537395200	run_y100_o06_o3_noipa_m01_prefw_20260502-045531.log	dump_y100_o06_o3_noipa_m01_prefw_20260502-045531.bin
y100_o03_o3_nounroll_m01_prefw	0.250405	2.146104	1	4	16	0xffff	4	13107200	13107200	537395200	run_y100_o03_o3_nounroll_m01_prefw_20260502-045531.log	dump_y100_o03_o3_nounroll_m01_prefw_20260502-045531.bin
y100_o05_o3_align64_m01_prefw	0.250425	2.145933	1	4	16	0xffff	4	13107200	13107200	537395200	run_y100_o05_o3_align64_m01_prefw_20260502-045531.log	dump_y100_o05_o3_align64_m01_prefw_20260502-045531.bin
y100_o05_o3_align64_m02_boundary	0.250510	2.145205	1	4	16	0xffff	4	13107200	13107200	537395200	run_y100_o05_o3_align64_m02_boundary_20260502-045531.log	dump_y100_o05_o3_align64_m02_boundary_20260502-045531.bin
y100_o06_o3_noipa_m06_boundary_skipfinal	0.250533	2.145008	1	4	16	0xffff	4	13107200	13107200	537395200	run_y100_o06_o3_noipa_m06_boundary_skipfinal_20260502-045531.log	dump_y100_o06_o3_noipa_m06_boundary_skipfinal_20260502-045531.bin
y100_o04_o3_align32_m02_boundary	0.250560	2.144777	1	4	16	0xffff	4	13107200	13107200	537395200	run_y100_o04_o3_align32_m02_boundary_20260502-045531.log	dump_y100_o04_o3_align32_m02_boundary_20260502-045531.bin
y100_o06_o3_noipa_m02_boundary	0.250705	2.143536	1	4	16	0xffff	4	13107200	13107200	537395200	run_y100_o06_o3_noipa_m02_boundary_20260502-045531.log	dump_y100_o06_o3_noipa_m02_boundary_20260502-045531.bin
y100_o04_o3_align32_m09_lastout_skipfinal	0.250860	2.142212	1	4	16	0xffff	4	13107200	13107200	537395200	run_y100_o04_o3_align32_m09_lastout_skipfinal_20260502-045531.log	dump_y100_o04_o3_align32_m09_lastout_skipfinal_20260502-045531.bin
y100_o04_o3_align32_m07_boundary_prefw	0.251682	2.135215	1	4	16	0xffff	4	13107200	13107200	537395200	run_y100_o04_o3_align32_m07_boundary_prefw_20260502-045531.log	dump_y100_o04_o3_align32_m07_boundary_prefw_20260502-045531.bin
y100_o05_o3_align64_m07_boundary_prefw	0.251693	2.135122	1	4	16	0xffff	4	13107200	13107200	537395200	run_y100_o05_o3_align64_m07_boundary_prefw_20260502-045531.log	dump_y100_o05_o3_align64_m07_boundary_prefw_20260502-045531.bin
y100_o04_o3_align32_m00_base	0.251853	2.133765	1	4	16	0xffff	4	13107200	13107200	537395200	run_y100_o04_o3_align32_m00_base_20260502-045531.log	dump_y100_o04_o3_align32_m00_base_20260502-045531.bin
y100_o03_o3_nounroll_m09_lastout_skipfinal	0.251861	2.133698	1	4	16	0xffff	4	13107200	13107200	537395200	run_y100_o03_o3_nounroll_m09_lastout_skipfinal_20260502-045531.log	dump_y100_o03_o3_nounroll_m09_lastout_skipfinal_20260502-045531.bin
y100_o06_o3_noipa_m09_lastout_skipfinal	0.251892	2.133435	1	4	16	0xffff	4	13107200	13107200	537395200	run_y100_o06_o3_noipa_m09_lastout_skipfinal_20260502-045531.log	dump_y100_o06_o3_noipa_m09_lastout_skipfinal_20260502-045531.bin
y100_o05_o3_align64_m09_lastout_skipfinal	0.251915	2.133240	1	4	16	0xffff	4	13107200	13107200	537395200	run_y100_o05_o3_align64_m09_lastout_skipfinal_20260502-045531.log	dump_y100_o05_o3_align64_m09_lastout_skipfinal_20260502-045531.bin
y100_o00_o3_m09_lastout_skipfinal	0.251956	2.132893	1	4	16	0xffff	4	13107200	13107200	537395200	run_y100_o00_o3_m09_lastout_skipfinal_20260502-045531.log	dump_y100_o00_o3_m09_lastout_skipfinal_20260502-045531.bin
y100_o07_o3_notreecopy_m09_lastout_skipfinal	0.252029	2.132275	1	4	16	0xffff	4	13107200	13107200	537395200	run_y100_o07_o3_notreecopy_m09_lastout_skipfinal_20260502-045531.log	dump_y100_o07_o3_notreecopy_m09_lastout_skipfinal_20260502-045531.bin
y100_o03_o3_nounroll_m03_skipread	0.252352	2.129546	1	4	16	0xffff	4	13107200	13107200	537395200	run_y100_o03_o3_nounroll_m03_skipread_20260502-045531.log	dump_y100_o03_o3_nounroll_m03_skipread_20260502-045531.bin
y100_o00_o3_m03_skipread	0.252513	2.128188	1	4	16	0xffff	4	13107200	13107200	537395200	run_y100_o00_o3_m03_skipread_20260502-045531.log	dump_y100_o00_o3_m03_skipread_20260502-045531.bin
y100_o06_o3_noipa_m03_skipread	0.252532	2.128028	1	4	16	0xffff	4	13107200	13107200	537395200	run_y100_o06_o3_noipa_m03_skipread_20260502-045531.log	dump_y100_o06_o3_noipa_m03_skipread_20260502-045531.bin
y100_o05_o3_align64_m03_skipread	0.252547	2.127902	1	4	16	0xffff	4	13107200	13107200	537395200	run_y100_o05_o3_align64_m03_skipread_20260502-045531.log	dump_y100_o05_o3_align64_m03_skipread_20260502-045531.bin
y100_o07_o3_notreecopy_m03_skipread	0.252613	2.127346	1	4	16	0xffff	4	13107200	13107200	537395200	run_y100_o07_o3_notreecopy_m03_skipread_20260502-045531.log	dump_y100_o07_o3_notreecopy_m03_skipread_20260502-045531.bin
y100_o04_o3_align32_m06_boundary_skipfinal	0.252979	2.124268	1	4	16	0xffff	4	13107200	13107200	537395200	run_y100_o04_o3_align32_m06_boundary_skipfinal_20260502-045531.log	dump_y100_o04_o3_align32_m06_boundary_skipfinal_20260502-045531.bin
y100_o05_o3_align64_m06_boundary_skipfinal	0.253215	2.122288	1	4	16	0xffff	4	13107200	13107200	537395200	run_y100_o05_o3_align64_m06_boundary_skipfinal_20260502-045531.log	dump_y100_o05_o3_align64_m06_boundary_skipfinal_20260502-045531.bin
y100_o02_o3_unroll_m05_lastout	0.253254	2.121961	1	4	16	0xffff	4	13107200	13107200	537395200	run_y100_o02_o3_unroll_m05_lastout_20260502-045531.log	dump_y100_o02_o3_unroll_m05_lastout_20260502-045531.bin
y100_o07_o3_notreecopy_m06_boundary_skipfinal	0.253658	2.118582	1	4	16	0xffff	4	13107200	13107200	537395200	run_y100_o07_o3_notreecopy_m06_boundary_skipfinal_20260502-045531.log	dump_y100_o07_o3_notreecopy_m06_boundary_skipfinal_20260502-045531.bin
y100_o01_o3_nosched_m07_boundary_prefw	0.253795	2.117438	1	4	16	0xffff	4	13107200	13107200	537395200	run_y100_o01_o3_nosched_m07_boundary_prefw_20260502-045531.log	dump_y100_o01_o3_nosched_m07_boundary_prefw_20260502-045531.bin
y100_o00_o3_m06_boundary_skipfinal	0.253865	2.116854	1	4	16	0xffff	4	13107200	13107200	537395200	run_y100_o00_o3_m06_boundary_skipfinal_20260502-045531.log	dump_y100_o00_o3_m06_boundary_skipfinal_20260502-045531.bin
y100_o03_o3_nounroll_m06_boundary_skipfinal	0.254044	2.115363	1	4	16	0xffff	4	13107200	13107200	537395200	run_y100_o03_o3_nounroll_m06_boundary_skipfinal_20260502-045531.log	dump_y100_o03_o3_nounroll_m06_boundary_skipfinal_20260502-045531.bin
y100_o01_o3_nosched_m00_base	0.254426	2.112187	1	4	16	0xffff	4	13107200	13107200	537395200	run_y100_o01_o3_nosched_m00_base_20260502-045531.log	dump_y100_o01_o3_nosched_m00_base_20260502-045531.bin
y100_o01_o3_nosched_m02_boundary	0.256241	2.097226	1	4	16	0xffff	4	13107200	13107200	537395200	run_y100_o01_o3_nosched_m02_boundary_20260502-045531.log	dump_y100_o01_o3_nosched_m02_boundary_20260502-045531.bin
y100_o01_o3_nosched_m04_skipfinal	0.256262	2.097054	1	4	16	0xffff	4	13107200	13107200	537395200	run_y100_o01_o3_nosched_m04_skipfinal_20260502-045531.log	dump_y100_o01_o3_nosched_m04_skipfinal_20260502-045531.bin
y100_o01_o3_nosched_m01_prefw	0.256683	2.093614	1	4	16	0xffff	4	13107200	13107200	537395200	run_y100_o01_o3_nosched_m01_prefw_20260502-045531.log	dump_y100_o01_o3_nosched_m01_prefw_20260502-045531.bin
y100_o01_o3_nosched_m09_lastout_skipfinal	0.257087	2.090324	1	4	16	0xffff	4	13107200	13107200	537395200	run_y100_o01_o3_nosched_m09_lastout_skipfinal_20260502-045531.log	dump_y100_o01_o3_nosched_m09_lastout_skipfinal_20260502-045531.bin
y100_o01_o3_nosched_m06_boundary_skipfinal	0.257374	2.087993	1	4	16	0xffff	4	13107200	13107200	537395200	run_y100_o01_o3_nosched_m06_boundary_skipfinal_20260502-045531.log	dump_y100_o01_o3_nosched_m06_boundary_skipfinal_20260502-045531.bin
y100_o08_ofast_m05_lastout	0.257948	2.083347	1	4	16	0xffff	4	13107200	13107200	537395200	run_y100_o08_ofast_m05_lastout_20260502-045531.log	dump_y100_o08_ofast_m05_lastout_20260502-045531.bin
y100_o01_o3_nosched_m03_skipread	0.258015	2.082806	1	4	16	0xffff	4	13107200	13107200	537395200	run_y100_o01_o3_nosched_m03_skipread_20260502-045531.log	dump_y100_o01_o3_nosched_m03_skipread_20260502-045531.bin
y100_o00_o3_m05_lastout	0.260392	2.063793	1	4	16	0xffff	4	13107200	13107200	537395200	run_y100_o00_o3_m05_lastout_20260502-045531.log	dump_y100_o00_o3_m05_lastout_20260502-045531.bin
y100_o06_o3_noipa_m05_lastout	0.260434	2.063460	1	4	16	0xffff	4	13107200	13107200	537395200	run_y100_o06_o3_noipa_m05_lastout_20260502-045531.log	dump_y100_o06_o3_noipa_m05_lastout_20260502-045531.bin
y100_o03_o3_nounroll_m05_lastout	0.260448	2.063349	1	4	16	0xffff	4	13107200	13107200	537395200	run_y100_o03_o3_nounroll_m05_lastout_20260502-045531.log	dump_y100_o03_o3_nounroll_m05_lastout_20260502-045531.bin
y100_o07_o3_notreecopy_m05_lastout	0.260457	2.063278	1	4	16	0xffff	4	13107200	13107200	537395200	run_y100_o07_o3_notreecopy_m05_lastout_20260502-045531.log	dump_y100_o07_o3_notreecopy_m05_lastout_20260502-045531.bin
y100_o05_o3_align64_m05_lastout	0.260590	2.062225	1	4	16	0xffff	4	13107200	13107200	537395200	run_y100_o05_o3_align64_m05_lastout_20260502-045531.log	dump_y100_o05_o3_align64_m05_lastout_20260502-045531.bin
y100_o04_o3_align32_m05_lastout	0.261308	2.056559	1	4	16	0xffff	4	13107200	13107200	537395200	run_y100_o04_o3_align32_m05_lastout_20260502-045531.log	dump_y100_o04_o3_align32_m05_lastout_20260502-045531.bin
y100_o01_o3_nosched_m05_lastout	0.262455	2.047571	1	4	16	0xffff	4	13107200	13107200	537395200	run_y100_o01_o3_nosched_m05_lastout_20260502-045531.log	dump_y100_o01_o3_nosched_m05_lastout_20260502-045531.bin
y100_o01_o3_nosched_m08_skipread_skipfinal	0.262678	2.045833	1	4	16	0xffff	4	13107200	13107200	537395200	run_y100_o01_o3_nosched_m08_skipread_skipfinal_20260502-045531.log	dump_y100_o01_o3_nosched_m08_skipread_skipfinal_20260502-045531.bin
y100_o09_o2_m07_boundary_prefw	0.320077	1.678956	1	4	16	0xffff	4	13107200	13107200	537395200	run_y100_o09_o2_m07_boundary_prefw_20260502-045531.log	dump_y100_o09_o2_m07_boundary_prefw_20260502-045531.bin
y100_o09_o2_m00_base	0.320149	1.678578	1	4	16	0xffff	4	13107200	13107200	537395200	run_y100_o09_o2_m00_base_20260502-045531.log	dump_y100_o09_o2_m00_base_20260502-045531.bin
y100_o09_o2_m04_skipfinal	0.320393	1.677300	1	4	16	0xffff	4	13107200	13107200	537395200	run_y100_o09_o2_m04_skipfinal_20260502-045531.log	dump_y100_o09_o2_m04_skipfinal_20260502-045531.bin
y100_o09_o2_m09_lastout_skipfinal	0.320471	1.676892	1	4	16	0xffff	4	13107200	13107200	537395200	run_y100_o09_o2_m09_lastout_skipfinal_20260502-045531.log	dump_y100_o09_o2_m09_lastout_skipfinal_20260502-045531.bin
y100_o09_o2_m03_skipread	0.320500	1.676740	1	4	16	0xffff	4	13107200	13107200	537395200	run_y100_o09_o2_m03_skipread_20260502-045531.log	dump_y100_o09_o2_m03_skipread_20260502-045531.bin
y100_o09_o2_m08_skipread_skipfinal	0.320620	1.676113	1	4	16	0xffff	4	13107200	13107200	537395200	run_y100_o09_o2_m08_skipread_skipfinal_20260502-045531.log	dump_y100_o09_o2_m08_skipread_skipfinal_20260502-045531.bin
y100_o09_o2_m05_lastout	0.320685	1.675773	1	4	16	0xffff	4	13107200	13107200	537395200	run_y100_o09_o2_m05_lastout_20260502-045531.log	dump_y100_o09_o2_m05_lastout_20260502-045531.bin
y100_o09_o2_m01_prefw	0.322982	1.663855	1	4	16	0xffff	4	13107200	13107200	537395200	run_y100_o09_o2_m01_prefw_20260502-045531.log	dump_y100_o09_o2_m01_prefw_20260502-045531.bin
y100_o09_o2_m02_boundary	0.324326	1.656960	1	4	16	0xffff	4	13107200	13107200	537395200	run_y100_o09_o2_m02_boundary_20260502-045531.log	dump_y100_o09_o2_m02_boundary_20260502-045531.bin
y100_o09_o2_m06_boundary_skipfinal	0.324453	1.656311	1	4	16	0xffff	4	13107200	13107200	537395200	run_y100_o09_o2_m06_boundary_skipfinal_20260502-045531.log	dump_y100_o09_o2_m06_boundary_skipfinal_20260502-045531.bin
