path	size_bytes	sha256
/root/afonso/zephyr-u-mode/zephyr-emlearn-silicon-v2/erbium-amp-probe/dncnn3-pmc/artifact_manifest_remote.tsv	23	227abd5654cce76a425f7049068c2e8157dcf20873c6bad90a2618bab5548431
/root/afonso/zephyr-u-mode/zephyr-emlearn-silicon-v2/erbium-amp-probe/dncnn3-pmc/dncnn3_bench_boundary_16h.elf	18616	0bc2aada32ac18dd6bc66346fc0ef2027f316c28e7a48b60aa4987d0e9ed0ffb
/root/afonso/zephyr-u-mode/zephyr-emlearn-silicon-v2/erbium-amp-probe/dncnn3-pmc/dncnn3_bench_boundary_1h.elf	13824	07a2e7f947484d7e1fd3cfccf53ff5bfd1ee9fc7b539a0a7fc1a29b74b04ddb3
/root/afonso/zephyr-u-mode/zephyr-emlearn-silicon-v2/erbium-amp-probe/dncnn3-pmc/dncnn3_bench_boundary_2h.elf	15624	0a1d9cb5d9b482f3d74e84fef05503f4a5e5915fa523243b6b50cc4a0d9e583a
/root/afonso/zephyr-u-mode/zephyr-emlearn-silicon-v2/erbium-amp-probe/dncnn3-pmc/dncnn3_bench_boundary_4h.elf	16648	dd0ab96411d8e2b5c4a249fc7a8ae52912d9e11b58d4119e57b1f49baff06502
/root/afonso/zephyr-u-mode/zephyr-emlearn-silicon-v2/erbium-amp-probe/dncnn3-pmc/dncnn3_bench_boundary_8h.elf	17152	ac78051fec4bae6ec1698b1d874239f95f2a49b2e14ddd0f18d4198a3359b8c2
/root/afonso/zephyr-u-mode/zephyr-emlearn-silicon-v2/erbium-amp-probe/dncnn3-pmc/dump_pmc_dncnn_dncnn3_bench_16h.bin	16777216	e85ffe00e130869912e226f91e333a8d9b43a15beacea18f46b652421a17911c
/root/afonso/zephyr-u-mode/zephyr-emlearn-silicon-v2/erbium-amp-probe/dncnn3-pmc/dump_pmc_dncnn_dncnn3_bench_1h.bin	16777216	14a60e9a2d488fa7b5bbea5e3afad99d2dff62b4659e734ad97831acd6c1dbc9
/root/afonso/zephyr-u-mode/zephyr-emlearn-silicon-v2/erbium-amp-probe/dncnn3-pmc/dump_pmc_dncnn_dncnn3_bench_2h.bin	16777216	aac4ec61086e2d8abb78e3f9bb977c5bec9dac62ac60d496fe58e7c0af69f501
/root/afonso/zephyr-u-mode/zephyr-emlearn-silicon-v2/erbium-amp-probe/dncnn3-pmc/dump_pmc_dncnn_dncnn3_bench_4h.bin	16777216	eb82434e41accfaaca11ab8954996ec3a699e4fecd5ac968708d4ea20786e886
/root/afonso/zephyr-u-mode/zephyr-emlearn-silicon-v2/erbium-amp-probe/dncnn3-pmc/dump_pmc_dncnn_dncnn3_bench_8h.bin	16777216	b3a9366b2de57cd3560ada50775bf572707cb6c6b09b483210511f543a176cc7
/root/afonso/zephyr-u-mode/zephyr-emlearn-silicon-v2/erbium-amp-probe/dncnn3-pmc/dump_pmc_dncnn_dncnn3_bench_allch_16h.bin	16777216	fca4a63c30bf59122695c10258af0d585078075fe0a5a2560a7e65144f8285ac
/root/afonso/zephyr-u-mode/zephyr-emlearn-silicon-v2/erbium-amp-probe/dncnn3-pmc/dump_pmc_dncnn_dncnn3_bench_allch_1h.bin	16777216	a857657a246890642bbb0b980e95a2ed87784224c4dcae0aee266de97de08710
/root/afonso/zephyr-u-mode/zephyr-emlearn-silicon-v2/erbium-amp-probe/dncnn3-pmc/dump_pmc_dncnn_dncnn3_bench_allch_2h.bin	16777216	0c7d16fee798dc7c720ad061ad9ef80d11cea96587166db1458199451b8eab9c
/root/afonso/zephyr-u-mode/zephyr-emlearn-silicon-v2/erbium-amp-probe/dncnn3-pmc/dump_pmc_dncnn_dncnn3_bench_allch_4h.bin	16777216	93b0f8aacdb488fc0ab20277d5543c47a8a8e364514773b4bc84c902c7c8bebe
/root/afonso/zephyr-u-mode/zephyr-emlearn-silicon-v2/erbium-amp-probe/dncnn3-pmc/dump_pmc_dncnn_dncnn3_bench_allch_8h.bin	16777216	fd7133e6b03dfcf13a7543235668ed16b7465730ad4ceffe9840706d51bd96ed
/root/afonso/zephyr-u-mode/zephyr-emlearn-silicon-v2/erbium-amp-probe/dncnn3-pmc/dump_pmc_dncnn_dncnn3_bench_best_16h.bin	16777216	fca4a63c30bf59122695c10258af0d585078075fe0a5a2560a7e65144f8285ac
/root/afonso/zephyr-u-mode/zephyr-emlearn-silicon-v2/erbium-amp-probe/dncnn3-pmc/dump_pmc_dncnn_dncnn3_bench_best_1h.bin	16777216	a857657a246890642bbb0b980e95a2ed87784224c4dcae0aee266de97de08710
/root/afonso/zephyr-u-mode/zephyr-emlearn-silicon-v2/erbium-amp-probe/dncnn3-pmc/dump_pmc_dncnn_dncnn3_bench_best_2h.bin	16777216	0c7d16fee798dc7c720ad061ad9ef80d11cea96587166db1458199451b8eab9c
/root/afonso/zephyr-u-mode/zephyr-emlearn-silicon-v2/erbium-amp-probe/dncnn3-pmc/dump_pmc_dncnn_dncnn3_bench_best_4h.bin	16777216	93b0f8aacdb488fc0ab20277d5543c47a8a8e364514773b4bc84c902c7c8bebe
/root/afonso/zephyr-u-mode/zephyr-emlearn-silicon-v2/erbium-amp-probe/dncnn3-pmc/dump_pmc_dncnn_dncnn3_bench_best_8h.bin	16777216	fd7133e6b03dfcf13a7543235668ed16b7465730ad4ceffe9840706d51bd96ed
/root/afonso/zephyr-u-mode/zephyr-emlearn-silicon-v2/erbium-amp-probe/dncnn3-pmc/dump_pmc_dncnn_dncnn3_bench_boundary_16h.bin	16777216	fca4a63c30bf59122695c10258af0d585078075fe0a5a2560a7e65144f8285ac
/root/afonso/zephyr-u-mode/zephyr-emlearn-silicon-v2/erbium-amp-probe/dncnn3-pmc/dump_pmc_dncnn_dncnn3_bench_boundary_1h.bin	16777216	a857657a246890642bbb0b980e95a2ed87784224c4dcae0aee266de97de08710
/root/afonso/zephyr-u-mode/zephyr-emlearn-silicon-v2/erbium-amp-probe/dncnn3-pmc/dump_pmc_dncnn_dncnn3_bench_boundary_2h.bin	16777216	0c7d16fee798dc7c720ad061ad9ef80d11cea96587166db1458199451b8eab9c
/root/afonso/zephyr-u-mode/zephyr-emlearn-silicon-v2/erbium-amp-probe/dncnn3-pmc/dump_pmc_dncnn_dncnn3_bench_boundary_4h.bin	16777216	93b0f8aacdb488fc0ab20277d5543c47a8a8e364514773b4bc84c902c7c8bebe
/root/afonso/zephyr-u-mode/zephyr-emlearn-silicon-v2/erbium-amp-probe/dncnn3-pmc/dump_pmc_dncnn_dncnn3_bench_boundary_8h.bin	16777216	fd7133e6b03dfcf13a7543235668ed16b7465730ad4ceffe9840706d51bd96ed
/root/afonso/zephyr-u-mode/zephyr-emlearn-silicon-v2/erbium-amp-probe/dncnn3-pmc/dump_pmc_dncnn_dncnn3_bench_interior_16h.bin	16777216	fca4a63c30bf59122695c10258af0d585078075fe0a5a2560a7e65144f8285ac
/root/afonso/zephyr-u-mode/zephyr-emlearn-silicon-v2/erbium-amp-probe/dncnn3-pmc/dump_pmc_dncnn_dncnn3_bench_interior_1h.bin	16777216	a857657a246890642bbb0b980e95a2ed87784224c4dcae0aee266de97de08710
/root/afonso/zephyr-u-mode/zephyr-emlearn-silicon-v2/erbium-amp-probe/dncnn3-pmc/dump_pmc_dncnn_dncnn3_bench_interior_2h.bin	16777216	0c7d16fee798dc7c720ad061ad9ef80d11cea96587166db1458199451b8eab9c
/root/afonso/zephyr-u-mode/zephyr-emlearn-silicon-v2/erbium-amp-probe/dncnn3-pmc/dump_pmc_dncnn_dncnn3_bench_interior_4h.bin	16777216	93b0f8aacdb488fc0ab20277d5543c47a8a8e364514773b4bc84c902c7c8bebe
/root/afonso/zephyr-u-mode/zephyr-emlearn-silicon-v2/erbium-amp-probe/dncnn3-pmc/dump_pmc_dncnn_dncnn3_bench_interior_8h.bin	16777216	fd7133e6b03dfcf13a7543235668ed16b7465730ad4ceffe9840706d51bd96ed
/root/afonso/zephyr-u-mode/zephyr-emlearn-silicon-v2/erbium-amp-probe/dncnn3-pmc/dump_pmc_dncnn_dncnn3_bench_nhwc_16h.bin	16777216	fca4a63c30bf59122695c10258af0d585078075fe0a5a2560a7e65144f8285ac
/root/afonso/zephyr-u-mode/zephyr-emlearn-silicon-v2/erbium-amp-probe/dncnn3-pmc/dump_pmc_dncnn_dncnn3_bench_nhwc_1h.bin	16777216	a857657a246890642bbb0b980e95a2ed87784224c4dcae0aee266de97de08710
/root/afonso/zephyr-u-mode/zephyr-emlearn-silicon-v2/erbium-amp-probe/dncnn3-pmc/dump_pmc_dncnn_dncnn3_bench_nhwc_2h.bin	16777216	0c7d16fee798dc7c720ad061ad9ef80d11cea96587166db1458199451b8eab9c
/root/afonso/zephyr-u-mode/zephyr-emlearn-silicon-v2/erbium-amp-probe/dncnn3-pmc/dump_pmc_dncnn_dncnn3_bench_nhwc_4h.bin	16777216	93b0f8aacdb488fc0ab20277d5543c47a8a8e364514773b4bc84c902c7c8bebe
/root/afonso/zephyr-u-mode/zephyr-emlearn-silicon-v2/erbium-amp-probe/dncnn3-pmc/dump_pmc_dncnn_dncnn3_bench_nhwc_8h.bin	16777216	fd7133e6b03dfcf13a7543235668ed16b7465730ad4ceffe9840706d51bd96ed
/root/afonso/zephyr-u-mode/zephyr-emlearn-silicon-v2/erbium-amp-probe/dncnn3-pmc/dump_pmc_dncnn_dncnn3_bench_noprebar_16h.bin	16777216	e85ffe00e130869912e226f91e333a8d9b43a15beacea18f46b652421a17911c
/root/afonso/zephyr-u-mode/zephyr-emlearn-silicon-v2/erbium-amp-probe/dncnn3-pmc/dump_pmc_dncnn_dncnn3_bench_noprebar_1h.bin	16777216	14a60e9a2d488fa7b5bbea5e3afad99d2dff62b4659e734ad97831acd6c1dbc9
/root/afonso/zephyr-u-mode/zephyr-emlearn-silicon-v2/erbium-amp-probe/dncnn3-pmc/dump_pmc_dncnn_dncnn3_bench_noprebar_2h.bin	16777216	aac4ec61086e2d8abb78e3f9bb977c5bec9dac62ac60d496fe58e7c0af69f501
/root/afonso/zephyr-u-mode/zephyr-emlearn-silicon-v2/erbium-amp-probe/dncnn3-pmc/dump_pmc_dncnn_dncnn3_bench_noprebar_4h.bin	16777216	eb82434e41accfaaca11ab8954996ec3a699e4fecd5ac968708d4ea20786e886
/root/afonso/zephyr-u-mode/zephyr-emlearn-silicon-v2/erbium-amp-probe/dncnn3-pmc/dump_pmc_dncnn_dncnn3_bench_noprebar_8h.bin	16777216	b3a9366b2de57cd3560ada50775bf572707cb6c6b09b483210511f543a176cc7
/root/afonso/zephyr-u-mode/zephyr-emlearn-silicon-v2/erbium-amp-probe/dncnn3-pmc/dump_pmc_dncnn_dncnn3_bench_window_16h.bin	16777216	e85ffe00e130869912e226f91e333a8d9b43a15beacea18f46b652421a17911c
/root/afonso/zephyr-u-mode/zephyr-emlearn-silicon-v2/erbium-amp-probe/dncnn3-pmc/dump_pmc_dncnn_dncnn3_bench_window_1h.bin	16777216	14a60e9a2d488fa7b5bbea5e3afad99d2dff62b4659e734ad97831acd6c1dbc9
/root/afonso/zephyr-u-mode/zephyr-emlearn-silicon-v2/erbium-amp-probe/dncnn3-pmc/dump_pmc_dncnn_dncnn3_bench_window_2h.bin	16777216	aac4ec61086e2d8abb78e3f9bb977c5bec9dac62ac60d496fe58e7c0af69f501
/root/afonso/zephyr-u-mode/zephyr-emlearn-silicon-v2/erbium-amp-probe/dncnn3-pmc/dump_pmc_dncnn_dncnn3_bench_window_4h.bin	16777216	eb82434e41accfaaca11ab8954996ec3a699e4fecd5ac968708d4ea20786e886
/root/afonso/zephyr-u-mode/zephyr-emlearn-silicon-v2/erbium-amp-probe/dncnn3-pmc/dump_pmc_dncnn_dncnn3_bench_window_8h.bin	16777216	b3a9366b2de57cd3560ada50775bf572707cb6c6b09b483210511f543a176cc7
/root/afonso/zephyr-u-mode/zephyr-emlearn-silicon-v2/erbium-amp-probe/dncnn3-pmc/parse_dncnn_pmc.py	7651	ded74fd530d202324bb98f16babc326b0e7273d9c7f91d4c38890c25d3193d4a
/root/afonso/zephyr-u-mode/zephyr-emlearn-silicon-v2/erbium-amp-probe/dncnn3-pmc/parsed/dncnn_pmc_per_hart.tsv	27198	02967259999eba88422078a10e834404394106fb74a28c6038e0d693fc2ec353
/root/afonso/zephyr-u-mode/zephyr-emlearn-silicon-v2/erbium-amp-probe/dncnn3-pmc/parsed/dncnn_pmc_results.tsv	17801	83cb3742bd1a0068afcf21603f0b5149dc5272f3c0002c5c2aa26076887aed27
/root/afonso/zephyr-u-mode/zephyr-emlearn-silicon-v2/erbium-amp-probe/dncnn3-pmc/pmc_after_control.bin	16777216	6a120bbfd4265807e111216f7ee9bc2f867dfb3b693306d2ea4c8214e0533e73
/root/afonso/zephyr-u-mode/zephyr-emlearn-silicon-v2/erbium-amp-probe/dncnn3-pmc/pmc_after_dncnn3_bench_16h.bin	16777216	364bb656f735e75230347494cf5bad7f76fb974eaee068738628773f0c20bef4
/root/afonso/zephyr-u-mode/zephyr-emlearn-silicon-v2/erbium-amp-probe/dncnn3-pmc/pmc_after_dncnn3_bench_1h.bin	16777216	21c97a66b3c89978c2a7ce41e3857d2c7ce8bfce57727d4b2d71a5df1f25cb3c
/root/afonso/zephyr-u-mode/zephyr-emlearn-silicon-v2/erbium-amp-probe/dncnn3-pmc/pmc_after_dncnn3_bench_2h.bin	16777216	a59dd175d74309565e4f09fb8345c80edde6fdba4edcb07b43e487bd1f9091dc
/root/afonso/zephyr-u-mode/zephyr-emlearn-silicon-v2/erbium-amp-probe/dncnn3-pmc/pmc_after_dncnn3_bench_4h.bin	16777216	774de40302bc1723b021137d26c53640f5384238d3a7fbd1748acfe162edc727
/root/afonso/zephyr-u-mode/zephyr-emlearn-silicon-v2/erbium-amp-probe/dncnn3-pmc/pmc_after_dncnn3_bench_8h.bin	16777216	436ef8f204e043a54943d5ca87aeef2090e7a3ac014bfbed5ad312b49cec0377
/root/afonso/zephyr-u-mode/zephyr-emlearn-silicon-v2/erbium-amp-probe/dncnn3-pmc/pmc_after_dncnn3_bench_allch_16h.bin	16777216	4497ae6ea53ad01fd00d1a53bdeb0aaa432adab67fa8d5fae4eeb04904ba5979
/root/afonso/zephyr-u-mode/zephyr-emlearn-silicon-v2/erbium-amp-probe/dncnn3-pmc/pmc_after_dncnn3_bench_allch_1h.bin	16777216	337938563c7f91beeeabc15ffea0c191ff0acf614e05fa6af39b6f451475fc0f
/root/afonso/zephyr-u-mode/zephyr-emlearn-silicon-v2/erbium-amp-probe/dncnn3-pmc/pmc_after_dncnn3_bench_allch_2h.bin	16777216	a5164224ff83d1705b4c14572b73d515b2adc5414d14423d4924fff374f75197
/root/afonso/zephyr-u-mode/zephyr-emlearn-silicon-v2/erbium-amp-probe/dncnn3-pmc/pmc_after_dncnn3_bench_allch_4h.bin	16777216	980247e8c26e053aa3d9ba8de3ca35563dd93d909323aa379d50979e87cd8424
/root/afonso/zephyr-u-mode/zephyr-emlearn-silicon-v2/erbium-amp-probe/dncnn3-pmc/pmc_after_dncnn3_bench_allch_8h.bin	16777216	4582bfe2122740bf67c69c66b6655bd0350c1711b7321de0f769852b44fb3cdd
/root/afonso/zephyr-u-mode/zephyr-emlearn-silicon-v2/erbium-amp-probe/dncnn3-pmc/pmc_after_dncnn3_bench_best_16h.bin	16777216	a005ab724296c81b38eca34c09d2d667ac0def6053b3e5df6508747c5e10cb26
/root/afonso/zephyr-u-mode/zephyr-emlearn-silicon-v2/erbium-amp-probe/dncnn3-pmc/pmc_after_dncnn3_bench_best_1h.bin	16777216	cd3a75c7cb6a50f0d7573163c9b90c872b38f0eb57b75583330c49d595c5ef82
/root/afonso/zephyr-u-mode/zephyr-emlearn-silicon-v2/erbium-amp-probe/dncnn3-pmc/pmc_after_dncnn3_bench_best_2h.bin	16777216	c2d60cdf3a12431213ccf87bd8acaab66cc447a41a750d75499e484af904115e
/root/afonso/zephyr-u-mode/zephyr-emlearn-silicon-v2/erbium-amp-probe/dncnn3-pmc/pmc_after_dncnn3_bench_best_4h.bin	16777216	38abb1913753b402c8f2ec1b9616e31679c8e845ee37f794d288d652b316c7fd
/root/afonso/zephyr-u-mode/zephyr-emlearn-silicon-v2/erbium-amp-probe/dncnn3-pmc/pmc_after_dncnn3_bench_best_8h.bin	16777216	20a1670f2e0aec3ef49389bf237f16e093df4604391b55a2041bb5aece80609c
/root/afonso/zephyr-u-mode/zephyr-emlearn-silicon-v2/erbium-amp-probe/dncnn3-pmc/pmc_after_dncnn3_bench_boundary_16h.bin	16777216	30db98fd35e44058400cd5fafc50aab0ca4f8c0a660f97e1c32081e2f310e771
/root/afonso/zephyr-u-mode/zephyr-emlearn-silicon-v2/erbium-amp-probe/dncnn3-pmc/pmc_after_dncnn3_bench_boundary_1h.bin	16777216	e82717ace243bc8b8c0a85ce51d4403be70709edc156c263eeea3226983a78e5
/root/afonso/zephyr-u-mode/zephyr-emlearn-silicon-v2/erbium-amp-probe/dncnn3-pmc/pmc_after_dncnn3_bench_boundary_2h.bin	16777216	178ed21510d05edb56da8ab958de33109484013298084849fc94b04b94c689ea
/root/afonso/zephyr-u-mode/zephyr-emlearn-silicon-v2/erbium-amp-probe/dncnn3-pmc/pmc_after_dncnn3_bench_boundary_4h.bin	16777216	3f9957241f086359cd32c0772b60d3e8f8ba851e94b4008be5acfebf76e13175
/root/afonso/zephyr-u-mode/zephyr-emlearn-silicon-v2/erbium-amp-probe/dncnn3-pmc/pmc_after_dncnn3_bench_boundary_8h.bin	16777216	3dd9f09e67b6ee21ee7d026709b0397af1c6bc6fff15d2a7d99760226b6cdc45
/root/afonso/zephyr-u-mode/zephyr-emlearn-silicon-v2/erbium-amp-probe/dncnn3-pmc/pmc_after_dncnn3_bench_interior_16h.bin	16777216	f096d1532ae6f92d95efba4ccff73516686cf59cafb1a0a83628ae8576a91a79
/root/afonso/zephyr-u-mode/zephyr-emlearn-silicon-v2/erbium-amp-probe/dncnn3-pmc/pmc_after_dncnn3_bench_interior_1h.bin	16777216	e271440aac2c3e629fd3103370b08027c358f73ec553c367590d8d061e370ead
/root/afonso/zephyr-u-mode/zephyr-emlearn-silicon-v2/erbium-amp-probe/dncnn3-pmc/pmc_after_dncnn3_bench_interior_2h.bin	16777216	a7955bb118af07c69dbd394c88d29238b774f43d4ec22e30c9a19b1c59e2d02e
/root/afonso/zephyr-u-mode/zephyr-emlearn-silicon-v2/erbium-amp-probe/dncnn3-pmc/pmc_after_dncnn3_bench_interior_4h.bin	16777216	985e6ed9a1176c4037cce992e6bc32e32e69c598486878aab3b5f2432bf70388
/root/afonso/zephyr-u-mode/zephyr-emlearn-silicon-v2/erbium-amp-probe/dncnn3-pmc/pmc_after_dncnn3_bench_interior_8h.bin	16777216	ce11cf29f52a9f6b02bcc4e80d034731dadb954737bd328da2972853ec197a0e
/root/afonso/zephyr-u-mode/zephyr-emlearn-silicon-v2/erbium-amp-probe/dncnn3-pmc/pmc_after_dncnn3_bench_nhwc_16h.bin	16777216	c7abb4b9db0fe1bb9bacd788e16a116cdfb500ff2e6fa461e48d0eac32bcedfc
/root/afonso/zephyr-u-mode/zephyr-emlearn-silicon-v2/erbium-amp-probe/dncnn3-pmc/pmc_after_dncnn3_bench_nhwc_1h.bin	16777216	067c46c81d0f16544ff7b7e76f22b7042f42870542afb948373b021b2bfb7b58
/root/afonso/zephyr-u-mode/zephyr-emlearn-silicon-v2/erbium-amp-probe/dncnn3-pmc/pmc_after_dncnn3_bench_nhwc_2h.bin	16777216	cb94a48c6d8ce9563239f9ba4d471745f5eb01057c9d6cc1c53518908e88606b
/root/afonso/zephyr-u-mode/zephyr-emlearn-silicon-v2/erbium-amp-probe/dncnn3-pmc/pmc_after_dncnn3_bench_nhwc_4h.bin	16777216	0c0bf9874759ac07ee515eb7d481850e35f756312bcc92441e8724d147f171d7
/root/afonso/zephyr-u-mode/zephyr-emlearn-silicon-v2/erbium-amp-probe/dncnn3-pmc/pmc_after_dncnn3_bench_nhwc_8h.bin	16777216	c46d9f0df1bd35afbd260afc18b518398adeb039dac5aa5d9b95c586ae71a461
/root/afonso/zephyr-u-mode/zephyr-emlearn-silicon-v2/erbium-amp-probe/dncnn3-pmc/pmc_after_dncnn3_bench_noprebar_16h.bin	16777216	ca7ace3b24e0eb9e8577f710d1ab5a192ad4c6736fa2344a7469a9d6a13b0e7f
/root/afonso/zephyr-u-mode/zephyr-emlearn-silicon-v2/erbium-amp-probe/dncnn3-pmc/pmc_after_dncnn3_bench_noprebar_1h.bin	16777216	adefe8d8ce75bb66289096814ff114d66acf66776fb1f2293d808ef18b8a31e1
/root/afonso/zephyr-u-mode/zephyr-emlearn-silicon-v2/erbium-amp-probe/dncnn3-pmc/pmc_after_dncnn3_bench_noprebar_2h.bin	16777216	d1c3a36b5e6d107e77a92d1a1c26836e36c86003f988db3c92a5f931c15b2cb9
/root/afonso/zephyr-u-mode/zephyr-emlearn-silicon-v2/erbium-amp-probe/dncnn3-pmc/pmc_after_dncnn3_bench_noprebar_4h.bin	16777216	384d23b5cdf96e96b09cd7a10e34aa65666519a36a2ad845cd4a9ceb3101c642
/root/afonso/zephyr-u-mode/zephyr-emlearn-silicon-v2/erbium-amp-probe/dncnn3-pmc/pmc_after_dncnn3_bench_noprebar_8h.bin	16777216	f4f2377d68bbe2ab61edc3ed9cc9280468279b7d1115b5fc560d3158137cc890
/root/afonso/zephyr-u-mode/zephyr-emlearn-silicon-v2/erbium-amp-probe/dncnn3-pmc/pmc_after_dncnn3_bench_window_16h.bin	16777216	d24bb391097f827ca1f1b68a7915c1e18939250242bf1415cee63e5835f21476
/root/afonso/zephyr-u-mode/zephyr-emlearn-silicon-v2/erbium-amp-probe/dncnn3-pmc/pmc_after_dncnn3_bench_window_1h.bin	16777216	ed6643748cdc98f46f34605490243ee1c85024c98d81e40157e4e39d1664c631
/root/afonso/zephyr-u-mode/zephyr-emlearn-silicon-v2/erbium-amp-probe/dncnn3-pmc/pmc_after_dncnn3_bench_window_2h.bin	16777216	0fb2bb31e62156891077778429580b9173070908482f89420ebd80474972687f
/root/afonso/zephyr-u-mode/zephyr-emlearn-silicon-v2/erbium-amp-probe/dncnn3-pmc/pmc_after_dncnn3_bench_window_4h.bin	16777216	c76ce3d9eabc9aa928757fc6a6bb333cb249294cdc15b1dee52c2bf5724dc89b
/root/afonso/zephyr-u-mode/zephyr-emlearn-silicon-v2/erbium-amp-probe/dncnn3-pmc/pmc_after_dncnn3_bench_window_8h.bin	16777216	b8a3ddb47e97899bb6439305711613341bfccebdb5071c81c9cdf73fc9effd01
/root/afonso/zephyr-u-mode/zephyr-emlearn-silicon-v2/erbium-amp-probe/dncnn3-pmc/pmc_before_control.bin	16777216	f882fd01d68936ce4130c5d160c0650f33721e978ce9861ad74ef6544d4a005c
/root/afonso/zephyr-u-mode/zephyr-emlearn-silicon-v2/erbium-amp-probe/dncnn3-pmc/pmc_before_dncnn3_bench_16h.bin	16777216	e7df92a266b4e8e178ce61419f9a8c62a3c023dc4413f07b5318bdbe78acec6e
/root/afonso/zephyr-u-mode/zephyr-emlearn-silicon-v2/erbium-amp-probe/dncnn3-pmc/pmc_before_dncnn3_bench_1h.bin	16777216	d5c149b40db2cb39565ef3af922a3863ccfad38eb654107354a3254f90190db4
/root/afonso/zephyr-u-mode/zephyr-emlearn-silicon-v2/erbium-amp-probe/dncnn3-pmc/pmc_before_dncnn3_bench_2h.bin	16777216	853b20169ee4050bb2c7a27df6f57cb5b6a86d6d626ff14655eedf8814887c47
/root/afonso/zephyr-u-mode/zephyr-emlearn-silicon-v2/erbium-amp-probe/dncnn3-pmc/pmc_before_dncnn3_bench_4h.bin	16777216	fd5f0bf9876b662e8fc7df10de38327d5df0a1e241292fec0bf041171ad67554
/root/afonso/zephyr-u-mode/zephyr-emlearn-silicon-v2/erbium-amp-probe/dncnn3-pmc/pmc_before_dncnn3_bench_8h.bin	16777216	0561d20929b53ec2a529a5ba79cb6291dc1130b96cbed974e0b95dbf46501015
/root/afonso/zephyr-u-mode/zephyr-emlearn-silicon-v2/erbium-amp-probe/dncnn3-pmc/pmc_before_dncnn3_bench_allch_16h.bin	16777216	77a611bab9f7ff344c2dcae7513c9559cbb63d5cd304c94ccd67bfaeaba86ed5
/root/afonso/zephyr-u-mode/zephyr-emlearn-silicon-v2/erbium-amp-probe/dncnn3-pmc/pmc_before_dncnn3_bench_allch_1h.bin	16777216	6c5dccd5b1215fca208c025e60bb6cca010a94f048b17182544a43f199bb7ea8
/root/afonso/zephyr-u-mode/zephyr-emlearn-silicon-v2/erbium-amp-probe/dncnn3-pmc/pmc_before_dncnn3_bench_allch_2h.bin	16777216	db95ef92d6e35082a2a3ab59175e421b54267352d6bfda1d9ab2768d71c58065
/root/afonso/zephyr-u-mode/zephyr-emlearn-silicon-v2/erbium-amp-probe/dncnn3-pmc/pmc_before_dncnn3_bench_allch_4h.bin	16777216	f1d047ccc4ecdb813fb0a885ba3d820fc64e6d804158801dad7f8522de7dec42
/root/afonso/zephyr-u-mode/zephyr-emlearn-silicon-v2/erbium-amp-probe/dncnn3-pmc/pmc_before_dncnn3_bench_allch_8h.bin	16777216	ec94b9e76925485ffa48f36326403f2e0ab60b910d3b7bc19e980c75adb498f7
/root/afonso/zephyr-u-mode/zephyr-emlearn-silicon-v2/erbium-amp-probe/dncnn3-pmc/pmc_before_dncnn3_bench_best_16h.bin	16777216	6bbd6224a0332de06304da2b9dddee06b504603bae8c4a61bb46cfe7ac4c6fde
/root/afonso/zephyr-u-mode/zephyr-emlearn-silicon-v2/erbium-amp-probe/dncnn3-pmc/pmc_before_dncnn3_bench_best_1h.bin	16777216	3be28542bc1ccef1f6f301aba6753b386de37a9970578ef22102dd48bc335a82
/root/afonso/zephyr-u-mode/zephyr-emlearn-silicon-v2/erbium-amp-probe/dncnn3-pmc/pmc_before_dncnn3_bench_best_2h.bin	16777216	20fdc6672285d78bd8c455861b307cadb8663962d704489c3a6968a622100185
/root/afonso/zephyr-u-mode/zephyr-emlearn-silicon-v2/erbium-amp-probe/dncnn3-pmc/pmc_before_dncnn3_bench_best_4h.bin	16777216	fa47c115e898f5825c1fbeaccd10f030a27e4cd46521f2ee57909c0ec1457868
/root/afonso/zephyr-u-mode/zephyr-emlearn-silicon-v2/erbium-amp-probe/dncnn3-pmc/pmc_before_dncnn3_bench_best_8h.bin	16777216	e8c44f8bbc12894585caaf7b3967eafebe7dadc2ef1226217782fd8d7dd060a4
/root/afonso/zephyr-u-mode/zephyr-emlearn-silicon-v2/erbium-amp-probe/dncnn3-pmc/pmc_before_dncnn3_bench_boundary_16h.bin	16777216	cb9e79760504f8a8af1afd7a43974089463591da5e8bcccf75a7aa90897f93ac
/root/afonso/zephyr-u-mode/zephyr-emlearn-silicon-v2/erbium-amp-probe/dncnn3-pmc/pmc_before_dncnn3_bench_boundary_1h.bin	16777216	58cb6d3d43b6699d88b15093670cbe4e93dfb72f3fee10b99b25be260b7301ff
/root/afonso/zephyr-u-mode/zephyr-emlearn-silicon-v2/erbium-amp-probe/dncnn3-pmc/pmc_before_dncnn3_bench_boundary_2h.bin	16777216	052de35580620dc668ac499c327861b522411b4d0c5e84c82f86507f1b774495
/root/afonso/zephyr-u-mode/zephyr-emlearn-silicon-v2/erbium-amp-probe/dncnn3-pmc/pmc_before_dncnn3_bench_boundary_4h.bin	16777216	4bbbb773c265caff3e1afefd5249cfbd7096c070967fbbfff08a3027e8948f15
/root/afonso/zephyr-u-mode/zephyr-emlearn-silicon-v2/erbium-amp-probe/dncnn3-pmc/pmc_before_dncnn3_bench_boundary_8h.bin	16777216	1fa27a3d31a7ea814dc059e47ed46c9914ea2c302f5c55b577199664fe14d429
/root/afonso/zephyr-u-mode/zephyr-emlearn-silicon-v2/erbium-amp-probe/dncnn3-pmc/pmc_before_dncnn3_bench_interior_16h.bin	16777216	478c8b22d5dbbbe0f6abf13a3d5f599ec583c7f6aa821ef4c5f5dfb2bc564578
/root/afonso/zephyr-u-mode/zephyr-emlearn-silicon-v2/erbium-amp-probe/dncnn3-pmc/pmc_before_dncnn3_bench_interior_1h.bin	16777216	2784fc5c4a223e08feb927ec6c342f1afe00da74583ddec87b64c13365a7c843
/root/afonso/zephyr-u-mode/zephyr-emlearn-silicon-v2/erbium-amp-probe/dncnn3-pmc/pmc_before_dncnn3_bench_interior_2h.bin	16777216	6f5b1d6c9d3257978460aec219cf643ceae526bfe4588fd80185cf900dc763d7
/root/afonso/zephyr-u-mode/zephyr-emlearn-silicon-v2/erbium-amp-probe/dncnn3-pmc/pmc_before_dncnn3_bench_interior_4h.bin	16777216	3488ed61db43ce95b9ba3bf3ba2403051a0773c6e558b6c062b57a13164b289e
/root/afonso/zephyr-u-mode/zephyr-emlearn-silicon-v2/erbium-amp-probe/dncnn3-pmc/pmc_before_dncnn3_bench_interior_8h.bin	16777216	75b4eb16ce70f7d8624460bdcdc304da996865ea958767996fc66eed693e87c3
/root/afonso/zephyr-u-mode/zephyr-emlearn-silicon-v2/erbium-amp-probe/dncnn3-pmc/pmc_before_dncnn3_bench_nhwc_16h.bin	16777216	c32e380c691ad50f814caadff0941cd1e3c56eb144dbf1981567756d972c71d9
/root/afonso/zephyr-u-mode/zephyr-emlearn-silicon-v2/erbium-amp-probe/dncnn3-pmc/pmc_before_dncnn3_bench_nhwc_1h.bin	16777216	35f33fc8ca94d52a70c39d78091c2c3037bda75d7b599331f12bf10232e49bb2
/root/afonso/zephyr-u-mode/zephyr-emlearn-silicon-v2/erbium-amp-probe/dncnn3-pmc/pmc_before_dncnn3_bench_nhwc_2h.bin	16777216	87322ee926737cbeaf431c05171263ba87b0dfbec157be41c363c7d7444e658e
/root/afonso/zephyr-u-mode/zephyr-emlearn-silicon-v2/erbium-amp-probe/dncnn3-pmc/pmc_before_dncnn3_bench_nhwc_4h.bin	16777216	b1c565161369bcbb157f1bbe86a629b99a6ca7db4f839d27dd73f9c874d3e9c8
/root/afonso/zephyr-u-mode/zephyr-emlearn-silicon-v2/erbium-amp-probe/dncnn3-pmc/pmc_before_dncnn3_bench_nhwc_8h.bin	16777216	ae5b8005d6ed270d896f0d65cfa43e76b60933677d3f43a7bc3c140afc6743b7
/root/afonso/zephyr-u-mode/zephyr-emlearn-silicon-v2/erbium-amp-probe/dncnn3-pmc/pmc_before_dncnn3_bench_noprebar_16h.bin	16777216	2366a7ddb7fec231b22603834e765b6489f90236911170d141cf572e979c85a0
/root/afonso/zephyr-u-mode/zephyr-emlearn-silicon-v2/erbium-amp-probe/dncnn3-pmc/pmc_before_dncnn3_bench_noprebar_1h.bin	16777216	42cd5ead18c4d17eb0d0ea37e005ad46424595f9ba89e8bf85f8f0445dd20dfb
/root/afonso/zephyr-u-mode/zephyr-emlearn-silicon-v2/erbium-amp-probe/dncnn3-pmc/pmc_before_dncnn3_bench_noprebar_2h.bin	16777216	3f8e098f34c6ffe5bb7953a7f8db68417629f427cf9d951c08e6c1323ed6a797
/root/afonso/zephyr-u-mode/zephyr-emlearn-silicon-v2/erbium-amp-probe/dncnn3-pmc/pmc_before_dncnn3_bench_noprebar_4h.bin	16777216	dbb47288331e9d5455eabd46745b3e93eca118eb464c136d71c3e8b115c5def4
/root/afonso/zephyr-u-mode/zephyr-emlearn-silicon-v2/erbium-amp-probe/dncnn3-pmc/pmc_before_dncnn3_bench_noprebar_8h.bin	16777216	bfec6426a304ecd74c90b4a37878a62c3769fba98c4d44c94c332f9b9a20c90d
/root/afonso/zephyr-u-mode/zephyr-emlearn-silicon-v2/erbium-amp-probe/dncnn3-pmc/pmc_before_dncnn3_bench_window_16h.bin	16777216	7865a80beba801cdf7bc50f7d9df683714fe7e361296f7738b982a2cc5561f7a
/root/afonso/zephyr-u-mode/zephyr-emlearn-silicon-v2/erbium-amp-probe/dncnn3-pmc/pmc_before_dncnn3_bench_window_1h.bin	16777216	a4b7475c720ad60db3edf702200da51d4f82283ed85cc2539913f5740ec3b5c2
/root/afonso/zephyr-u-mode/zephyr-emlearn-silicon-v2/erbium-amp-probe/dncnn3-pmc/pmc_before_dncnn3_bench_window_2h.bin	16777216	cf42db90f515136c3fbd5e386f1ab76b093d507833f030ae41126a4d47677a8c
/root/afonso/zephyr-u-mode/zephyr-emlearn-silicon-v2/erbium-amp-probe/dncnn3-pmc/pmc_before_dncnn3_bench_window_4h.bin	16777216	8fe7bee3452508cbe042b2639071b3c438bd444e3927c45c5efa1beaeea15098
/root/afonso/zephyr-u-mode/zephyr-emlearn-silicon-v2/erbium-amp-probe/dncnn3-pmc/pmc_before_dncnn3_bench_window_8h.bin	16777216	9a6920145e55d6604ba3cf7f5f1c818a3d969cb67c22572720c8b39eb0df82fe
/root/afonso/zephyr-u-mode/zephyr-emlearn-silicon-v2/erbium-amp-probe/dncnn3-pmc/pmc_snapshot.c	5623	5213cc67bdd5d4ba6824ddfbff3aec1f917a66cf87365dc77769c770cecee4cd
/root/afonso/zephyr-u-mode/zephyr-emlearn-silicon-v2/erbium-amp-probe/dncnn3-pmc/pmc_snapshot_16h.elf	12160	99634b24adb16fef4c07b7a6936d255451e83d08b2d9a4be2a24d99f3265a2a5
/root/afonso/zephyr-u-mode/zephyr-emlearn-silicon-v2/erbium-amp-probe/dncnn3-pmc/run_pmc_after_control_20260501-095045.log	4950	8c7601122be6bad07d493f0d85c68761658bd9e0b83e9dbcfaa8c93bc4b621f9
/root/afonso/zephyr-u-mode/zephyr-emlearn-silicon-v2/erbium-amp-probe/dncnn3-pmc/run_pmc_after_control_20260501-095522.log	4951	38cebede5a77dc0d074c43be6653d9377ad7e52b59128043ae7cd4f57085776b
/root/afonso/zephyr-u-mode/zephyr-emlearn-silicon-v2/erbium-amp-probe/dncnn3-pmc/run_pmc_after_dncnn3_bench_16h_20260501-095158.log	4960	3fb03b8a59ab1c0f48009588018f7129f584d54e92ae3309f0754cc741e8a5cd
/root/afonso/zephyr-u-mode/zephyr-emlearn-silicon-v2/erbium-amp-probe/dncnn3-pmc/run_pmc_after_dncnn3_bench_16h_20260501-095706.log	4960	61dee4f3010937ec23f77165abab1c9e2e7adb5859a67c1a672d1db7c03e103a
/root/afonso/zephyr-u-mode/zephyr-emlearn-silicon-v2/erbium-amp-probe/dncnn3-pmc/run_pmc_after_dncnn3_bench_1h_20260501-095119.log	4958	487f34913c1e4c22aaaac1e92c81e59ac8c26463f0ae146e3d3aad941f6797fd
/root/afonso/zephyr-u-mode/zephyr-emlearn-silicon-v2/erbium-amp-probe/dncnn3-pmc/run_pmc_after_dncnn3_bench_1h_20260501-095556.log	4959	17277931e3b045366a60d61b93f779363f22e5bd1fa2c90b2d17a14e421f31b6
/root/afonso/zephyr-u-mode/zephyr-emlearn-silicon-v2/erbium-amp-probe/dncnn3-pmc/run_pmc_after_dncnn3_bench_2h_20260501-095138.log	4958	867252828677481633a62c2bfe86ec21f44351199a4fbf0e82711d9a97ad558e
/root/afonso/zephyr-u-mode/zephyr-emlearn-silicon-v2/erbium-amp-probe/dncnn3-pmc/run_pmc_after_dncnn3_bench_2h_20260501-095615.log	4959	8b014f9505e563f76e916191bbd132196b15b590ccb608d191afb47135ba72bb
/root/afonso/zephyr-u-mode/zephyr-emlearn-silicon-v2/erbium-amp-probe/dncnn3-pmc/run_pmc_after_dncnn3_bench_4h_20260501-095149.log	4959	1d0f6654b005579ada2f46952a671cf9d88df42cc26324b2374974182fe68f6a
/root/afonso/zephyr-u-mode/zephyr-emlearn-silicon-v2/erbium-amp-probe/dncnn3-pmc/run_pmc_after_dncnn3_bench_4h_20260501-095636.log	4959	f2dc6427bdea43f40789ddb7bc932ebf03b43f13c1548e773d39373396223f0b
/root/afonso/zephyr-u-mode/zephyr-emlearn-silicon-v2/erbium-amp-probe/dncnn3-pmc/run_pmc_after_dncnn3_bench_8h_20260501-095154.log	4959	644c03886f03bda63a8860a97875e6a40c29632ceb43433d11555fcfee0d4df0
/root/afonso/zephyr-u-mode/zephyr-emlearn-silicon-v2/erbium-amp-probe/dncnn3-pmc/run_pmc_after_dncnn3_bench_8h_20260501-095652.log	4959	7e8bb5456b491c93713665686ce1b0c510fe1bcf6756a1774c4c92e62114d44e
/root/afonso/zephyr-u-mode/zephyr-emlearn-silicon-v2/erbium-amp-probe/dncnn3-pmc/run_pmc_after_dncnn3_bench_allch_16h_20260501-095342.log	4966	e9898ae9d91324123b9aacff89f0ca6f83fdcf784f409e19952738b916554c80
/root/afonso/zephyr-u-mode/zephyr-emlearn-silicon-v2/erbium-amp-probe/dncnn3-pmc/run_pmc_after_dncnn3_bench_allch_16h_20260501-095851.log	4966	6a53e06bf3aaf020738eeced52c26baa1937cf78a057a9c6d69c3957bd7d99c5
/root/afonso/zephyr-u-mode/zephyr-emlearn-silicon-v2/erbium-amp-probe/dncnn3-pmc/run_pmc_after_dncnn3_bench_allch_1h_20260501-095331.log	4965	40a874743bb88eded5c2c0da125802a31e2ded2d28d5c20ac7974a4e9cd8b396
/root/afonso/zephyr-u-mode/zephyr-emlearn-silicon-v2/erbium-amp-probe/dncnn3-pmc/run_pmc_after_dncnn3_bench_allch_1h_20260501-095840.log	4965	8ab03b0e94932c30db4a354b7ba1c605a602761bf2715a522e5a599cc5ab3387
/root/afonso/zephyr-u-mode/zephyr-emlearn-silicon-v2/erbium-amp-probe/dncnn3-pmc/run_pmc_after_dncnn3_bench_allch_2h_20260501-095336.log	4965	947e30d9e91ee6bc9d725d8ae5454f50e85ec2de7c745a80fc039f8958f7afe7
/root/afonso/zephyr-u-mode/zephyr-emlearn-silicon-v2/erbium-amp-probe/dncnn3-pmc/run_pmc_after_dncnn3_bench_allch_2h_20260501-095845.log	4965	29df4caa0c63e8ab62bc10b1f16f03a67406e91431d92fbed1b2c17c8577e7c7
/root/afonso/zephyr-u-mode/zephyr-emlearn-silicon-v2/erbium-amp-probe/dncnn3-pmc/run_pmc_after_dncnn3_bench_allch_4h_20260501-095339.log	4965	f29063674defcd6e975fc4404837e0c34a4c28124d05ebd9c5cac498cb21c777
/root/afonso/zephyr-u-mode/zephyr-emlearn-silicon-v2/erbium-amp-probe/dncnn3-pmc/run_pmc_after_dncnn3_bench_allch_4h_20260501-095848.log	4965	06594b76aba8fdc453eb98f497545c65ebe59dc05d9f47b5240adf010ad59f1f
/root/afonso/zephyr-u-mode/zephyr-emlearn-silicon-v2/erbium-amp-probe/dncnn3-pmc/run_pmc_after_dncnn3_bench_allch_8h_20260501-095340.log	4965	5fde458de50c1b3642772f91caa0f8d28186917b507e9781388593d4c30618ca
/root/afonso/zephyr-u-mode/zephyr-emlearn-silicon-v2/erbium-amp-probe/dncnn3-pmc/run_pmc_after_dncnn3_bench_allch_8h_20260501-095849.log	4965	6f1b84c512a00696768da1650487f79cac4b3a7521efcd314d2de6cb9ea51171
/root/afonso/zephyr-u-mode/zephyr-emlearn-silicon-v2/erbium-amp-probe/dncnn3-pmc/run_pmc_after_dncnn3_bench_best_16h_20260501-095357.log	4965	305e05ae4c414a420b4c27cb1990f6dc4fb1dd8b954df53acd6cceaa56d39e02
/root/afonso/zephyr-u-mode/zephyr-emlearn-silicon-v2/erbium-amp-probe/dncnn3-pmc/run_pmc_after_dncnn3_bench_best_16h_20260501-095907.log	4965	593c18f1a6b6a9cffe19c96fcb80ade2c14dbcd9a7d68f3f61cfa433b103dc6c
/root/afonso/zephyr-u-mode/zephyr-emlearn-silicon-v2/erbium-amp-probe/dncnn3-pmc/run_pmc_after_dncnn3_bench_best_1h_20260501-095347.log	4964	10030b13a1963ab4a0706c01b73313956d4341efc0b92dbb48c52f074e9996fd
/root/afonso/zephyr-u-mode/zephyr-emlearn-silicon-v2/erbium-amp-probe/dncnn3-pmc/run_pmc_after_dncnn3_bench_best_1h_20260501-095856.log	4964	aa2540a4ea9e6ba7f6e8cfc32f65dd23b563580fe90526fcc78f62cde65ac040
/root/afonso/zephyr-u-mode/zephyr-emlearn-silicon-v2/erbium-amp-probe/dncnn3-pmc/run_pmc_after_dncnn3_bench_best_2h_20260501-095352.log	4964	16040d330f82359b62c8ba0e8ef017d7c20281ef9b2f3e9ad9d3249a460805ca
/root/afonso/zephyr-u-mode/zephyr-emlearn-silicon-v2/erbium-amp-probe/dncnn3-pmc/run_pmc_after_dncnn3_bench_best_2h_20260501-095901.log	4964	c79658c5ecc6caed3b627b76b4a1e765777e5661a49ac7818833e206768195c8
/root/afonso/zephyr-u-mode/zephyr-emlearn-silicon-v2/erbium-amp-probe/dncnn3-pmc/run_pmc_after_dncnn3_bench_best_4h_20260501-095354.log	4964	cb768942eceecdf6dd355b3e5edf5e5c0c070452895948537d7ab6dbcaf8ea45
/root/afonso/zephyr-u-mode/zephyr-emlearn-silicon-v2/erbium-amp-probe/dncnn3-pmc/run_pmc_after_dncnn3_bench_best_4h_20260501-095903.log	4964	929b204a9cfd4154533e73ea5d72aa852ca68c6c9747483a46173771482642e1
/root/afonso/zephyr-u-mode/zephyr-emlearn-silicon-v2/erbium-amp-probe/dncnn3-pmc/run_pmc_after_dncnn3_bench_best_8h_20260501-095356.log	4964	99fe15e765b0db2c2f41441546f3b4fb09f2a474f3647be7e16ab2ebad17c7ed
/root/afonso/zephyr-u-mode/zephyr-emlearn-silicon-v2/erbium-amp-probe/dncnn3-pmc/run_pmc_after_dncnn3_bench_best_8h_20260501-095905.log	4964	0b6e0b8e946b232f86c7416a182202bd8230b40f29b25b15512edde5489debf1
/root/afonso/zephyr-u-mode/zephyr-emlearn-silicon-v2/erbium-amp-probe/dncnn3-pmc/run_pmc_after_dncnn3_bench_boundary_16h_20260501-100207.log	4969	e8867d113475e934c126c5b97659c7dc6d39c866176ff05ccba6eb2acd99156c
/root/afonso/zephyr-u-mode/zephyr-emlearn-silicon-v2/erbium-amp-probe/dncnn3-pmc/run_pmc_after_dncnn3_bench_boundary_1h_20260501-100156.log	4968	e5a57f919de1d52e6b7e30ba7849409713f2728c140f448aa0734489c8e0220e
/root/afonso/zephyr-u-mode/zephyr-emlearn-silicon-v2/erbium-amp-probe/dncnn3-pmc/run_pmc_after_dncnn3_bench_boundary_2h_20260501-100201.log	4968	beb3f45abab861e06d0e1afe727c1003b71cec1c15afbb6841bdd082a5ac5fe2
/root/afonso/zephyr-u-mode/zephyr-emlearn-silicon-v2/erbium-amp-probe/dncnn3-pmc/run_pmc_after_dncnn3_bench_boundary_4h_20260501-100204.log	4968	a95ad2f80e816068e002002a6f0b5bcb7bd3af6b9f7d6063d7a8960fa0c4cbac
/root/afonso/zephyr-u-mode/zephyr-emlearn-silicon-v2/erbium-amp-probe/dncnn3-pmc/run_pmc_after_dncnn3_bench_boundary_8h_20260501-100205.log	4968	ac73e16bc866d1b3e44e8ee34ecf456f7b41b67f4e370c789ea609e3c85cabc0
/root/afonso/zephyr-u-mode/zephyr-emlearn-silicon-v2/erbium-amp-probe/dncnn3-pmc/run_pmc_after_dncnn3_bench_interior_16h_20260501-095324.log	4969	af47d8dfd9226cdb17c2b6ad76fa0551e984f8fc94ca143d11336bef2259a29e
/root/afonso/zephyr-u-mode/zephyr-emlearn-silicon-v2/erbium-amp-probe/dncnn3-pmc/run_pmc_after_dncnn3_bench_interior_16h_20260501-095833.log	4969	49786e20cea70fa2c3d9fa6bec1917702ece3b81800a74be47ea95f560cf8b3e
/root/afonso/zephyr-u-mode/zephyr-emlearn-silicon-v2/erbium-amp-probe/dncnn3-pmc/run_pmc_after_dncnn3_bench_interior_1h_20260501-095314.log	4968	847a311213414bdcffb0662505a0d66ca3fbd4851211fa5d3f32c028de512814
/root/afonso/zephyr-u-mode/zephyr-emlearn-silicon-v2/erbium-amp-probe/dncnn3-pmc/run_pmc_after_dncnn3_bench_interior_1h_20260501-095823.log	4968	1a596904e361a27ce0bed196a16eadc8a4fee1c5044462b556bf84d0dcae8b1b
/root/afonso/zephyr-u-mode/zephyr-emlearn-silicon-v2/erbium-amp-probe/dncnn3-pmc/run_pmc_after_dncnn3_bench_interior_2h_20260501-095318.log	4968	4748165b469508c805d7331cc67250cfa63045965d406340baec880d7f87361e
/root/afonso/zephyr-u-mode/zephyr-emlearn-silicon-v2/erbium-amp-probe/dncnn3-pmc/run_pmc_after_dncnn3_bench_interior_2h_20260501-095827.log	4967	d55a925ff3d32fb2867975f6b7ee28b7159413f227625279f3c8f195f31ba120
/root/afonso/zephyr-u-mode/zephyr-emlearn-silicon-v2/erbium-amp-probe/dncnn3-pmc/run_pmc_after_dncnn3_bench_interior_4h_20260501-095321.log	4968	c9c01862a8ca893c277d73a28c1469fc830403c566c9f81d630050f4d1d41988
/root/afonso/zephyr-u-mode/zephyr-emlearn-silicon-v2/erbium-amp-probe/dncnn3-pmc/run_pmc_after_dncnn3_bench_interior_4h_20260501-095830.log	4967	9a75c88cffa460437a65f0c1e5631e1c04a79f9a7ae6933e0f17dc0d8323f525
/root/afonso/zephyr-u-mode/zephyr-emlearn-silicon-v2/erbium-amp-probe/dncnn3-pmc/run_pmc_after_dncnn3_bench_interior_8h_20260501-095323.log	4968	e0b206f49d3af17765c5392e66c75832cfdb5ba26962c02829ada22393efc601
/root/afonso/zephyr-u-mode/zephyr-emlearn-silicon-v2/erbium-amp-probe/dncnn3-pmc/run_pmc_after_dncnn3_bench_interior_8h_20260501-095832.log	4968	ebf6ae219f191b3c4cafe989033cb69d5482ea0a65375fd796b0ae342efb993f
/root/afonso/zephyr-u-mode/zephyr-emlearn-silicon-v2/erbium-amp-probe/dncnn3-pmc/run_pmc_after_dncnn3_bench_nhwc_16h_20260501-095309.log	4965	a2b4df57216a087dee10cab4664aeb7a60915305380731bcbe90aa8a5074ac0d
/root/afonso/zephyr-u-mode/zephyr-emlearn-silicon-v2/erbium-amp-probe/dncnn3-pmc/run_pmc_after_dncnn3_bench_nhwc_16h_20260501-095817.log	4965	cbd4a0e0a75118dc9afc8569c72ea6055fde2355c0e1acee7f3a82c6bb8af5b2
/root/afonso/zephyr-u-mode/zephyr-emlearn-silicon-v2/erbium-amp-probe/dncnn3-pmc/run_pmc_after_dncnn3_bench_nhwc_1h_20260501-095256.log	4964	5ec312d081ae414ab545ea0ad1553248433407dd843bb9d1e9de8c287f5bf6e5
/root/afonso/zephyr-u-mode/zephyr-emlearn-silicon-v2/erbium-amp-probe/dncnn3-pmc/run_pmc_after_dncnn3_bench_nhwc_1h_20260501-095805.log	4964	25d0965954b8aec9f37d0b085dd40be0f0d0c61cfb207b74036ddc6b527db6e4
/root/afonso/zephyr-u-mode/zephyr-emlearn-silicon-v2/erbium-amp-probe/dncnn3-pmc/run_pmc_after_dncnn3_bench_nhwc_2h_20260501-095302.log	4964	3887c539c4efe42aae4d8f9f78edcfbe307c0189ec7368a83f1b63ae9224bc05
/root/afonso/zephyr-u-mode/zephyr-emlearn-silicon-v2/erbium-amp-probe/dncnn3-pmc/run_pmc_after_dncnn3_bench_nhwc_2h_20260501-095810.log	4964	be94fb3d1d6e0682b1149cc13a34d42547e1f83d26c163379e64aee4d32cb212
/root/afonso/zephyr-u-mode/zephyr-emlearn-silicon-v2/erbium-amp-probe/dncnn3-pmc/run_pmc_after_dncnn3_bench_nhwc_4h_20260501-095305.log	4964	add7bba4061d8724e93b3ddfdb7ad76062d4282abbf7b6b0afeb384a30f6633b
/root/afonso/zephyr-u-mode/zephyr-emlearn-silicon-v2/erbium-amp-probe/dncnn3-pmc/run_pmc_after_dncnn3_bench_nhwc_4h_20260501-095814.log	4964	e22c1462a9e1e62cce313a82b47c2fb08d55531ebade348c7a03d3567ba06bc0
/root/afonso/zephyr-u-mode/zephyr-emlearn-silicon-v2/erbium-amp-probe/dncnn3-pmc/run_pmc_after_dncnn3_bench_nhwc_8h_20260501-095307.log	4964	c02a15d7de359290fe0a7b66fc2baed5b2bc97957c46ac90911ac73b9d57bb61
/root/afonso/zephyr-u-mode/zephyr-emlearn-silicon-v2/erbium-amp-probe/dncnn3-pmc/run_pmc_after_dncnn3_bench_nhwc_8h_20260501-095816.log	4964	b29ea81ffaed504bc2ba031a9a5a8078ed254ce1e11c37d4be65d539dcdad0c3
/root/afonso/zephyr-u-mode/zephyr-emlearn-silicon-v2/erbium-amp-probe/dncnn3-pmc/run_pmc_after_dncnn3_bench_noprebar_16h_20260501-095248.log	4969	1da445c51c370044176b2183c345d0ded62c6d686c08d4140f97e33ece6d3940
/root/afonso/zephyr-u-mode/zephyr-emlearn-silicon-v2/erbium-amp-probe/dncnn3-pmc/run_pmc_after_dncnn3_bench_noprebar_16h_20260501-095757.log	4969	5ea9c280ef7d8fede642eff93364252c651578f6d98aab4eb76157cf18f7d655
/root/afonso/zephyr-u-mode/zephyr-emlearn-silicon-v2/erbium-amp-probe/dncnn3-pmc/run_pmc_after_dncnn3_bench_noprebar_1h_20260501-095234.log	4968	2ccfd9e25d36a12ccade345fae13ab8452b0fdca6bd122782e1e8bcba5ce375e
/root/afonso/zephyr-u-mode/zephyr-emlearn-silicon-v2/erbium-amp-probe/dncnn3-pmc/run_pmc_after_dncnn3_bench_noprebar_1h_20260501-095743.log	4968	0c41029aa23abd6eb4062362021723d7a9748a7255555fc5ccad96dd6ba2d5c3
/root/afonso/zephyr-u-mode/zephyr-emlearn-silicon-v2/erbium-amp-probe/dncnn3-pmc/run_pmc_after_dncnn3_bench_noprebar_2h_20260501-095240.log	4968	ab415bbcc50ebbe8bdf6496d21758829479c7495225e583c177b267e22e22020
/root/afonso/zephyr-u-mode/zephyr-emlearn-silicon-v2/erbium-amp-probe/dncnn3-pmc/run_pmc_after_dncnn3_bench_noprebar_2h_20260501-095749.log	4968	2380c775e6c6e3a2031532030748979f600c545028c3c2da44201594ff22a018
/root/afonso/zephyr-u-mode/zephyr-emlearn-silicon-v2/erbium-amp-probe/dncnn3-pmc/run_pmc_after_dncnn3_bench_noprebar_4h_20260501-095244.log	4968	d83e0cc2f9bd5d962ee0ca25b5ac2cc579e23df7e8c62aff6b756135c8ea01bc
/root/afonso/zephyr-u-mode/zephyr-emlearn-silicon-v2/erbium-amp-probe/dncnn3-pmc/run_pmc_after_dncnn3_bench_noprebar_4h_20260501-095753.log	4968	a23e0c5e80c7468bcbb647c956dcd96c823f35d67883fe5ddea5ddd86c106660
/root/afonso/zephyr-u-mode/zephyr-emlearn-silicon-v2/erbium-amp-probe/dncnn3-pmc/run_pmc_after_dncnn3_bench_noprebar_8h_20260501-095247.log	4967	28978e1302340021befa3d1a8232bad171daa69981adb0a777f0110a41693cd2
/root/afonso/zephyr-u-mode/zephyr-emlearn-silicon-v2/erbium-amp-probe/dncnn3-pmc/run_pmc_after_dncnn3_bench_noprebar_8h_20260501-095755.log	4967	bbcc306c7467f0923dcc52b9e8696152f0bfab9474ffa9f417275d6e44e7adbd
/root/afonso/zephyr-u-mode/zephyr-emlearn-silicon-v2/erbium-amp-probe/dncnn3-pmc/run_pmc_after_dncnn3_bench_window_16h_20260501-095223.log	4967	da1e483f192f6617161d94c880ac9128a31ca107037105d6217357f946a1a919
/root/afonso/zephyr-u-mode/zephyr-emlearn-silicon-v2/erbium-amp-probe/dncnn3-pmc/run_pmc_after_dncnn3_bench_window_16h_20260501-095732.log	4967	eafa2a577994bbc628baf2f945631376504ab6aa35eae3767e90a3c25a3cad13
/root/afonso/zephyr-u-mode/zephyr-emlearn-silicon-v2/erbium-amp-probe/dncnn3-pmc/run_pmc_after_dncnn3_bench_window_1h_20260501-095208.log	4963	ada0bf5aa0ee2047e54be8edb0dd9a69b2d7a01b08843ba45af18201d69a0dec
/root/afonso/zephyr-u-mode/zephyr-emlearn-silicon-v2/erbium-amp-probe/dncnn3-pmc/run_pmc_after_dncnn3_bench_window_1h_20260501-095717.log	4966	4375f9497828dc785c1cae7a3b8503041eff9b22db0070342081328152f2b718
/root/afonso/zephyr-u-mode/zephyr-emlearn-silicon-v2/erbium-amp-probe/dncnn3-pmc/run_pmc_after_dncnn3_bench_window_2h_20260501-095215.log	4966	57524f07543d8caacf7147c94e48144a304d364a8b068c4998f1d35d6fbbebd5
/root/afonso/zephyr-u-mode/zephyr-emlearn-silicon-v2/erbium-amp-probe/dncnn3-pmc/run_pmc_after_dncnn3_bench_window_2h_20260501-095724.log	4966	fb1ec65a6df04827b1c725b99438299b1f511acc4206211b00f736fe08e82631
/root/afonso/zephyr-u-mode/zephyr-emlearn-silicon-v2/erbium-amp-probe/dncnn3-pmc/run_pmc_after_dncnn3_bench_window_4h_20260501-095219.log	4966	5eefc70bd8d1b68373ecbe63d7e584ef629c163dba894b9128245af1730ee9a9
/root/afonso/zephyr-u-mode/zephyr-emlearn-silicon-v2/erbium-amp-probe/dncnn3-pmc/run_pmc_after_dncnn3_bench_window_4h_20260501-095728.log	4966	da7c4b5e0b0c144f4fbf9cd03ea65efa857e215b2177d89f06b1ce0c6945cad6
/root/afonso/zephyr-u-mode/zephyr-emlearn-silicon-v2/erbium-amp-probe/dncnn3-pmc/run_pmc_after_dncnn3_bench_window_8h_20260501-095221.log	4966	35fe7380cbf4e4a69e925fee6972052928abe8466cd0253eecc10595d45160c6
/root/afonso/zephyr-u-mode/zephyr-emlearn-silicon-v2/erbium-amp-probe/dncnn3-pmc/run_pmc_after_dncnn3_bench_window_8h_20260501-095730.log	4966	8d03eca7fc3188d830b72f9e418afbbb49bf368495ac36602026b6e9a29eb06b
/root/afonso/zephyr-u-mode/zephyr-emlearn-silicon-v2/erbium-amp-probe/dncnn3-pmc/run_pmc_before_control_20260501-095045.log	4952	7f0e5aea1c525b164c40a97ba3a31100e2add4a74b39a0b730a495b4ebb232c3
/root/afonso/zephyr-u-mode/zephyr-emlearn-silicon-v2/erbium-amp-probe/dncnn3-pmc/run_pmc_before_control_20260501-095521.log	4951	bbf179cd096607ac796b616fb47ef9882fd0fa2e2d74634bce4c335226e8e533
/root/afonso/zephyr-u-mode/zephyr-emlearn-silicon-v2/erbium-amp-probe/dncnn3-pmc/run_pmc_before_dncnn3_bench_16h_20260501-095155.log	4961	1b3e43bcaa94268fe78af2f2b1028d327cb0636d78a304cd280927c04303a6bf
/root/afonso/zephyr-u-mode/zephyr-emlearn-silicon-v2/erbium-amp-probe/dncnn3-pmc/run_pmc_before_dncnn3_bench_16h_20260501-095656.log	4961	68915532259c203eb55520496afe5da9d99c7efb0817b83cc02e4929627a3ab2
/root/afonso/zephyr-u-mode/zephyr-emlearn-silicon-v2/erbium-amp-probe/dncnn3-pmc/run_pmc_before_dncnn3_bench_1h_20260501-095045.log	4960	5a1199c46b155b1880b99d821e1e2886a8bc633e0ba6fcd4b7a5c4e4c2a07d45
/root/afonso/zephyr-u-mode/zephyr-emlearn-silicon-v2/erbium-amp-probe/dncnn3-pmc/run_pmc_before_dncnn3_bench_1h_20260501-095522.log	4960	3b0a2134aff159f20a1b610e6c961935d032ded4825f0c69cb5dd64041da4a33
/root/afonso/zephyr-u-mode/zephyr-emlearn-silicon-v2/erbium-amp-probe/dncnn3-pmc/run_pmc_before_dncnn3_bench_2h_20260501-095119.log	4960	82685a7f4edf7026950e1002410b3a6fd255b2a08afacac4a1c7b00157154ff1
/root/afonso/zephyr-u-mode/zephyr-emlearn-silicon-v2/erbium-amp-probe/dncnn3-pmc/run_pmc_before_dncnn3_bench_2h_20260501-095556.log	4960	2fd9f2fa06075f710b4fa622df403881210d13d4f3550035ba8d8b61ebdb1689
/root/afonso/zephyr-u-mode/zephyr-emlearn-silicon-v2/erbium-amp-probe/dncnn3-pmc/run_pmc_before_dncnn3_bench_4h_20260501-095139.log	4960	ace560f3f23ea042f6039a863598d0c966ee5d0913b21ce01a51ebe2deff0d39
/root/afonso/zephyr-u-mode/zephyr-emlearn-silicon-v2/erbium-amp-probe/dncnn3-pmc/run_pmc_before_dncnn3_bench_4h_20260501-095619.log	4960	f70b7b45ba10bc10e3bc29e1404028d812069af0e12e2fbd46740e5828e96a90
/root/afonso/zephyr-u-mode/zephyr-emlearn-silicon-v2/erbium-amp-probe/dncnn3-pmc/run_pmc_before_dncnn3_bench_8h_20260501-095149.log	4960	c13a4405e1d552c64ee6efded5abe5b75d145502f6e520a721ce18910ccc9639
/root/afonso/zephyr-u-mode/zephyr-emlearn-silicon-v2/erbium-amp-probe/dncnn3-pmc/run_pmc_before_dncnn3_bench_8h_20260501-095640.log	4960	b59d82e46d82ce36d23f74a4dc857d20ecf4b2d12f9b93cc62d6cf02737d7548
/root/afonso/zephyr-u-mode/zephyr-emlearn-silicon-v2/erbium-amp-probe/dncnn3-pmc/run_pmc_before_dncnn3_bench_allch_16h_20260501-095341.log	4967	cce0071c2ce7567caba39c322652bfb1bf12de49b52d228cc43e32a49e141d16
/root/afonso/zephyr-u-mode/zephyr-emlearn-silicon-v2/erbium-amp-probe/dncnn3-pmc/run_pmc_before_dncnn3_bench_allch_16h_20260501-095850.log	4967	f053fc50d87154f4de2fd0c04c33ffab6ec14a95dbe4f3be9a82cc6aea22994d
/root/afonso/zephyr-u-mode/zephyr-emlearn-silicon-v2/erbium-amp-probe/dncnn3-pmc/run_pmc_before_dncnn3_bench_allch_1h_20260501-095324.log	4966	0d55510657fc264751f92e8649b88bfcf7a9dcfbd8ee9b8c1af4caeaa6eddb72
/root/afonso/zephyr-u-mode/zephyr-emlearn-silicon-v2/erbium-amp-probe/dncnn3-pmc/run_pmc_before_dncnn3_bench_allch_1h_20260501-095833.log	4966	4cb85a13158390df6779866763a5b9a38c84fbbbeecda8db80d153012b7da5f6
/root/afonso/zephyr-u-mode/zephyr-emlearn-silicon-v2/erbium-amp-probe/dncnn3-pmc/run_pmc_before_dncnn3_bench_allch_2h_20260501-095331.log	4966	1d713ff0c83886d88767d3e45e3f863aac6e012f302e6dd147f3587baea50cab
/root/afonso/zephyr-u-mode/zephyr-emlearn-silicon-v2/erbium-amp-probe/dncnn3-pmc/run_pmc_before_dncnn3_bench_allch_2h_20260501-095840.log	4966	1b321962791ae8665ce75d58471ced0083f02d1ac80713d080e482d98af4cc71
/root/afonso/zephyr-u-mode/zephyr-emlearn-silicon-v2/erbium-amp-probe/dncnn3-pmc/run_pmc_before_dncnn3_bench_allch_4h_20260501-095336.log	4966	f233591d9969cce234a9b550d9f0e0b363016c5b53f232a9d1892ede124e6b44
/root/afonso/zephyr-u-mode/zephyr-emlearn-silicon-v2/erbium-amp-probe/dncnn3-pmc/run_pmc_before_dncnn3_bench_allch_4h_20260501-095845.log	4966	89e8e77d3f93b05dcdc62f0dee0d3dc6c770a083632eccad5c253639d263b8a9
/root/afonso/zephyr-u-mode/zephyr-emlearn-silicon-v2/erbium-amp-probe/dncnn3-pmc/run_pmc_before_dncnn3_bench_allch_8h_20260501-095339.log	4966	0784416505e2e35aa172b0e28125c0b892428c47a2ca10570ed0d90bb9717f71
/root/afonso/zephyr-u-mode/zephyr-emlearn-silicon-v2/erbium-amp-probe/dncnn3-pmc/run_pmc_before_dncnn3_bench_allch_8h_20260501-095848.log	4966	cc3ffe47b7031bf22ef00e3205c54a4a4dc3d31adaf0816c4bf297ebbc7ae3ce
/root/afonso/zephyr-u-mode/zephyr-emlearn-silicon-v2/erbium-amp-probe/dncnn3-pmc/run_pmc_before_dncnn3_bench_best_16h_20260501-095356.log	4965	fa2ca5fce0a83f9a067650d21a7c801f9d7d0b9d010f69415884b07675f99b38
/root/afonso/zephyr-u-mode/zephyr-emlearn-silicon-v2/erbium-amp-probe/dncnn3-pmc/run_pmc_before_dncnn3_bench_best_16h_20260501-095905.log	4966	da776dca997fef42362fa4e990bf46cdddea30d8da16d971aeea356d4c2264ff
/root/afonso/zephyr-u-mode/zephyr-emlearn-silicon-v2/erbium-amp-probe/dncnn3-pmc/run_pmc_before_dncnn3_bench_best_1h_20260501-095342.log	4965	90f3cbbdf6acf3cbca20f50b03f44f8461557b50dbfae87b9886f0bf17a4db40
/root/afonso/zephyr-u-mode/zephyr-emlearn-silicon-v2/erbium-amp-probe/dncnn3-pmc/run_pmc_before_dncnn3_bench_best_1h_20260501-095851.log	4965	704e4d77254c797f0e06870ce5fe452325411d3d4cd540c9f44d4979fc1b3e0a
/root/afonso/zephyr-u-mode/zephyr-emlearn-silicon-v2/erbium-amp-probe/dncnn3-pmc/run_pmc_before_dncnn3_bench_best_2h_20260501-095348.log	4965	4557e614c04022affb0830c0003adc8bf3e28389dbd20d5dcf11494dd1bec5de
/root/afonso/zephyr-u-mode/zephyr-emlearn-silicon-v2/erbium-amp-probe/dncnn3-pmc/run_pmc_before_dncnn3_bench_best_2h_20260501-095857.log	4965	4ec72fd348b12c44fa89610e519d7d7f996b24db435ea8ce784920975578d5c8
/root/afonso/zephyr-u-mode/zephyr-emlearn-silicon-v2/erbium-amp-probe/dncnn3-pmc/run_pmc_before_dncnn3_bench_best_4h_20260501-095352.log	4965	8ddb27176382c3ddd0c12693a8f9e6bd88089fc0bdafcc2c8d65c09d787af110
/root/afonso/zephyr-u-mode/zephyr-emlearn-silicon-v2/erbium-amp-probe/dncnn3-pmc/run_pmc_before_dncnn3_bench_best_4h_20260501-095901.log	4964	56167dc69aea5a943c2b14c23c3e375bc663aa5a25ea13746c27580ed0dcf9f1
/root/afonso/zephyr-u-mode/zephyr-emlearn-silicon-v2/erbium-amp-probe/dncnn3-pmc/run_pmc_before_dncnn3_bench_best_8h_20260501-095355.log	4965	dab6cba72fe618376e59360c125109a911956fbb7a1aa3b23939fb4873dc9ef2
/root/afonso/zephyr-u-mode/zephyr-emlearn-silicon-v2/erbium-amp-probe/dncnn3-pmc/run_pmc_before_dncnn3_bench_best_8h_20260501-095904.log	4965	fb45459fde0a9cba99839ea616ab21a4587dc35821d70f982df5f19c9d1721fc
/root/afonso/zephyr-u-mode/zephyr-emlearn-silicon-v2/erbium-amp-probe/dncnn3-pmc/run_pmc_before_dncnn3_bench_boundary_16h_20260501-100206.log	4969	abfa3156a8e1d982aeef629e354e497af08144a1651cee1c7f0f12b074443bf6
/root/afonso/zephyr-u-mode/zephyr-emlearn-silicon-v2/erbium-amp-probe/dncnn3-pmc/run_pmc_before_dncnn3_bench_boundary_1h_20260501-100151.log	4969	144791fcabbba77b7509924b2691ccb4e8d776a13e101ac33dc798cd91b664ad
/root/afonso/zephyr-u-mode/zephyr-emlearn-silicon-v2/erbium-amp-probe/dncnn3-pmc/run_pmc_before_dncnn3_bench_boundary_2h_20260501-100157.log	4969	cba2c9cadb6f9bbd1c5c45c7b23511d2a1fcf034f3daf4fdc746032ab13a7761
/root/afonso/zephyr-u-mode/zephyr-emlearn-silicon-v2/erbium-amp-probe/dncnn3-pmc/run_pmc_before_dncnn3_bench_boundary_4h_20260501-100201.log	4969	d2046fc8e5068d21021e707454dcca69cc227201a9f21ace90fe9094861e4689
/root/afonso/zephyr-u-mode/zephyr-emlearn-silicon-v2/erbium-amp-probe/dncnn3-pmc/run_pmc_before_dncnn3_bench_boundary_8h_20260501-100204.log	4969	2cf9472a29d2c45afc7213501daf40a75da26b515242651a51f90a1299ab8051
/root/afonso/zephyr-u-mode/zephyr-emlearn-silicon-v2/erbium-amp-probe/dncnn3-pmc/run_pmc_before_dncnn3_bench_interior_16h_20260501-095323.log	4970	75e749799adc1b713dbb894a6872cd43ac45366e248fbaf5c9d23232ba3d3d5d
/root/afonso/zephyr-u-mode/zephyr-emlearn-silicon-v2/erbium-amp-probe/dncnn3-pmc/run_pmc_before_dncnn3_bench_interior_16h_20260501-095832.log	4970	93151098ace46b32fbfade64993a477566c7fdb5fc6694d862a673d260c34dfa
/root/afonso/zephyr-u-mode/zephyr-emlearn-silicon-v2/erbium-amp-probe/dncnn3-pmc/run_pmc_before_dncnn3_bench_interior_1h_20260501-095309.log	4968	607676b4ac57b67ea660b2205d55abdc585d96c38df991c72b64643e29d28b58
/root/afonso/zephyr-u-mode/zephyr-emlearn-silicon-v2/erbium-amp-probe/dncnn3-pmc/run_pmc_before_dncnn3_bench_interior_1h_20260501-095818.log	4969	03da668444a854e60f5c54b567b887500b81f6ca913c2b428f8a549ba7f1b57b
/root/afonso/zephyr-u-mode/zephyr-emlearn-silicon-v2/erbium-amp-probe/dncnn3-pmc/run_pmc_before_dncnn3_bench_interior_2h_20260501-095314.log	4968	9b9f36b27b9d249468ffc466993695c2c33365feaaa0c0630d3e4ec87d59f27a
/root/afonso/zephyr-u-mode/zephyr-emlearn-silicon-v2/erbium-amp-probe/dncnn3-pmc/run_pmc_before_dncnn3_bench_interior_2h_20260501-095823.log	4969	52298cc5876ac3a17ba2af1f66cfa3cc446fd048131e3cf8f5bc6b4939543cb5
/root/afonso/zephyr-u-mode/zephyr-emlearn-silicon-v2/erbium-amp-probe/dncnn3-pmc/run_pmc_before_dncnn3_bench_interior_4h_20260501-095319.log	4969	ac08a163cb8d03887de8d68a93f5bfd4b8d93234a5ea1de0f12aeb086bdd0620
/root/afonso/zephyr-u-mode/zephyr-emlearn-silicon-v2/erbium-amp-probe/dncnn3-pmc/run_pmc_before_dncnn3_bench_interior_4h_20260501-095828.log	4969	375fb5b067493e992c4786e3a39178e00dccd6754be98cbc0453cb3c612bcfaa
/root/afonso/zephyr-u-mode/zephyr-emlearn-silicon-v2/erbium-amp-probe/dncnn3-pmc/run_pmc_before_dncnn3_bench_interior_8h_20260501-095321.log	4969	089b514de7378b0a76e0698750bb660da98ca3c2ca90e64921c3a20f406612ef
/root/afonso/zephyr-u-mode/zephyr-emlearn-silicon-v2/erbium-amp-probe/dncnn3-pmc/run_pmc_before_dncnn3_bench_interior_8h_20260501-095830.log	4969	0ae851eb569b213e775429efe24a46b010afb41fe97c2b855eb994e83ccee9e3
/root/afonso/zephyr-u-mode/zephyr-emlearn-silicon-v2/erbium-amp-probe/dncnn3-pmc/run_pmc_before_dncnn3_bench_nhwc_16h_20260501-095307.log	4966	c8af19aa53903b44069056b75fd8dd2824cbb7b984c553af3d5ece3ffbfb9066
/root/afonso/zephyr-u-mode/zephyr-emlearn-silicon-v2/erbium-amp-probe/dncnn3-pmc/run_pmc_before_dncnn3_bench_nhwc_16h_20260501-095816.log	4965	52449c15aff028edda2f9bb9bb5d6f5620aab0ee156968113942bf95b33a9af5
/root/afonso/zephyr-u-mode/zephyr-emlearn-silicon-v2/erbium-amp-probe/dncnn3-pmc/run_pmc_before_dncnn3_bench_nhwc_1h_20260501-095249.log	4965	d0af6a18de40376f63cf559089f8b9f27a2e9893c32e674243788e040813a607
/root/afonso/zephyr-u-mode/zephyr-emlearn-silicon-v2/erbium-amp-probe/dncnn3-pmc/run_pmc_before_dncnn3_bench_nhwc_1h_20260501-095757.log	4965	e4dd6445facea9a00b8dfef105376095c579cefbec8733d06539b17334374bb8
/root/afonso/zephyr-u-mode/zephyr-emlearn-silicon-v2/erbium-amp-probe/dncnn3-pmc/run_pmc_before_dncnn3_bench_nhwc_2h_20260501-095256.log	4965	b060e9a24f7adf86388aedef98bfb062d0c11d48268cf0491c5bc614063da8db
/root/afonso/zephyr-u-mode/zephyr-emlearn-silicon-v2/erbium-amp-probe/dncnn3-pmc/run_pmc_before_dncnn3_bench_nhwc_2h_20260501-095805.log	4964	2c29c5ad1827555000dc223a6a0df16cc149c85f739bef59a4c2e403db9f82b1
/root/afonso/zephyr-u-mode/zephyr-emlearn-silicon-v2/erbium-amp-probe/dncnn3-pmc/run_pmc_before_dncnn3_bench_nhwc_4h_20260501-095302.log	4965	abf5076b005a867908212903d2f0da14a27b3e3e52abad0539bf0c8ddeada3e4
/root/afonso/zephyr-u-mode/zephyr-emlearn-silicon-v2/erbium-amp-probe/dncnn3-pmc/run_pmc_before_dncnn3_bench_nhwc_4h_20260501-095811.log	4965	d2be6479f45860ee3cefedf58b887747b6f9eaafdb3adc85f0936c3dec4a6ed9
/root/afonso/zephyr-u-mode/zephyr-emlearn-silicon-v2/erbium-amp-probe/dncnn3-pmc/run_pmc_before_dncnn3_bench_nhwc_8h_20260501-095305.log	4965	7c13a8dc69d829616e2f144f60be0c58a682f2517880a10a5af145c577edb72a
/root/afonso/zephyr-u-mode/zephyr-emlearn-silicon-v2/erbium-amp-probe/dncnn3-pmc/run_pmc_before_dncnn3_bench_nhwc_8h_20260501-095814.log	4965	476ead4121a5d99b608bb0efa0827b9816f8f779b152b2d2476c266d5264d361
/root/afonso/zephyr-u-mode/zephyr-emlearn-silicon-v2/erbium-amp-probe/dncnn3-pmc/run_pmc_before_dncnn3_bench_noprebar_16h_20260501-095247.log	4970	96908bd78f0cf056595d06970578cbc08fd17be84dcdabfa8c6b736f1270fa00
/root/afonso/zephyr-u-mode/zephyr-emlearn-silicon-v2/erbium-amp-probe/dncnn3-pmc/run_pmc_before_dncnn3_bench_noprebar_16h_20260501-095756.log	4969	4ef8105a09f615f46ff4546c6b632e6bb74dad874f815c1b5971439af5ce6f02
/root/afonso/zephyr-u-mode/zephyr-emlearn-silicon-v2/erbium-amp-probe/dncnn3-pmc/run_pmc_before_dncnn3_bench_noprebar_1h_20260501-095223.log	4969	f40273410bcda0232c74df364f672ecc225445e4f955343f1aea760226d1b3d2
/root/afonso/zephyr-u-mode/zephyr-emlearn-silicon-v2/erbium-amp-probe/dncnn3-pmc/run_pmc_before_dncnn3_bench_noprebar_1h_20260501-095732.log	4969	f6075565b917e2ae1713c55d8087c92486858f1b2624a261bdc5bbbab7beff3e
/root/afonso/zephyr-u-mode/zephyr-emlearn-silicon-v2/erbium-amp-probe/dncnn3-pmc/run_pmc_before_dncnn3_bench_noprebar_2h_20260501-095234.log	4969	d8fc44c16e43a7109da7bd671b626703788a7f207544fb25f645f59e2733e4c6
/root/afonso/zephyr-u-mode/zephyr-emlearn-silicon-v2/erbium-amp-probe/dncnn3-pmc/run_pmc_before_dncnn3_bench_noprebar_2h_20260501-095743.log	4969	e628d434eb42242f95d382095bef462d81aa5eb0c30a51e69ff5a59805aba472
/root/afonso/zephyr-u-mode/zephyr-emlearn-silicon-v2/erbium-amp-probe/dncnn3-pmc/run_pmc_before_dncnn3_bench_noprebar_4h_20260501-095241.log	4968	ef03008ae9c792aa13ebbc563400cb20933ce7433fa899ee5c31ae857a9e9a56
/root/afonso/zephyr-u-mode/zephyr-emlearn-silicon-v2/erbium-amp-probe/dncnn3-pmc/run_pmc_before_dncnn3_bench_noprebar_4h_20260501-095749.log	4969	3a8dbf286858773a5ad8d2a293d5db1b66aa28e8d28b16fb3c7acff23f6195d2
/root/afonso/zephyr-u-mode/zephyr-emlearn-silicon-v2/erbium-amp-probe/dncnn3-pmc/run_pmc_before_dncnn3_bench_noprebar_8h_20260501-095245.log	4969	3ac3edc60802aaba0fe58a8cec55dee7dadd2b234b6291dfa6cbc58645e47d8d
/root/afonso/zephyr-u-mode/zephyr-emlearn-silicon-v2/erbium-amp-probe/dncnn3-pmc/run_pmc_before_dncnn3_bench_noprebar_8h_20260501-095753.log	4969	bc2980dff1d63cf1b068fb12e3cc86d5ed01490036d38e01f8ba51d97d23706c
/root/afonso/zephyr-u-mode/zephyr-emlearn-silicon-v2/erbium-amp-probe/dncnn3-pmc/run_pmc_before_dncnn3_bench_window_16h_20260501-095222.log	4968	e8ead22e17f6d049db34de8e7d85bb81c7d536996e3017d4b04f84db230ea1a1
/root/afonso/zephyr-u-mode/zephyr-emlearn-silicon-v2/erbium-amp-probe/dncnn3-pmc/run_pmc_before_dncnn3_bench_window_16h_20260501-095730.log	4968	0acb64f1c844e691220cb5e648afafac69e64e821004d3709f38eb1eebe9dbd3
/root/afonso/zephyr-u-mode/zephyr-emlearn-silicon-v2/erbium-amp-probe/dncnn3-pmc/run_pmc_before_dncnn3_bench_window_1h_20260501-095158.log	4966	b84359cc764dcc33d52f3418a66a7fe1e29d989883917268c81848965693a763
/root/afonso/zephyr-u-mode/zephyr-emlearn-silicon-v2/erbium-amp-probe/dncnn3-pmc/run_pmc_before_dncnn3_bench_window_1h_20260501-095706.log	4967	9a8c676d1469881eedb8d985d9ad50026367affe3b42f607254819ac48a66444
/root/afonso/zephyr-u-mode/zephyr-emlearn-silicon-v2/erbium-amp-probe/dncnn3-pmc/run_pmc_before_dncnn3_bench_window_2h_20260501-095209.log	4967	abc2a7021652f6cd0f9cd03a4343295b70233039ea8ef16f2f51e61cfaa57890
/root/afonso/zephyr-u-mode/zephyr-emlearn-silicon-v2/erbium-amp-probe/dncnn3-pmc/run_pmc_before_dncnn3_bench_window_2h_20260501-095717.log	4967	ee770b8b39740feefba0db57e1ad0f6ccdb5eec63fc73df0c9305116ec5a800f
/root/afonso/zephyr-u-mode/zephyr-emlearn-silicon-v2/erbium-amp-probe/dncnn3-pmc/run_pmc_before_dncnn3_bench_window_4h_20260501-095216.log	4967	69dadbd89eec037f5e1cfbcc24a4b78257b4e0f54606b83a6643f061f0b53f0c
/root/afonso/zephyr-u-mode/zephyr-emlearn-silicon-v2/erbium-amp-probe/dncnn3-pmc/run_pmc_before_dncnn3_bench_window_4h_20260501-095724.log	4966	f5ad61a27b38b6e5b50f41eb3cc42a7586095401fa604087df6c5bd56c513133
/root/afonso/zephyr-u-mode/zephyr-emlearn-silicon-v2/erbium-amp-probe/dncnn3-pmc/run_pmc_before_dncnn3_bench_window_8h_20260501-095219.log	4966	dce4ef9c4cebaa62577911629cd72222bc3e4d195200bc6f08898728f6c5e25e
/root/afonso/zephyr-u-mode/zephyr-emlearn-silicon-v2/erbium-amp-probe/dncnn3-pmc/run_pmc_before_dncnn3_bench_window_8h_20260501-095728.log	4967	66b4adacdcf5736efa09f637d74cb8aeddc0a6e9d3d9447104ec2ffa3e063d8c
/root/afonso/zephyr-u-mode/zephyr-emlearn-silicon-v2/erbium-amp-probe/dncnn3-pmc/run_pmc_dncnn_dncnn3_bench_16h_20260501-095155.log	5084	c1470fce49c953616932214c0a23c5cca70cc7b86cdb8b4c52705cf2ac43ccc4
/root/afonso/zephyr-u-mode/zephyr-emlearn-silicon-v2/erbium-amp-probe/dncnn3-pmc/run_pmc_dncnn_dncnn3_bench_16h_20260501-095700.log	5084	216ff6ec5937ec9a6688badfd621b599cba49f35d8e9d11c20c86efb4e08261e
/root/afonso/zephyr-u-mode/zephyr-emlearn-silicon-v2/erbium-amp-probe/dncnn3-pmc/run_pmc_dncnn_dncnn3_bench_1h_20260501-095046.log	5081	b51d1674ee9cdf84af7ef01f8126c7de9343de32362e7d6155e136328eb25dfb
/root/afonso/zephyr-u-mode/zephyr-emlearn-silicon-v2/erbium-amp-probe/dncnn3-pmc/run_pmc_dncnn_dncnn3_bench_1h_20260501-095522.log	5081	8682eba8f5b74ce4016cba84570f84bc1edb40ffcca6ef045438635ff2817e34
/root/afonso/zephyr-u-mode/zephyr-emlearn-silicon-v2/erbium-amp-probe/dncnn3-pmc/run_pmc_dncnn_dncnn3_bench_2h_20260501-095120.log	5082	3a70785b9de9ff422c14f22b144f690dd5e11e7f7eb3c4d2b4d7bec7fa150014
/root/afonso/zephyr-u-mode/zephyr-emlearn-silicon-v2/erbium-amp-probe/dncnn3-pmc/run_pmc_dncnn_dncnn3_bench_2h_20260501-095556.log	5082	21d11b23f88691c541e93e5ac95c76201d509e0baa55590068836a97aa521c92
/root/afonso/zephyr-u-mode/zephyr-emlearn-silicon-v2/erbium-amp-probe/dncnn3-pmc/run_pmc_dncnn_dncnn3_bench_4h_20260501-095139.log	5082	61000e72878b1d14aedf895386faa86017fe0af198c3686d0c9ebb9ef8163eb6
/root/afonso/zephyr-u-mode/zephyr-emlearn-silicon-v2/erbium-amp-probe/dncnn3-pmc/run_pmc_dncnn_dncnn3_bench_4h_20260501-095623.log	5082	005e640e6cd073e1162b9d950523ce75b12adc8bb744f82efa54cfcdc7a3ccfb
/root/afonso/zephyr-u-mode/zephyr-emlearn-silicon-v2/erbium-amp-probe/dncnn3-pmc/run_pmc_dncnn_dncnn3_bench_8h_20260501-095149.log	5082	607e89d751df0a7225581da9341cec52e20abe6bec005acdec5a0b6bbe59d958
/root/afonso/zephyr-u-mode/zephyr-emlearn-silicon-v2/erbium-amp-probe/dncnn3-pmc/run_pmc_dncnn_dncnn3_bench_8h_20260501-095644.log	5082	04677406be0fc06d1e09874b7ea0ee96430e7e4033014b97c658e84f532d699e
/root/afonso/zephyr-u-mode/zephyr-emlearn-silicon-v2/erbium-amp-probe/dncnn3-pmc/run_pmc_dncnn_dncnn3_bench_allch_16h_20260501-095341.log	5097	9bd675b7c036176871ceb1f9837035cd8dec0fd68827d6fc73637c8a0eb123c0
/root/afonso/zephyr-u-mode/zephyr-emlearn-silicon-v2/erbium-amp-probe/dncnn3-pmc/run_pmc_dncnn_dncnn3_bench_allch_16h_20260501-095850.log	5097	0c87d1ef2cfafcdfb373db23ea15f440702e94c2bc88b73d897d1ab67dbbecd6
/root/afonso/zephyr-u-mode/zephyr-emlearn-silicon-v2/erbium-amp-probe/dncnn3-pmc/run_pmc_dncnn_dncnn3_bench_allch_1h_20260501-095325.log	5094	3d89613061447036067b07543da86a37214ddda701a61816fb7ada81bda67f4f
/root/afonso/zephyr-u-mode/zephyr-emlearn-silicon-v2/erbium-amp-probe/dncnn3-pmc/run_pmc_dncnn_dncnn3_bench_allch_1h_20260501-095834.log	5094	67f3a902f6b26240efb36c62b8d2267f4a132c8d07cf19a290920ed9dfa11a0c
/root/afonso/zephyr-u-mode/zephyr-emlearn-silicon-v2/erbium-amp-probe/dncnn3-pmc/run_pmc_dncnn_dncnn3_bench_allch_2h_20260501-095331.log	5094	a09a0fc280791894ca9ac19b7ca634db0240a192adfc629ac4f6a995eb3cc52b
/root/afonso/zephyr-u-mode/zephyr-emlearn-silicon-v2/erbium-amp-probe/dncnn3-pmc/run_pmc_dncnn_dncnn3_bench_allch_2h_20260501-095840.log	5094	8b23d2265323cc8971d5706c2aedce89eaed358236de25c7357358e799b87907
/root/afonso/zephyr-u-mode/zephyr-emlearn-silicon-v2/erbium-amp-probe/dncnn3-pmc/run_pmc_dncnn_dncnn3_bench_allch_4h_20260501-095336.log	5094	4dcf1ed572eba4a88c19a072069fb1fd2c9597d127f424d71310e2c315b1dcd6
/root/afonso/zephyr-u-mode/zephyr-emlearn-silicon-v2/erbium-amp-probe/dncnn3-pmc/run_pmc_dncnn_dncnn3_bench_allch_4h_20260501-095845.log	5094	f2af047a5a51febc4cab6c647ed9e9789b6b91a886ee715c4901d575c96f4fcc
/root/afonso/zephyr-u-mode/zephyr-emlearn-silicon-v2/erbium-amp-probe/dncnn3-pmc/run_pmc_dncnn_dncnn3_bench_allch_8h_20260501-095339.log	5094	5acbf7638c9d8427bdef2b350e6eeb9a144e2fa4649d3febb8115d897d4d2c5b
/root/afonso/zephyr-u-mode/zephyr-emlearn-silicon-v2/erbium-amp-probe/dncnn3-pmc/run_pmc_dncnn_dncnn3_bench_allch_8h_20260501-095848.log	5094	ef4f657f636878d73dd6d82e8e23d02117df70131e503334a05511c7d886089f
/root/afonso/zephyr-u-mode/zephyr-emlearn-silicon-v2/erbium-amp-probe/dncnn3-pmc/run_pmc_dncnn_dncnn3_bench_best_16h_20260501-095357.log	5095	d9e03539b2835085b766d1b6c50a22447a3c578186655aaa9ec6b5d0f52e179e
/root/afonso/zephyr-u-mode/zephyr-emlearn-silicon-v2/erbium-amp-probe/dncnn3-pmc/run_pmc_dncnn_dncnn3_bench_best_16h_20260501-095906.log	5095	1d7ba9a6e8e84ee12121fcb20713812e36f2e8fd4dd1e2534d5cfa16c397a616
/root/afonso/zephyr-u-mode/zephyr-emlearn-silicon-v2/erbium-amp-probe/dncnn3-pmc/run_pmc_dncnn_dncnn3_bench_best_1h_20260501-095342.log	5092	1a9d1610296fb31028a33fd50d06ea95d1199346d7b7047ae23096fcdb1b7b6b
/root/afonso/zephyr-u-mode/zephyr-emlearn-silicon-v2/erbium-amp-probe/dncnn3-pmc/run_pmc_dncnn_dncnn3_bench_best_1h_20260501-095851.log	5091	2b8a81935068cfb87489a934d35ff9f9bb5defbd43fa15b4be6b056d0407b641
/root/afonso/zephyr-u-mode/zephyr-emlearn-silicon-v2/erbium-amp-probe/dncnn3-pmc/run_pmc_dncnn_dncnn3_bench_best_2h_20260501-095348.log	5092	bb380a3591fa6769bf7d9eeca8f2f0cc8a77ed3e92c550ae367bb1637715acca
/root/afonso/zephyr-u-mode/zephyr-emlearn-silicon-v2/erbium-amp-probe/dncnn3-pmc/run_pmc_dncnn_dncnn3_bench_best_2h_20260501-095857.log	5092	2d34f869f29f7a78bd67db15ae9e849c0de92593adc572e7700a1d873f4c2504
/root/afonso/zephyr-u-mode/zephyr-emlearn-silicon-v2/erbium-amp-probe/dncnn3-pmc/run_pmc_dncnn_dncnn3_bench_best_4h_20260501-095352.log	5092	404641b2585872b1253713d17c4b0ed9b6a7660d1a5ff96a5be8b19a1044b75e
/root/afonso/zephyr-u-mode/zephyr-emlearn-silicon-v2/erbium-amp-probe/dncnn3-pmc/run_pmc_dncnn_dncnn3_bench_best_4h_20260501-095901.log	5092	55882a6f5836d1f2b0e35b6c5f941647e2a8102bdc98568534ee58a00b6537de
/root/afonso/zephyr-u-mode/zephyr-emlearn-silicon-v2/erbium-amp-probe/dncnn3-pmc/run_pmc_dncnn_dncnn3_bench_best_8h_20260501-095355.log	5093	297a5cf63572de1b5975affba90bd4a201650572be50fb291ef63cb0f1c8009e
/root/afonso/zephyr-u-mode/zephyr-emlearn-silicon-v2/erbium-amp-probe/dncnn3-pmc/run_pmc_dncnn_dncnn3_bench_best_8h_20260501-095904.log	5093	4abb112d2fa8e4ba745f90f00ba7a9f3e9f5d0e11d4e655b891734569d16e1fa
/root/afonso/zephyr-u-mode/zephyr-emlearn-silicon-v2/erbium-amp-probe/dncnn3-pmc/run_pmc_dncnn_dncnn3_bench_boundary_16h_20260501-100206.log	5102	af9eaf3c6cd04028747cff42adf751475a0d7ef08c8afd94c171a7f1547b770b
/root/afonso/zephyr-u-mode/zephyr-emlearn-silicon-v2/erbium-amp-probe/dncnn3-pmc/run_pmc_dncnn_dncnn3_bench_boundary_1h_20260501-100151.log	5099	34b166279faff47e51616e1a38f3a2448b4f8d5d9169b3ecab016bed04f6c020
/root/afonso/zephyr-u-mode/zephyr-emlearn-silicon-v2/erbium-amp-probe/dncnn3-pmc/run_pmc_dncnn_dncnn3_bench_boundary_2h_20260501-100157.log	5099	7e9017ef0bf89a610e0986cfae94812cdbb68be69c90c16cc0d005ac0c0433d5
/root/afonso/zephyr-u-mode/zephyr-emlearn-silicon-v2/erbium-amp-probe/dncnn3-pmc/run_pmc_dncnn_dncnn3_bench_boundary_4h_20260501-100201.log	5099	86bcf2a0b94902cff06fda45b6cc5b4975dafb46ddc87895cf0dcafd052588f6
/root/afonso/zephyr-u-mode/zephyr-emlearn-silicon-v2/erbium-amp-probe/dncnn3-pmc/run_pmc_dncnn_dncnn3_bench_boundary_8h_20260501-100204.log	5100	96c69a70b15916f535baa6c5411494b40403b169803e37fd15dc5ae14068b795
/root/afonso/zephyr-u-mode/zephyr-emlearn-silicon-v2/erbium-amp-probe/dncnn3-pmc/run_pmc_dncnn_dncnn3_bench_interior_16h_20260501-095323.log	5103	ea99723c36c7bbe828f2d60f4058ff6940b6ed8e61592bcd391a6ba2a1165195
/root/afonso/zephyr-u-mode/zephyr-emlearn-silicon-v2/erbium-amp-probe/dncnn3-pmc/run_pmc_dncnn_dncnn3_bench_interior_16h_20260501-095832.log	5103	33fcceb1d15ca8e7dc6f57e07e7fbddef890491609cd2fb231b16e2971885ba4
/root/afonso/zephyr-u-mode/zephyr-emlearn-silicon-v2/erbium-amp-probe/dncnn3-pmc/run_pmc_dncnn_dncnn3_bench_interior_1h_20260501-095309.log	5100	c9c79b94864d21dd0e8e53065ac239cc0cb8956ffa7230bd949e63543febe508
/root/afonso/zephyr-u-mode/zephyr-emlearn-silicon-v2/erbium-amp-probe/dncnn3-pmc/run_pmc_dncnn_dncnn3_bench_interior_1h_20260501-095818.log	5099	4895ae846d7747f6bc543dc8881e40aebf5fee08ba3b162c7a324ff2bffd5697
/root/afonso/zephyr-u-mode/zephyr-emlearn-silicon-v2/erbium-amp-probe/dncnn3-pmc/run_pmc_dncnn_dncnn3_bench_interior_2h_20260501-095315.log	5100	bf617d9a3b065af2de49dbfbbc170c41a49e0d21a502f40c79ad71af9fccdaca
/root/afonso/zephyr-u-mode/zephyr-emlearn-silicon-v2/erbium-amp-probe/dncnn3-pmc/run_pmc_dncnn_dncnn3_bench_interior_2h_20260501-095824.log	5100	e758d4f458a99a5a3b090aae9880968b1d968aa858fc3133a9b1e21ea8b16e61
/root/afonso/zephyr-u-mode/zephyr-emlearn-silicon-v2/erbium-amp-probe/dncnn3-pmc/run_pmc_dncnn_dncnn3_bench_interior_4h_20260501-095319.log	5100	b18454f04b9ee4e0b8d0810a86b976c6421b5de7add315d15a63230a0984f6af
/root/afonso/zephyr-u-mode/zephyr-emlearn-silicon-v2/erbium-amp-probe/dncnn3-pmc/run_pmc_dncnn_dncnn3_bench_interior_4h_20260501-095828.log	5100	8ad6ba4ba24fd03a755fe43412ace59745af9177b0285a48af6c09019e76bb4c
/root/afonso/zephyr-u-mode/zephyr-emlearn-silicon-v2/erbium-amp-probe/dncnn3-pmc/run_pmc_dncnn_dncnn3_bench_interior_8h_20260501-095322.log	5101	d23e9f0caf9b0e8fc2475cc995502b4fdfd6de615673f2ccc19461137ea4f4f7
/root/afonso/zephyr-u-mode/zephyr-emlearn-silicon-v2/erbium-amp-probe/dncnn3-pmc/run_pmc_dncnn_dncnn3_bench_interior_8h_20260501-095831.log	5100	5a3bd5c3a481cdb6c95013f04d8bd677cf5ae4894ef1f26b02a2176e4b090513
/root/afonso/zephyr-u-mode/zephyr-emlearn-silicon-v2/erbium-amp-probe/dncnn3-pmc/run_pmc_dncnn_dncnn3_bench_nhwc_16h_20260501-095307.log	5095	18677864534a03a124d7c7123bbc54689e7871609b34bae00b351e67b8578523
/root/afonso/zephyr-u-mode/zephyr-emlearn-silicon-v2/erbium-amp-probe/dncnn3-pmc/run_pmc_dncnn_dncnn3_bench_nhwc_16h_20260501-095816.log	5094	838175ae7ac0c602eb3a78e9c6861129c96a1fdf45cbedd26921e5caf0795359
/root/afonso/zephyr-u-mode/zephyr-emlearn-silicon-v2/erbium-amp-probe/dncnn3-pmc/run_pmc_dncnn_dncnn3_bench_nhwc_1h_20260501-095249.log	5092	c6361b881ebb573703d54df939bb21e45b4c5de67a9b08902ec1a2033446d812
/root/afonso/zephyr-u-mode/zephyr-emlearn-silicon-v2/erbium-amp-probe/dncnn3-pmc/run_pmc_dncnn_dncnn3_bench_nhwc_1h_20260501-095758.log	5092	c2f6a8b2737801bd8e2f6526c58aafd350d40e97f3b9e3c541949617386e3c5c
/root/afonso/zephyr-u-mode/zephyr-emlearn-silicon-v2/erbium-amp-probe/dncnn3-pmc/run_pmc_dncnn_dncnn3_bench_nhwc_2h_20260501-095257.log	5092	db12523d7715860173094cb88e4df6942720206a478d8c8fb1ebf0864c3b9027
/root/afonso/zephyr-u-mode/zephyr-emlearn-silicon-v2/erbium-amp-probe/dncnn3-pmc/run_pmc_dncnn_dncnn3_bench_nhwc_2h_20260501-095805.log	5092	18d2f1f1004bbba2d837c6b3f1ab88535005f5e61eaaecaac90a6da1b273a94a
/root/afonso/zephyr-u-mode/zephyr-emlearn-silicon-v2/erbium-amp-probe/dncnn3-pmc/run_pmc_dncnn_dncnn3_bench_nhwc_4h_20260501-095302.log	5092	b93b336956c156bd757c09cd3b705e4702ec6a8cb9b4f26c72c5343359edf364
/root/afonso/zephyr-u-mode/zephyr-emlearn-silicon-v2/erbium-amp-probe/dncnn3-pmc/run_pmc_dncnn_dncnn3_bench_nhwc_4h_20260501-095811.log	5092	0a21a87e38d00324faf700640952c1434b215c74682f69238827b1b3b911721b
/root/afonso/zephyr-u-mode/zephyr-emlearn-silicon-v2/erbium-amp-probe/dncnn3-pmc/run_pmc_dncnn_dncnn3_bench_nhwc_8h_20260501-095305.log	5092	1d037fa8ebf310fb700418bda68d99e4bd017b801979c59978e9571b6d6a26d0
/root/afonso/zephyr-u-mode/zephyr-emlearn-silicon-v2/erbium-amp-probe/dncnn3-pmc/run_pmc_dncnn_dncnn3_bench_nhwc_8h_20260501-095814.log	5092	20867e7c2f40008bee876a0ab34824d4d71a0afdcf98af8057e712b7844e7799
/root/afonso/zephyr-u-mode/zephyr-emlearn-silicon-v2/erbium-amp-probe/dncnn3-pmc/run_pmc_dncnn_dncnn3_bench_noprebar_16h_20260501-095247.log	5102	2624b5fb38a85bfb043cab90a455692df43a5fa9841a59bccf8bc2805d8342a4
/root/afonso/zephyr-u-mode/zephyr-emlearn-silicon-v2/erbium-amp-probe/dncnn3-pmc/run_pmc_dncnn_dncnn3_bench_noprebar_16h_20260501-095756.log	5103	a67a68205fac37d8f5b6efaaab69fa3a20d3995f0ebfc728ddf90cf82d0a5244
/root/afonso/zephyr-u-mode/zephyr-emlearn-silicon-v2/erbium-amp-probe/dncnn3-pmc/run_pmc_dncnn_dncnn3_bench_noprebar_1h_20260501-095224.log	5100	b6c78cbb47b89b4dbc2c2c649c1c1e56ebffd30d8a7af43e2aa40e17bb976a3b
/root/afonso/zephyr-u-mode/zephyr-emlearn-silicon-v2/erbium-amp-probe/dncnn3-pmc/run_pmc_dncnn_dncnn3_bench_noprebar_1h_20260501-095732.log	5099	0d40f61b31babafd4a4bf2a341a116531cd8e42a889f2960829be25c9c5d85c0
/root/afonso/zephyr-u-mode/zephyr-emlearn-silicon-v2/erbium-amp-probe/dncnn3-pmc/run_pmc_dncnn_dncnn3_bench_noprebar_2h_20260501-095234.log	5100	9dc1c519892ace7f243110d6373738d79a9ace7230adec7e57012b5b2cbc8915
/root/afonso/zephyr-u-mode/zephyr-emlearn-silicon-v2/erbium-amp-probe/dncnn3-pmc/run_pmc_dncnn_dncnn3_bench_noprebar_2h_20260501-095743.log	5100	4856d0f259caa52fe25d3278f7d85aa2e17f3f76a3bb37d3d7981630ef1e06fa
/root/afonso/zephyr-u-mode/zephyr-emlearn-silicon-v2/erbium-amp-probe/dncnn3-pmc/run_pmc_dncnn_dncnn3_bench_noprebar_4h_20260501-095241.log	5099	6ad006363982fa0099bda672e10a16da643598c603036107a0bbfff01cdd8556
/root/afonso/zephyr-u-mode/zephyr-emlearn-silicon-v2/erbium-amp-probe/dncnn3-pmc/run_pmc_dncnn_dncnn3_bench_noprebar_4h_20260501-095750.log	5100	20fd992d2d65d5037213a9753a797e24d6d30740f49301c2051437bf5a249a81
/root/afonso/zephyr-u-mode/zephyr-emlearn-silicon-v2/erbium-amp-probe/dncnn3-pmc/run_pmc_dncnn_dncnn3_bench_noprebar_8h_20260501-095245.log	5100	e57fe4915efdb0531bd1db596b2d913b5ef5c9dd687152777eb385dde4c4c25c
/root/afonso/zephyr-u-mode/zephyr-emlearn-silicon-v2/erbium-amp-probe/dncnn3-pmc/run_pmc_dncnn_dncnn3_bench_noprebar_8h_20260501-095754.log	5100	b3c1b6b1a700b46848af499be5e3b2ef8d104c981326cea5b97c3083ef006180
/root/afonso/zephyr-u-mode/zephyr-emlearn-silicon-v2/erbium-amp-probe/dncnn3-pmc/run_pmc_dncnn_dncnn3_bench_window_16h_20260501-095222.log	5099	24eaaf7f96384b2ec282f216e3d8117e12bcb7f732653b50640d0a1b384e7357
/root/afonso/zephyr-u-mode/zephyr-emlearn-silicon-v2/erbium-amp-probe/dncnn3-pmc/run_pmc_dncnn_dncnn3_bench_window_16h_20260501-095731.log	5099	74d8dc90181c3cbde1450dec5a8c68005c7b5de6f6ea98f72bd791cd561e9fa2
/root/afonso/zephyr-u-mode/zephyr-emlearn-silicon-v2/erbium-amp-probe/dncnn3-pmc/run_pmc_dncnn_dncnn3_bench_window_1h_20260501-095158.log	5096	4aaf16be64e74c9065b004a6aa785f7a1e385cd957d847ab96e9330eaf797a16
/root/afonso/zephyr-u-mode/zephyr-emlearn-silicon-v2/erbium-amp-probe/dncnn3-pmc/run_pmc_dncnn_dncnn3_bench_window_1h_20260501-095707.log	5096	725cf8ad4caef7c583ff8d7e0cb28fc4737fec975bd6ecfe0d950e7801a7d2da
/root/afonso/zephyr-u-mode/zephyr-emlearn-silicon-v2/erbium-amp-probe/dncnn3-pmc/run_pmc_dncnn_dncnn3_bench_window_2h_20260501-095209.log	5096	4ed90c51859d14adc11d2fbccc78a003005628ceedd95a052708bf44e7c495ec
/root/afonso/zephyr-u-mode/zephyr-emlearn-silicon-v2/erbium-amp-probe/dncnn3-pmc/run_pmc_dncnn_dncnn3_bench_window_2h_20260501-095718.log	5096	44c806341be653b8ca14dabce4fb48f961005fa651e9994aa941a065c85fa820
/root/afonso/zephyr-u-mode/zephyr-emlearn-silicon-v2/erbium-amp-probe/dncnn3-pmc/run_pmc_dncnn_dncnn3_bench_window_4h_20260501-095216.log	5096	f6b3c004d9cbf71aa4616d41b500206068eefd1f22bdda4f561bba9130df12b7
/root/afonso/zephyr-u-mode/zephyr-emlearn-silicon-v2/erbium-amp-probe/dncnn3-pmc/run_pmc_dncnn_dncnn3_bench_window_4h_20260501-095724.log	5095	efdb88f87d201a51339ff9ed363a5a3ea471a366bd6fb12120f26983f8c101dc
/root/afonso/zephyr-u-mode/zephyr-emlearn-silicon-v2/erbium-amp-probe/dncnn3-pmc/run_pmc_dncnn_dncnn3_bench_window_8h_20260501-095220.log	5096	2875897d48f7504a673cef7f2c6e3f16564342424a3314055b9f01c707f1897c
/root/afonso/zephyr-u-mode/zephyr-emlearn-silicon-v2/erbium-amp-probe/dncnn3-pmc/run_pmc_dncnn_dncnn3_bench_window_8h_20260501-095728.log	5096	99324ee6215e6cc54a7f40aa28890a1020c784db46edcbbb0fd300b4083573f0
